ISO-10303-21;
HEADER;
/* Generated by software containing ST-Developer
 * from STEP Tools, Inc. (www.steptools.com) 
 */

FILE_DESCRIPTION(
/* description */ (''),
/* implementation_level */ '2;1');

FILE_NAME(
/* name */ 'hull_twisted.step',
/* time_stamp */ '2026-05-21T15:23:35+05:30',
/* author */ (''),
/* organization */ (''),
/* preprocessor_version */ 'ST-DEVELOPER v20.1',
/* originating_system */ 'Autodesk Translation Framework v15.8.0.0',
/* authorisation */ '');

FILE_SCHEMA (('AUTOMOTIVE_DESIGN { 1 0 10303 214 3 1 1 }'));
ENDSEC;

DATA;
#10=MECHANICAL_DESIGN_GEOMETRIC_PRESENTATION_REPRESENTATION('',(#13),#1900);
#11=SHAPE_REPRESENTATION_RELATIONSHIP('SRR','None',#1907,#12);
#12=ADVANCED_BREP_SHAPE_REPRESENTATION('',(#14),#1899);
#13=STYLED_ITEM('',(#1916),#14);
#14=MANIFOLD_SOLID_BREP('Body1',#883);
#15=FACE_BOUND('',#183,.T.);
#16=FACE_BOUND('',#197,.T.);
#17=FACE_BOUND('',#202,.T.);
#18=B_SPLINE_CURVE_WITH_KNOTS('',3,(#1339,#1340,#1341,#1342),
 .UNSPECIFIED.,.F.,.F.,(4,4),(3.47061222518952,3.88452994616207),
 .UNSPECIFIED.);
#19=B_SPLINE_CURVE_WITH_KNOTS('',3,(#1344,#1345,#1346,#1347),
 .UNSPECIFIED.,.F.,.F.,(4,4),(0.,0.413917720972553),.UNSPECIFIED.);
#20=B_SPLINE_CURVE_WITH_KNOTS('',3,(#1349,#1350,#1351,#1352,#1353,#1354,
#1355),.UNSPECIFIED.,.F.,.F.,(4,1,1,1,4),(0.,4.85714285714286,9.71428571428571,
14.5714285714286,17.),.UNSPECIFIED.);
#21=B_SPLINE_CURVE_WITH_KNOTS('',3,(#1358,#1359,#1360,#1361,#1362,#1363,
#1364),.UNSPECIFIED.,.F.,.F.,(4,1,1,1,4),(0.,4.85714285714286,9.71428571428571,
14.5714285714286,17.),.UNSPECIFIED.);
#22=B_SPLINE_CURVE_WITH_KNOTS('',3,(#1394,#1395,#1396,#1397),
 .UNSPECIFIED.,.F.,.F.,(4,4),(3.47061222518952,3.88452994616208),
 .UNSPECIFIED.);
#23=B_SPLINE_CURVE_WITH_KNOTS('',3,(#1399,#1400,#1401,#1402),
 .UNSPECIFIED.,.F.,.F.,(4,4),(0.,0.413917720972555),.UNSPECIFIED.);
#24=B_SPLINE_CURVE_WITH_KNOTS('',3,(#1405,#1406,#1407,#1408,#1409,#1410,
#1411),.UNSPECIFIED.,.F.,.F.,(4,1,1,1,4),(0.,4.85714285714286,9.71428571428571,
14.5714285714286,17.),.UNSPECIFIED.);
#25=B_SPLINE_CURVE_WITH_KNOTS('',3,(#1441,#1442,#1443,#1444),
 .UNSPECIFIED.,.F.,.F.,(4,4),(3.47061222518952,3.88452994616207),
 .UNSPECIFIED.);
#26=B_SPLINE_CURVE_WITH_KNOTS('',3,(#1445,#1446,#1447,#1448),
 .UNSPECIFIED.,.F.,.F.,(4,4),(0.,0.413917720972552),.UNSPECIFIED.);
#27=B_SPLINE_CURVE_WITH_KNOTS('',3,(#1451,#1452,#1453,#1454,#1455,#1456,
#1457),.UNSPECIFIED.,.F.,.F.,(4,1,1,1,4),(0.,4.85714285714286,9.71428571428571,
14.5714285714286,17.),.UNSPECIFIED.);
#28=B_SPLINE_CURVE_WITH_KNOTS('',3,(#1487,#1488,#1489,#1490),
 .UNSPECIFIED.,.F.,.F.,(4,4),(3.47061222518952,3.88452994616208),
 .UNSPECIFIED.);
#29=B_SPLINE_CURVE_WITH_KNOTS('',3,(#1491,#1492,#1493,#1494),
 .UNSPECIFIED.,.F.,.F.,(4,4),(0.,0.413917720972554),.UNSPECIFIED.);
#30=B_SPLINE_CURVE_WITH_KNOTS('',3,(#1497,#1498,#1499,#1500,#1501,#1502,
#1503),.UNSPECIFIED.,.F.,.F.,(4,1,1,1,4),(0.,4.85714285714286,9.71428571428571,
14.5714285714286,17.),.UNSPECIFIED.);
#31=B_SPLINE_CURVE_WITH_KNOTS('',3,(#1533,#1534,#1535,#1536),
 .UNSPECIFIED.,.F.,.F.,(4,4),(3.47061222518952,3.88452994616207),
 .UNSPECIFIED.);
#32=B_SPLINE_CURVE_WITH_KNOTS('',3,(#1537,#1538,#1539,#1540),
 .UNSPECIFIED.,.F.,.F.,(4,4),(0.,0.413917720972555),.UNSPECIFIED.);
#33=B_SPLINE_CURVE_WITH_KNOTS('',3,(#1543,#1544,#1545,#1546,#1547,#1548,
#1549),.UNSPECIFIED.,.F.,.F.,(4,1,1,1,4),(0.,4.85714285714286,9.71428571428571,
14.5714285714286,17.),.UNSPECIFIED.);
#34=B_SPLINE_CURVE_WITH_KNOTS('',3,(#1578,#1579,#1580,#1581),
 .UNSPECIFIED.,.F.,.F.,(4,4),(3.47061222518952,3.88452994616207),
 .UNSPECIFIED.);
#35=B_SPLINE_CURVE_WITH_KNOTS('',3,(#1582,#1583,#1584,#1585),
 .UNSPECIFIED.,.F.,.F.,(4,4),(0.,0.413917720972553),.UNSPECIFIED.);
#36=B_SPLINE_CURVE_WITH_KNOTS('',3,(#1616,#1617,#1618,#1619),
 .UNSPECIFIED.,.F.,.F.,(4,4),(-0.714299801664478,0.),.UNSPECIFIED.);
#37=B_SPLINE_CURVE_WITH_KNOTS('',3,(#1621,#1622,#1623,#1624),
 .UNSPECIFIED.,.F.,.F.,(4,4),(-4.,-3.28570019833552),.UNSPECIFIED.);
#38=B_SPLINE_CURVE_WITH_KNOTS('',3,(#1626,#1627,#1628,#1629,#1630,#1631,
#1632),.UNSPECIFIED.,.F.,.F.,(4,1,1,1,4),(0.,4.85714285714286,9.71428571428571,
14.5714285714286,17.),.UNSPECIFIED.);
#39=B_SPLINE_CURVE_WITH_KNOTS('',3,(#1635,#1636,#1637,#1638,#1639,#1640,
#1641),.UNSPECIFIED.,.F.,.F.,(4,1,1,1,4),(0.,4.85714285714286,9.71428571428571,
14.5714285714286,17.),.UNSPECIFIED.);
#40=B_SPLINE_CURVE_WITH_KNOTS('',3,(#1671,#1672,#1673,#1674),
 .UNSPECIFIED.,.F.,.F.,(4,4),(-0.714299801664478,0.),.UNSPECIFIED.);
#41=B_SPLINE_CURVE_WITH_KNOTS('',3,(#1675,#1676,#1677,#1678),
 .UNSPECIFIED.,.F.,.F.,(4,4),(-4.,-3.28570019833552),.UNSPECIFIED.);
#42=B_SPLINE_CURVE_WITH_KNOTS('',3,(#1681,#1682,#1683,#1684,#1685,#1686,
#1687),.UNSPECIFIED.,.F.,.F.,(4,1,1,1,4),(0.,4.85714285714286,9.71428571428571,
14.5714285714286,17.),.UNSPECIFIED.);
#43=B_SPLINE_CURVE_WITH_KNOTS('',3,(#1717,#1718,#1719,#1720),
 .UNSPECIFIED.,.F.,.F.,(4,4),(-0.714299801664477,0.),.UNSPECIFIED.);
#44=B_SPLINE_CURVE_WITH_KNOTS('',3,(#1721,#1722,#1723,#1724),
 .UNSPECIFIED.,.F.,.F.,(4,4),(-4.,-3.28570019833552),.UNSPECIFIED.);
#45=B_SPLINE_CURVE_WITH_KNOTS('',3,(#1727,#1728,#1729,#1730,#1731,#1732,
#1733),.UNSPECIFIED.,.F.,.F.,(4,1,1,1,4),(0.,4.85714285714286,9.71428571428571,
14.5714285714286,17.),.UNSPECIFIED.);
#46=B_SPLINE_CURVE_WITH_KNOTS('',3,(#1763,#1764,#1765,#1766),
 .UNSPECIFIED.,.F.,.F.,(4,4),(-0.714299801664478,0.),.UNSPECIFIED.);
#47=B_SPLINE_CURVE_WITH_KNOTS('',3,(#1767,#1768,#1769,#1770),
 .UNSPECIFIED.,.F.,.F.,(4,4),(-4.,-3.28570019833552),.UNSPECIFIED.);
#48=B_SPLINE_CURVE_WITH_KNOTS('',3,(#1773,#1774,#1775,#1776,#1777,#1778,
#1779),.UNSPECIFIED.,.F.,.F.,(4,1,1,1,4),(0.,4.85714285714286,9.71428571428571,
14.5714285714286,17.),.UNSPECIFIED.);
#49=B_SPLINE_CURVE_WITH_KNOTS('',3,(#1809,#1810,#1811,#1812),
 .UNSPECIFIED.,.F.,.F.,(4,4),(-0.714299801664478,0.),.UNSPECIFIED.);
#50=B_SPLINE_CURVE_WITH_KNOTS('',3,(#1813,#1814,#1815,#1816),
 .UNSPECIFIED.,.F.,.F.,(4,4),(-4.,-3.28570019833552),.UNSPECIFIED.);
#51=B_SPLINE_CURVE_WITH_KNOTS('',3,(#1819,#1820,#1821,#1822,#1823,#1824,
#1825),.UNSPECIFIED.,.F.,.F.,(4,1,1,1,4),(0.,4.85714285714286,9.71428571428571,
14.5714285714286,17.),.UNSPECIFIED.);
#52=B_SPLINE_CURVE_WITH_KNOTS('',3,(#1854,#1855,#1856,#1857),
 .UNSPECIFIED.,.F.,.F.,(4,4),(-0.714299801664477,0.),.UNSPECIFIED.);
#53=B_SPLINE_CURVE_WITH_KNOTS('',3,(#1860,#1861,#1862,#1863),
 .UNSPECIFIED.,.F.,.F.,(4,4),(-4.,-3.28570019833552),.UNSPECIFIED.);
#54=B_SPLINE_SURFACE_WITH_KNOTS('',3,3,((#1310,#1311,#1312,#1313,#1314,
#1315,#1316),(#1317,#1318,#1319,#1320,#1321,#1322,#1323),(#1324,#1325,#1326,
#1327,#1328,#1329,#1330),(#1331,#1332,#1333,#1334,#1335,#1336,#1337)),
 .UNSPECIFIED.,.F.,.F.,.F.,(4,4),(4,1,1,1,4),(-3.88452994616207,0.),(0.,
4.85714285714286,9.71428571428571,14.5714285714286,17.),.UNSPECIFIED.);
#55=B_SPLINE_SURFACE_WITH_KNOTS('',3,3,((#1365,#1366,#1367,#1368,#1369,
#1370,#1371),(#1372,#1373,#1374,#1375,#1376,#1377,#1378),(#1379,#1380,#1381,
#1382,#1383,#1384,#1385),(#1386,#1387,#1388,#1389,#1390,#1391,#1392)),
 .UNSPECIFIED.,.F.,.F.,.F.,(4,4),(4,1,1,1,4),(-3.88452994616208,0.),(0.,
4.85714285714286,9.71428571428571,14.5714285714286,17.),.UNSPECIFIED.);
#56=B_SPLINE_SURFACE_WITH_KNOTS('',3,3,((#1412,#1413,#1414,#1415,#1416,
#1417,#1418),(#1419,#1420,#1421,#1422,#1423,#1424,#1425),(#1426,#1427,#1428,
#1429,#1430,#1431,#1432),(#1433,#1434,#1435,#1436,#1437,#1438,#1439)),
 .UNSPECIFIED.,.F.,.F.,.F.,(4,4),(4,1,1,1,4),(-3.88452994616207,0.),(0.,
4.85714285714286,9.71428571428571,14.5714285714286,17.),.UNSPECIFIED.);
#57=B_SPLINE_SURFACE_WITH_KNOTS('',3,3,((#1458,#1459,#1460,#1461,#1462,
#1463,#1464),(#1465,#1466,#1467,#1468,#1469,#1470,#1471),(#1472,#1473,#1474,
#1475,#1476,#1477,#1478),(#1479,#1480,#1481,#1482,#1483,#1484,#1485)),
 .UNSPECIFIED.,.F.,.F.,.F.,(4,4),(4,1,1,1,4),(-3.88452994616208,0.),(0.,
4.85714285714286,9.71428571428571,14.5714285714286,17.),.UNSPECIFIED.);
#58=B_SPLINE_SURFACE_WITH_KNOTS('',3,3,((#1504,#1505,#1506,#1507,#1508,
#1509,#1510),(#1511,#1512,#1513,#1514,#1515,#1516,#1517),(#1518,#1519,#1520,
#1521,#1522,#1523,#1524),(#1525,#1526,#1527,#1528,#1529,#1530,#1531)),
 .UNSPECIFIED.,.F.,.F.,.F.,(4,4),(4,1,1,1,4),(-3.88452994616207,0.),(0.,
4.85714285714286,9.71428571428571,14.5714285714286,17.),.UNSPECIFIED.);
#59=B_SPLINE_SURFACE_WITH_KNOTS('',3,3,((#1550,#1551,#1552,#1553,#1554,
#1555,#1556),(#1557,#1558,#1559,#1560,#1561,#1562,#1563),(#1564,#1565,#1566,
#1567,#1568,#1569,#1570),(#1571,#1572,#1573,#1574,#1575,#1576,#1577)),
 .UNSPECIFIED.,.F.,.F.,.F.,(4,4),(4,1,1,1,4),(-3.88452994616207,0.),(0.,
4.85714285714286,9.71428571428571,14.5714285714286,17.),.UNSPECIFIED.);
#60=B_SPLINE_SURFACE_WITH_KNOTS('',3,3,((#1587,#1588,#1589,#1590,#1591,
#1592,#1593),(#1594,#1595,#1596,#1597,#1598,#1599,#1600),(#1601,#1602,#1603,
#1604,#1605,#1606,#1607),(#1608,#1609,#1610,#1611,#1612,#1613,#1614)),
 .UNSPECIFIED.,.F.,.F.,.F.,(4,4),(4,1,1,1,4),(0.,4.),(0.,4.85714285714286,
9.71428571428571,14.5714285714286,17.),.UNSPECIFIED.);
#61=B_SPLINE_SURFACE_WITH_KNOTS('',3,3,((#1642,#1643,#1644,#1645,#1646,
#1647,#1648),(#1649,#1650,#1651,#1652,#1653,#1654,#1655),(#1656,#1657,#1658,
#1659,#1660,#1661,#1662),(#1663,#1664,#1665,#1666,#1667,#1668,#1669)),
 .UNSPECIFIED.,.F.,.F.,.F.,(4,4),(4,1,1,1,4),(0.,4.),(0.,4.85714285714286,
9.71428571428571,14.5714285714286,17.),.UNSPECIFIED.);
#62=B_SPLINE_SURFACE_WITH_KNOTS('',3,3,((#1688,#1689,#1690,#1691,#1692,
#1693,#1694),(#1695,#1696,#1697,#1698,#1699,#1700,#1701),(#1702,#1703,#1704,
#1705,#1706,#1707,#1708),(#1709,#1710,#1711,#1712,#1713,#1714,#1715)),
 .UNSPECIFIED.,.F.,.F.,.F.,(4,4),(4,1,1,1,4),(0.,4.),(0.,4.85714285714286,
9.71428571428571,14.5714285714286,17.),.UNSPECIFIED.);
#63=B_SPLINE_SURFACE_WITH_KNOTS('',3,3,((#1734,#1735,#1736,#1737,#1738,
#1739,#1740),(#1741,#1742,#1743,#1744,#1745,#1746,#1747),(#1748,#1749,#1750,
#1751,#1752,#1753,#1754),(#1755,#1756,#1757,#1758,#1759,#1760,#1761)),
 .UNSPECIFIED.,.F.,.F.,.F.,(4,4),(4,1,1,1,4),(0.,4.),(0.,4.85714285714286,
9.71428571428571,14.5714285714286,17.),.UNSPECIFIED.);
#64=B_SPLINE_SURFACE_WITH_KNOTS('',3,3,((#1780,#1781,#1782,#1783,#1784,
#1785,#1786),(#1787,#1788,#1789,#1790,#1791,#1792,#1793),(#1794,#1795,#1796,
#1797,#1798,#1799,#1800),(#1801,#1802,#1803,#1804,#1805,#1806,#1807)),
 .UNSPECIFIED.,.F.,.F.,.F.,(4,4),(4,1,1,1,4),(0.,4.),(0.,4.85714285714286,
9.71428571428571,14.5714285714286,17.),.UNSPECIFIED.);
#65=B_SPLINE_SURFACE_WITH_KNOTS('',3,3,((#1826,#1827,#1828,#1829,#1830,
#1831,#1832),(#1833,#1834,#1835,#1836,#1837,#1838,#1839),(#1840,#1841,#1842,
#1843,#1844,#1845,#1846),(#1847,#1848,#1849,#1850,#1851,#1852,#1853)),
 .UNSPECIFIED.,.F.,.F.,.F.,(4,4),(4,1,1,1,4),(0.,4.),(0.,4.85714285714286,
9.71428571428571,14.5714285714286,17.),.UNSPECIFIED.);
#66=CYLINDRICAL_SURFACE('',#915,36.95);
#67=CYLINDRICAL_SURFACE('',#963,40.);
#68=CYLINDRICAL_SURFACE('',#965,38.75);
#69=CIRCLE('',#899,36.95);
#70=CIRCLE('',#902,36.95);
#71=CIRCLE('',#905,36.95);
#72=CIRCLE('',#908,36.95);
#73=CIRCLE('',#911,36.95);
#74=CIRCLE('',#914,36.95);
#75=CIRCLE('',#916,36.95);
#76=CIRCLE('',#917,36.95);
#77=CIRCLE('',#918,36.95);
#78=CIRCLE('',#919,36.95);
#79=CIRCLE('',#920,36.95);
#80=CIRCLE('',#921,36.95);
#81=CIRCLE('',#922,36.95);
#82=CIRCLE('',#923,36.95);
#83=CIRCLE('',#924,36.95);
#84=CIRCLE('',#925,36.95);
#85=CIRCLE('',#926,36.95);
#86=CIRCLE('',#927,36.95);
#87=CIRCLE('',#928,36.95);
#88=CIRCLE('',#929,36.95);
#89=CIRCLE('',#930,36.95);
#90=CIRCLE('',#931,36.95);
#91=CIRCLE('',#932,36.95);
#92=CIRCLE('',#933,36.95);
#93=CIRCLE('',#934,36.95);
#94=CIRCLE('',#935,36.95);
#95=CIRCLE('',#945,40.);
#96=CIRCLE('',#948,40.);
#97=CIRCLE('',#951,40.);
#98=CIRCLE('',#954,40.);
#99=CIRCLE('',#957,40.);
#100=CIRCLE('',#959,40.);
#101=CIRCLE('',#961,40.);
#102=CIRCLE('',#962,38.75);
#103=CIRCLE('',#966,38.75);
#104=FACE_OUTER_BOUND('',#152,.T.);
#105=FACE_OUTER_BOUND('',#153,.T.);
#106=FACE_OUTER_BOUND('',#154,.T.);
#107=FACE_OUTER_BOUND('',#155,.T.);
#108=FACE_OUTER_BOUND('',#156,.T.);
#109=FACE_OUTER_BOUND('',#157,.T.);
#110=FACE_OUTER_BOUND('',#158,.T.);
#111=FACE_OUTER_BOUND('',#159,.T.);
#112=FACE_OUTER_BOUND('',#160,.T.);
#113=FACE_OUTER_BOUND('',#161,.T.);
#114=FACE_OUTER_BOUND('',#162,.T.);
#115=FACE_OUTER_BOUND('',#163,.T.);
#116=FACE_OUTER_BOUND('',#164,.T.);
#117=FACE_OUTER_BOUND('',#165,.T.);
#118=FACE_OUTER_BOUND('',#166,.T.);
#119=FACE_OUTER_BOUND('',#167,.T.);
#120=FACE_OUTER_BOUND('',#168,.T.);
#121=FACE_OUTER_BOUND('',#169,.T.);
#122=FACE_OUTER_BOUND('',#170,.T.);
#123=FACE_OUTER_BOUND('',#171,.T.);
#124=FACE_OUTER_BOUND('',#172,.T.);
#125=FACE_OUTER_BOUND('',#173,.T.);
#126=FACE_OUTER_BOUND('',#174,.T.);
#127=FACE_OUTER_BOUND('',#175,.T.);
#128=FACE_OUTER_BOUND('',#176,.T.);
#129=FACE_OUTER_BOUND('',#177,.T.);
#130=FACE_OUTER_BOUND('',#178,.T.);
#131=FACE_OUTER_BOUND('',#179,.T.);
#132=FACE_OUTER_BOUND('',#180,.T.);
#133=FACE_OUTER_BOUND('',#181,.T.);
#134=FACE_OUTER_BOUND('',#182,.T.);
#135=FACE_OUTER_BOUND('',#184,.T.);
#136=FACE_OUTER_BOUND('',#185,.T.);
#137=FACE_OUTER_BOUND('',#186,.T.);
#138=FACE_OUTER_BOUND('',#187,.T.);
#139=FACE_OUTER_BOUND('',#188,.T.);
#140=FACE_OUTER_BOUND('',#189,.T.);
#141=FACE_OUTER_BOUND('',#190,.T.);
#142=FACE_OUTER_BOUND('',#191,.T.);
#143=FACE_OUTER_BOUND('',#192,.T.);
#144=FACE_OUTER_BOUND('',#193,.T.);
#145=FACE_OUTER_BOUND('',#194,.T.);
#146=FACE_OUTER_BOUND('',#195,.T.);
#147=FACE_OUTER_BOUND('',#196,.T.);
#148=FACE_OUTER_BOUND('',#198,.T.);
#149=FACE_OUTER_BOUND('',#199,.T.);
#150=FACE_OUTER_BOUND('',#200,.T.);
#151=FACE_OUTER_BOUND('',#201,.T.);
#152=EDGE_LOOP('',(#534,#535,#536,#537,#538));
#153=EDGE_LOOP('',(#539,#540));
#154=EDGE_LOOP('',(#541,#542,#543,#544,#545));
#155=EDGE_LOOP('',(#546,#547));
#156=EDGE_LOOP('',(#548,#549,#550,#551,#552));
#157=EDGE_LOOP('',(#553,#554));
#158=EDGE_LOOP('',(#555,#556,#557,#558,#559));
#159=EDGE_LOOP('',(#560,#561));
#160=EDGE_LOOP('',(#562,#563,#564,#565,#566));
#161=EDGE_LOOP('',(#567,#568));
#162=EDGE_LOOP('',(#569,#570,#571,#572,#573));
#163=EDGE_LOOP('',(#574,#575));
#164=EDGE_LOOP('',(#576,#577,#578,#579,#580,#581,#582,#583,#584,#585,#586,
#587,#588,#589,#590,#591,#592,#593,#594,#595,#596,#597,#598,#599,#600,#601,
#602,#603,#604,#605,#606,#607,#608,#609,#610,#611,#612,#613,#614,#615));
#165=EDGE_LOOP('',(#616,#617,#618,#619,#620));
#166=EDGE_LOOP('',(#621,#622,#623,#624,#625));
#167=EDGE_LOOP('',(#626,#627,#628,#629,#630));
#168=EDGE_LOOP('',(#631,#632,#633,#634,#635));
#169=EDGE_LOOP('',(#636,#637,#638,#639,#640));
#170=EDGE_LOOP('',(#641,#642,#643,#644,#645,#646));
#171=EDGE_LOOP('',(#647,#648,#649,#650,#651,#652));
#172=EDGE_LOOP('',(#653,#654,#655,#656,#657,#658));
#173=EDGE_LOOP('',(#659,#660,#661,#662,#663,#664));
#174=EDGE_LOOP('',(#665,#666,#667,#668,#669,#670));
#175=EDGE_LOOP('',(#671,#672,#673,#674,#675,#676));
#176=EDGE_LOOP('',(#677,#678,#679,#680,#681,#682,#683));
#177=EDGE_LOOP('',(#684,#685,#686,#687,#688,#689,#690));
#178=EDGE_LOOP('',(#691,#692,#693,#694,#695,#696,#697));
#179=EDGE_LOOP('',(#698,#699,#700,#701,#702,#703,#704));
#180=EDGE_LOOP('',(#705,#706,#707,#708,#709,#710,#711));
#181=EDGE_LOOP('',(#712,#713,#714,#715,#716,#717,#718));
#182=EDGE_LOOP('',(#719,#720,#721,#722,#723,#724));
#183=EDGE_LOOP('',(#725,#726,#727,#728,#729,#730));
#184=EDGE_LOOP('',(#731,#732,#733,#734,#735));
#185=EDGE_LOOP('',(#736,#737,#738));
#186=EDGE_LOOP('',(#739,#740,#741,#742,#743));
#187=EDGE_LOOP('',(#744,#745,#746));
#188=EDGE_LOOP('',(#747,#748,#749,#750,#751));
#189=EDGE_LOOP('',(#752,#753,#754));
#190=EDGE_LOOP('',(#755,#756,#757,#758,#759));
#191=EDGE_LOOP('',(#760,#761,#762));
#192=EDGE_LOOP('',(#763,#764,#765,#766,#767));
#193=EDGE_LOOP('',(#768,#769,#770,#771));
#194=EDGE_LOOP('',(#772,#773,#774,#775,#776));
#195=EDGE_LOOP('',(#777,#778,#779,#780,#781));
#196=EDGE_LOOP('',(#782));
#197=EDGE_LOOP('',(#783));
#198=EDGE_LOOP('',(#784,#785,#786,#787,#788,#789,#790,#791,#792));
#199=EDGE_LOOP('',(#793,#794,#795));
#200=EDGE_LOOP('',(#796,#797,#798,#799));
#201=EDGE_LOOP('',(#800));
#202=EDGE_LOOP('',(#801));
#203=LINE('',#1179,#266);
#204=LINE('',#1181,#267);
#205=LINE('',#1183,#268);
#206=LINE('',#1185,#269);
#207=LINE('',#1186,#270);
#208=LINE('',#1192,#271);
#209=LINE('',#1194,#272);
#210=LINE('',#1196,#273);
#211=LINE('',#1198,#274);
#212=LINE('',#1199,#275);
#213=LINE('',#1205,#276);
#214=LINE('',#1207,#277);
#215=LINE('',#1209,#278);
#216=LINE('',#1211,#279);
#217=LINE('',#1212,#280);
#218=LINE('',#1218,#281);
#219=LINE('',#1220,#282);
#220=LINE('',#1222,#283);
#221=LINE('',#1224,#284);
#222=LINE('',#1225,#285);
#223=LINE('',#1231,#286);
#224=LINE('',#1233,#287);
#225=LINE('',#1235,#288);
#226=LINE('',#1237,#289);
#227=LINE('',#1238,#290);
#228=LINE('',#1244,#291);
#229=LINE('',#1246,#292);
#230=LINE('',#1248,#293);
#231=LINE('',#1250,#294);
#232=LINE('',#1251,#295);
#233=LINE('',#1275,#296);
#234=LINE('',#1291,#297);
#235=LINE('',#1292,#298);
#236=LINE('',#1293,#299);
#237=LINE('',#1295,#300);
#238=LINE('',#1296,#301);
#239=LINE('',#1297,#302);
#240=LINE('',#1299,#303);
#241=LINE('',#1300,#304);
#242=LINE('',#1301,#305);
#243=LINE('',#1303,#306);
#244=LINE('',#1304,#307);
#245=LINE('',#1305,#308);
#246=LINE('',#1307,#309);
#247=LINE('',#1308,#310);
#248=LINE('',#1309,#311);
#249=LINE('',#1357,#312);
#250=LINE('',#1398,#313);
#251=LINE('',#1404,#314);
#252=LINE('',#1450,#315);
#253=LINE('',#1496,#316);
#254=LINE('',#1542,#317);
#255=LINE('',#1586,#318);
#256=LINE('',#1634,#319);
#257=LINE('',#1680,#320);
#258=LINE('',#1726,#321);
#259=LINE('',#1772,#322);
#260=LINE('',#1818,#323);
#261=LINE('',#1858,#324);
#262=LINE('',#1859,#325);
#263=LINE('',#1864,#326);
#264=LINE('',#1890,#327);
#265=LINE('',#1894,#328);
#266=VECTOR('',#972,10.);
#267=VECTOR('',#973,10.);
#268=VECTOR('',#974,10.);
#269=VECTOR('',#975,10.);
#270=VECTOR('',#976,10.);
#271=VECTOR('',#983,10.);
#272=VECTOR('',#984,10.);
#273=VECTOR('',#985,10.);
#274=VECTOR('',#986,10.);
#275=VECTOR('',#987,10.);
#276=VECTOR('',#994,10.);
#277=VECTOR('',#995,10.);
#278=VECTOR('',#996,10.);
#279=VECTOR('',#997,10.);
#280=VECTOR('',#998,10.);
#281=VECTOR('',#1005,10.);
#282=VECTOR('',#1006,10.);
#283=VECTOR('',#1007,10.);
#284=VECTOR('',#1008,10.);
#285=VECTOR('',#1009,10.);
#286=VECTOR('',#1016,10.);
#287=VECTOR('',#1017,10.);
#288=VECTOR('',#1018,10.);
#289=VECTOR('',#1019,10.);
#290=VECTOR('',#1020,10.);
#291=VECTOR('',#1027,10.);
#292=VECTOR('',#1028,10.);
#293=VECTOR('',#1029,10.);
#294=VECTOR('',#1030,10.);
#295=VECTOR('',#1031,10.);
#296=VECTOR('',#1060,36.95);
#297=VECTOR('',#1081,10.);
#298=VECTOR('',#1082,10.);
#299=VECTOR('',#1083,10.);
#300=VECTOR('',#1086,10.);
#301=VECTOR('',#1087,10.);
#302=VECTOR('',#1088,10.);
#303=VECTOR('',#1091,10.);
#304=VECTOR('',#1092,10.);
#305=VECTOR('',#1093,10.);
#306=VECTOR('',#1096,10.);
#307=VECTOR('',#1097,10.);
#308=VECTOR('',#1098,10.);
#309=VECTOR('',#1101,10.);
#310=VECTOR('',#1102,10.);
#311=VECTOR('',#1103,10.);
#312=VECTOR('',#1104,10.);
#313=VECTOR('',#1105,10.);
#314=VECTOR('',#1106,10.);
#315=VECTOR('',#1107,10.);
#316=VECTOR('',#1108,10.);
#317=VECTOR('',#1109,10.);
#318=VECTOR('',#1110,10.);
#319=VECTOR('',#1111,10.);
#320=VECTOR('',#1112,10.);
#321=VECTOR('',#1113,10.);
#322=VECTOR('',#1114,10.);
#323=VECTOR('',#1115,10.);
#324=VECTOR('',#1116,10.);
#325=VECTOR('',#1117,10.);
#326=VECTOR('',#1118,10.);
#327=VECTOR('',#1165,40.);
#328=VECTOR('',#1170,38.75);
#329=VERTEX_POINT('',#1177);
#330=VERTEX_POINT('',#1178);
#331=VERTEX_POINT('',#1180);
#332=VERTEX_POINT('',#1182);
#333=VERTEX_POINT('',#1184);
#334=VERTEX_POINT('',#1190);
#335=VERTEX_POINT('',#1191);
#336=VERTEX_POINT('',#1193);
#337=VERTEX_POINT('',#1195);
#338=VERTEX_POINT('',#1197);
#339=VERTEX_POINT('',#1203);
#340=VERTEX_POINT('',#1204);
#341=VERTEX_POINT('',#1206);
#342=VERTEX_POINT('',#1208);
#343=VERTEX_POINT('',#1210);
#344=VERTEX_POINT('',#1216);
#345=VERTEX_POINT('',#1217);
#346=VERTEX_POINT('',#1219);
#347=VERTEX_POINT('',#1221);
#348=VERTEX_POINT('',#1223);
#349=VERTEX_POINT('',#1229);
#350=VERTEX_POINT('',#1230);
#351=VERTEX_POINT('',#1232);
#352=VERTEX_POINT('',#1234);
#353=VERTEX_POINT('',#1236);
#354=VERTEX_POINT('',#1242);
#355=VERTEX_POINT('',#1243);
#356=VERTEX_POINT('',#1245);
#357=VERTEX_POINT('',#1247);
#358=VERTEX_POINT('',#1249);
#359=VERTEX_POINT('',#1255);
#360=VERTEX_POINT('',#1257);
#361=VERTEX_POINT('',#1260);
#362=VERTEX_POINT('',#1262);
#363=VERTEX_POINT('',#1265);
#364=VERTEX_POINT('',#1267);
#365=VERTEX_POINT('',#1270);
#366=VERTEX_POINT('',#1272);
#367=VERTEX_POINT('',#1274);
#368=VERTEX_POINT('',#1277);
#369=VERTEX_POINT('',#1280);
#370=VERTEX_POINT('',#1282);
#371=VERTEX_POINT('',#1285);
#372=VERTEX_POINT('',#1287);
#373=VERTEX_POINT('',#1338);
#374=VERTEX_POINT('',#1343);
#375=VERTEX_POINT('',#1348);
#376=VERTEX_POINT('',#1356);
#377=VERTEX_POINT('',#1393);
#378=VERTEX_POINT('',#1403);
#379=VERTEX_POINT('',#1440);
#380=VERTEX_POINT('',#1449);
#381=VERTEX_POINT('',#1486);
#382=VERTEX_POINT('',#1495);
#383=VERTEX_POINT('',#1532);
#384=VERTEX_POINT('',#1541);
#385=VERTEX_POINT('',#1615);
#386=VERTEX_POINT('',#1620);
#387=VERTEX_POINT('',#1625);
#388=VERTEX_POINT('',#1633);
#389=VERTEX_POINT('',#1670);
#390=VERTEX_POINT('',#1679);
#391=VERTEX_POINT('',#1716);
#392=VERTEX_POINT('',#1725);
#393=VERTEX_POINT('',#1762);
#394=VERTEX_POINT('',#1771);
#395=VERTEX_POINT('',#1808);
#396=VERTEX_POINT('',#1817);
#397=VERTEX_POINT('',#1885);
#398=VERTEX_POINT('',#1887);
#399=VERTEX_POINT('',#1893);
#400=EDGE_CURVE('',#329,#330,#203,.T.);
#401=EDGE_CURVE('',#330,#331,#204,.T.);
#402=EDGE_CURVE('',#332,#331,#205,.T.);
#403=EDGE_CURVE('',#333,#332,#206,.T.);
#404=EDGE_CURVE('',#329,#333,#207,.T.);
#405=EDGE_CURVE('',#333,#332,#69,.T.);
#406=EDGE_CURVE('',#334,#335,#208,.T.);
#407=EDGE_CURVE('',#335,#336,#209,.T.);
#408=EDGE_CURVE('',#337,#336,#210,.T.);
#409=EDGE_CURVE('',#338,#337,#211,.T.);
#410=EDGE_CURVE('',#334,#338,#212,.T.);
#411=EDGE_CURVE('',#338,#337,#70,.T.);
#412=EDGE_CURVE('',#339,#340,#213,.T.);
#413=EDGE_CURVE('',#340,#341,#214,.T.);
#414=EDGE_CURVE('',#342,#341,#215,.T.);
#415=EDGE_CURVE('',#343,#342,#216,.T.);
#416=EDGE_CURVE('',#339,#343,#217,.T.);
#417=EDGE_CURVE('',#343,#342,#71,.T.);
#418=EDGE_CURVE('',#344,#345,#218,.T.);
#419=EDGE_CURVE('',#345,#346,#219,.T.);
#420=EDGE_CURVE('',#347,#346,#220,.T.);
#421=EDGE_CURVE('',#348,#347,#221,.T.);
#422=EDGE_CURVE('',#344,#348,#222,.T.);
#423=EDGE_CURVE('',#348,#347,#72,.T.);
#424=EDGE_CURVE('',#349,#350,#223,.T.);
#425=EDGE_CURVE('',#350,#351,#224,.T.);
#426=EDGE_CURVE('',#352,#351,#225,.T.);
#427=EDGE_CURVE('',#353,#352,#226,.T.);
#428=EDGE_CURVE('',#349,#353,#227,.T.);
#429=EDGE_CURVE('',#353,#352,#73,.T.);
#430=EDGE_CURVE('',#354,#355,#228,.T.);
#431=EDGE_CURVE('',#355,#356,#229,.T.);
#432=EDGE_CURVE('',#357,#356,#230,.T.);
#433=EDGE_CURVE('',#358,#357,#231,.T.);
#434=EDGE_CURVE('',#354,#358,#232,.T.);
#435=EDGE_CURVE('',#358,#357,#74,.T.);
#436=EDGE_CURVE('',#359,#331,#75,.T.);
#437=EDGE_CURVE('',#360,#359,#76,.T.);
#438=EDGE_CURVE('',#354,#360,#77,.T.);
#439=EDGE_CURVE('',#361,#356,#78,.T.);
#440=EDGE_CURVE('',#362,#361,#79,.T.);
#441=EDGE_CURVE('',#349,#362,#80,.T.);
#442=EDGE_CURVE('',#363,#351,#81,.T.);
#443=EDGE_CURVE('',#364,#363,#82,.T.);
#444=EDGE_CURVE('',#344,#364,#83,.T.);
#445=EDGE_CURVE('',#365,#346,#84,.T.);
#446=EDGE_CURVE('',#366,#365,#85,.T.);
#447=EDGE_CURVE('',#366,#367,#233,.T.);
#448=EDGE_CURVE('',#367,#367,#86,.T.);
#449=EDGE_CURVE('',#368,#366,#87,.T.);
#450=EDGE_CURVE('',#339,#368,#88,.T.);
#451=EDGE_CURVE('',#369,#341,#89,.T.);
#452=EDGE_CURVE('',#370,#369,#90,.T.);
#453=EDGE_CURVE('',#334,#370,#91,.T.);
#454=EDGE_CURVE('',#371,#336,#92,.T.);
#455=EDGE_CURVE('',#372,#371,#93,.T.);
#456=EDGE_CURVE('',#329,#372,#94,.T.);
#457=EDGE_CURVE('',#330,#331,#234,.T.);
#458=EDGE_CURVE('',#329,#330,#235,.T.);
#459=EDGE_CURVE('',#359,#372,#236,.T.);
#460=EDGE_CURVE('',#355,#356,#237,.T.);
#461=EDGE_CURVE('',#354,#355,#238,.T.);
#462=EDGE_CURVE('',#361,#360,#239,.T.);
#463=EDGE_CURVE('',#350,#351,#240,.T.);
#464=EDGE_CURVE('',#349,#350,#241,.T.);
#465=EDGE_CURVE('',#363,#362,#242,.T.);
#466=EDGE_CURVE('',#345,#346,#243,.T.);
#467=EDGE_CURVE('',#344,#345,#244,.T.);
#468=EDGE_CURVE('',#365,#364,#245,.T.);
#469=EDGE_CURVE('',#340,#341,#246,.T.);
#470=EDGE_CURVE('',#339,#340,#247,.T.);
#471=EDGE_CURVE('',#369,#368,#248,.T.);
#472=EDGE_CURVE('',#369,#373,#18,.T.);
#473=EDGE_CURVE('',#374,#368,#19,.T.);
#474=EDGE_CURVE('',#374,#375,#20,.T.);
#475=EDGE_CURVE('',#376,#375,#249,.T.);
#476=EDGE_CURVE('',#373,#376,#21,.T.);
#477=EDGE_CURVE('',#371,#377,#22,.T.);
#478=EDGE_CURVE('',#371,#370,#250,.T.);
#479=EDGE_CURVE('',#373,#370,#23,.T.);
#480=EDGE_CURVE('',#378,#376,#251,.T.);
#481=EDGE_CURVE('',#377,#378,#24,.T.);
#482=EDGE_CURVE('',#359,#379,#25,.T.);
#483=EDGE_CURVE('',#377,#372,#26,.T.);
#484=EDGE_CURVE('',#380,#378,#252,.T.);
#485=EDGE_CURVE('',#379,#380,#27,.T.);
#486=EDGE_CURVE('',#361,#381,#28,.T.);
#487=EDGE_CURVE('',#379,#360,#29,.T.);
#488=EDGE_CURVE('',#382,#380,#253,.T.);
#489=EDGE_CURVE('',#381,#382,#30,.T.);
#490=EDGE_CURVE('',#363,#383,#31,.T.);
#491=EDGE_CURVE('',#381,#362,#32,.T.);
#492=EDGE_CURVE('',#384,#382,#254,.T.);
#493=EDGE_CURVE('',#383,#384,#33,.T.);
#494=EDGE_CURVE('',#365,#374,#34,.T.);
#495=EDGE_CURVE('',#383,#364,#35,.T.);
#496=EDGE_CURVE('',#375,#384,#255,.T.);
#497=EDGE_CURVE('',#339,#385,#36,.T.);
#498=EDGE_CURVE('',#386,#341,#37,.T.);
#499=EDGE_CURVE('',#386,#387,#38,.T.);
#500=EDGE_CURVE('',#388,#387,#256,.T.);
#501=EDGE_CURVE('',#385,#388,#39,.T.);
#502=EDGE_CURVE('',#344,#389,#40,.T.);
#503=EDGE_CURVE('',#385,#346,#41,.T.);
#504=EDGE_CURVE('',#390,#388,#257,.T.);
#505=EDGE_CURVE('',#389,#390,#42,.T.);
#506=EDGE_CURVE('',#349,#391,#43,.T.);
#507=EDGE_CURVE('',#389,#351,#44,.T.);
#508=EDGE_CURVE('',#392,#390,#258,.T.);
#509=EDGE_CURVE('',#391,#392,#45,.T.);
#510=EDGE_CURVE('',#354,#393,#46,.T.);
#511=EDGE_CURVE('',#391,#356,#47,.T.);
#512=EDGE_CURVE('',#394,#392,#259,.T.);
#513=EDGE_CURVE('',#393,#394,#48,.T.);
#514=EDGE_CURVE('',#329,#395,#49,.T.);
#515=EDGE_CURVE('',#393,#331,#50,.T.);
#516=EDGE_CURVE('',#396,#394,#260,.T.);
#517=EDGE_CURVE('',#395,#396,#51,.T.);
#518=EDGE_CURVE('',#334,#386,#52,.T.);
#519=EDGE_CURVE('',#334,#335,#261,.T.);
#520=EDGE_CURVE('',#335,#336,#262,.T.);
#521=EDGE_CURVE('',#395,#336,#53,.T.);
#522=EDGE_CURVE('',#387,#396,#263,.T.);
#523=EDGE_CURVE('',#385,#386,#95,.T.);
#524=EDGE_CURVE('',#395,#393,#96,.T.);
#525=EDGE_CURVE('',#393,#391,#97,.T.);
#526=EDGE_CURVE('',#391,#389,#98,.T.);
#527=EDGE_CURVE('',#389,#385,#99,.T.);
#528=EDGE_CURVE('',#386,#395,#100,.T.);
#529=EDGE_CURVE('',#397,#397,#101,.T.);
#530=EDGE_CURVE('',#398,#398,#102,.T.);
#531=EDGE_CURVE('',#393,#397,#264,.T.);
#532=EDGE_CURVE('',#398,#399,#265,.T.);
#533=EDGE_CURVE('',#399,#399,#103,.T.);
#534=ORIENTED_EDGE('',*,*,#400,.T.);
#535=ORIENTED_EDGE('',*,*,#401,.T.);
#536=ORIENTED_EDGE('',*,*,#402,.F.);
#537=ORIENTED_EDGE('',*,*,#403,.F.);
#538=ORIENTED_EDGE('',*,*,#404,.F.);
#539=ORIENTED_EDGE('',*,*,#405,.F.);
#540=ORIENTED_EDGE('',*,*,#403,.T.);
#541=ORIENTED_EDGE('',*,*,#406,.T.);
#542=ORIENTED_EDGE('',*,*,#407,.T.);
#543=ORIENTED_EDGE('',*,*,#408,.F.);
#544=ORIENTED_EDGE('',*,*,#409,.F.);
#545=ORIENTED_EDGE('',*,*,#410,.F.);
#546=ORIENTED_EDGE('',*,*,#411,.F.);
#547=ORIENTED_EDGE('',*,*,#409,.T.);
#548=ORIENTED_EDGE('',*,*,#412,.T.);
#549=ORIENTED_EDGE('',*,*,#413,.T.);
#550=ORIENTED_EDGE('',*,*,#414,.F.);
#551=ORIENTED_EDGE('',*,*,#415,.F.);
#552=ORIENTED_EDGE('',*,*,#416,.F.);
#553=ORIENTED_EDGE('',*,*,#417,.F.);
#554=ORIENTED_EDGE('',*,*,#415,.T.);
#555=ORIENTED_EDGE('',*,*,#418,.T.);
#556=ORIENTED_EDGE('',*,*,#419,.T.);
#557=ORIENTED_EDGE('',*,*,#420,.F.);
#558=ORIENTED_EDGE('',*,*,#421,.F.);
#559=ORIENTED_EDGE('',*,*,#422,.F.);
#560=ORIENTED_EDGE('',*,*,#423,.F.);
#561=ORIENTED_EDGE('',*,*,#421,.T.);
#562=ORIENTED_EDGE('',*,*,#424,.T.);
#563=ORIENTED_EDGE('',*,*,#425,.T.);
#564=ORIENTED_EDGE('',*,*,#426,.F.);
#565=ORIENTED_EDGE('',*,*,#427,.F.);
#566=ORIENTED_EDGE('',*,*,#428,.F.);
#567=ORIENTED_EDGE('',*,*,#429,.F.);
#568=ORIENTED_EDGE('',*,*,#427,.T.);
#569=ORIENTED_EDGE('',*,*,#430,.T.);
#570=ORIENTED_EDGE('',*,*,#431,.T.);
#571=ORIENTED_EDGE('',*,*,#432,.F.);
#572=ORIENTED_EDGE('',*,*,#433,.F.);
#573=ORIENTED_EDGE('',*,*,#434,.F.);
#574=ORIENTED_EDGE('',*,*,#435,.F.);
#575=ORIENTED_EDGE('',*,*,#433,.T.);
#576=ORIENTED_EDGE('',*,*,#402,.T.);
#577=ORIENTED_EDGE('',*,*,#436,.F.);
#578=ORIENTED_EDGE('',*,*,#437,.F.);
#579=ORIENTED_EDGE('',*,*,#438,.F.);
#580=ORIENTED_EDGE('',*,*,#434,.T.);
#581=ORIENTED_EDGE('',*,*,#435,.T.);
#582=ORIENTED_EDGE('',*,*,#432,.T.);
#583=ORIENTED_EDGE('',*,*,#439,.F.);
#584=ORIENTED_EDGE('',*,*,#440,.F.);
#585=ORIENTED_EDGE('',*,*,#441,.F.);
#586=ORIENTED_EDGE('',*,*,#428,.T.);
#587=ORIENTED_EDGE('',*,*,#429,.T.);
#588=ORIENTED_EDGE('',*,*,#426,.T.);
#589=ORIENTED_EDGE('',*,*,#442,.F.);
#590=ORIENTED_EDGE('',*,*,#443,.F.);
#591=ORIENTED_EDGE('',*,*,#444,.F.);
#592=ORIENTED_EDGE('',*,*,#422,.T.);
#593=ORIENTED_EDGE('',*,*,#423,.T.);
#594=ORIENTED_EDGE('',*,*,#420,.T.);
#595=ORIENTED_EDGE('',*,*,#445,.F.);
#596=ORIENTED_EDGE('',*,*,#446,.F.);
#597=ORIENTED_EDGE('',*,*,#447,.T.);
#598=ORIENTED_EDGE('',*,*,#448,.T.);
#599=ORIENTED_EDGE('',*,*,#447,.F.);
#600=ORIENTED_EDGE('',*,*,#449,.F.);
#601=ORIENTED_EDGE('',*,*,#450,.F.);
#602=ORIENTED_EDGE('',*,*,#416,.T.);
#603=ORIENTED_EDGE('',*,*,#417,.T.);
#604=ORIENTED_EDGE('',*,*,#414,.T.);
#605=ORIENTED_EDGE('',*,*,#451,.F.);
#606=ORIENTED_EDGE('',*,*,#452,.F.);
#607=ORIENTED_EDGE('',*,*,#453,.F.);
#608=ORIENTED_EDGE('',*,*,#410,.T.);
#609=ORIENTED_EDGE('',*,*,#411,.T.);
#610=ORIENTED_EDGE('',*,*,#408,.T.);
#611=ORIENTED_EDGE('',*,*,#454,.F.);
#612=ORIENTED_EDGE('',*,*,#455,.F.);
#613=ORIENTED_EDGE('',*,*,#456,.F.);
#614=ORIENTED_EDGE('',*,*,#404,.T.);
#615=ORIENTED_EDGE('',*,*,#405,.T.);
#616=ORIENTED_EDGE('',*,*,#436,.T.);
#617=ORIENTED_EDGE('',*,*,#457,.F.);
#618=ORIENTED_EDGE('',*,*,#458,.F.);
#619=ORIENTED_EDGE('',*,*,#456,.T.);
#620=ORIENTED_EDGE('',*,*,#459,.F.);
#621=ORIENTED_EDGE('',*,*,#439,.T.);
#622=ORIENTED_EDGE('',*,*,#460,.F.);
#623=ORIENTED_EDGE('',*,*,#461,.F.);
#624=ORIENTED_EDGE('',*,*,#438,.T.);
#625=ORIENTED_EDGE('',*,*,#462,.F.);
#626=ORIENTED_EDGE('',*,*,#442,.T.);
#627=ORIENTED_EDGE('',*,*,#463,.F.);
#628=ORIENTED_EDGE('',*,*,#464,.F.);
#629=ORIENTED_EDGE('',*,*,#441,.T.);
#630=ORIENTED_EDGE('',*,*,#465,.F.);
#631=ORIENTED_EDGE('',*,*,#445,.T.);
#632=ORIENTED_EDGE('',*,*,#466,.F.);
#633=ORIENTED_EDGE('',*,*,#467,.F.);
#634=ORIENTED_EDGE('',*,*,#444,.T.);
#635=ORIENTED_EDGE('',*,*,#468,.F.);
#636=ORIENTED_EDGE('',*,*,#451,.T.);
#637=ORIENTED_EDGE('',*,*,#469,.F.);
#638=ORIENTED_EDGE('',*,*,#470,.F.);
#639=ORIENTED_EDGE('',*,*,#450,.T.);
#640=ORIENTED_EDGE('',*,*,#471,.F.);
#641=ORIENTED_EDGE('',*,*,#472,.F.);
#642=ORIENTED_EDGE('',*,*,#471,.T.);
#643=ORIENTED_EDGE('',*,*,#473,.F.);
#644=ORIENTED_EDGE('',*,*,#474,.T.);
#645=ORIENTED_EDGE('',*,*,#475,.F.);
#646=ORIENTED_EDGE('',*,*,#476,.F.);
#647=ORIENTED_EDGE('',*,*,#477,.F.);
#648=ORIENTED_EDGE('',*,*,#478,.T.);
#649=ORIENTED_EDGE('',*,*,#479,.F.);
#650=ORIENTED_EDGE('',*,*,#476,.T.);
#651=ORIENTED_EDGE('',*,*,#480,.F.);
#652=ORIENTED_EDGE('',*,*,#481,.F.);
#653=ORIENTED_EDGE('',*,*,#482,.F.);
#654=ORIENTED_EDGE('',*,*,#459,.T.);
#655=ORIENTED_EDGE('',*,*,#483,.F.);
#656=ORIENTED_EDGE('',*,*,#481,.T.);
#657=ORIENTED_EDGE('',*,*,#484,.F.);
#658=ORIENTED_EDGE('',*,*,#485,.F.);
#659=ORIENTED_EDGE('',*,*,#486,.F.);
#660=ORIENTED_EDGE('',*,*,#462,.T.);
#661=ORIENTED_EDGE('',*,*,#487,.F.);
#662=ORIENTED_EDGE('',*,*,#485,.T.);
#663=ORIENTED_EDGE('',*,*,#488,.F.);
#664=ORIENTED_EDGE('',*,*,#489,.F.);
#665=ORIENTED_EDGE('',*,*,#490,.F.);
#666=ORIENTED_EDGE('',*,*,#465,.T.);
#667=ORIENTED_EDGE('',*,*,#491,.F.);
#668=ORIENTED_EDGE('',*,*,#489,.T.);
#669=ORIENTED_EDGE('',*,*,#492,.F.);
#670=ORIENTED_EDGE('',*,*,#493,.F.);
#671=ORIENTED_EDGE('',*,*,#494,.F.);
#672=ORIENTED_EDGE('',*,*,#468,.T.);
#673=ORIENTED_EDGE('',*,*,#495,.F.);
#674=ORIENTED_EDGE('',*,*,#493,.T.);
#675=ORIENTED_EDGE('',*,*,#496,.F.);
#676=ORIENTED_EDGE('',*,*,#474,.F.);
#677=ORIENTED_EDGE('',*,*,#497,.F.);
#678=ORIENTED_EDGE('',*,*,#470,.T.);
#679=ORIENTED_EDGE('',*,*,#469,.T.);
#680=ORIENTED_EDGE('',*,*,#498,.F.);
#681=ORIENTED_EDGE('',*,*,#499,.T.);
#682=ORIENTED_EDGE('',*,*,#500,.F.);
#683=ORIENTED_EDGE('',*,*,#501,.F.);
#684=ORIENTED_EDGE('',*,*,#502,.F.);
#685=ORIENTED_EDGE('',*,*,#467,.T.);
#686=ORIENTED_EDGE('',*,*,#466,.T.);
#687=ORIENTED_EDGE('',*,*,#503,.F.);
#688=ORIENTED_EDGE('',*,*,#501,.T.);
#689=ORIENTED_EDGE('',*,*,#504,.F.);
#690=ORIENTED_EDGE('',*,*,#505,.F.);
#691=ORIENTED_EDGE('',*,*,#506,.F.);
#692=ORIENTED_EDGE('',*,*,#464,.T.);
#693=ORIENTED_EDGE('',*,*,#463,.T.);
#694=ORIENTED_EDGE('',*,*,#507,.F.);
#695=ORIENTED_EDGE('',*,*,#505,.T.);
#696=ORIENTED_EDGE('',*,*,#508,.F.);
#697=ORIENTED_EDGE('',*,*,#509,.F.);
#698=ORIENTED_EDGE('',*,*,#510,.F.);
#699=ORIENTED_EDGE('',*,*,#461,.T.);
#700=ORIENTED_EDGE('',*,*,#460,.T.);
#701=ORIENTED_EDGE('',*,*,#511,.F.);
#702=ORIENTED_EDGE('',*,*,#509,.T.);
#703=ORIENTED_EDGE('',*,*,#512,.F.);
#704=ORIENTED_EDGE('',*,*,#513,.F.);
#705=ORIENTED_EDGE('',*,*,#514,.F.);
#706=ORIENTED_EDGE('',*,*,#458,.T.);
#707=ORIENTED_EDGE('',*,*,#457,.T.);
#708=ORIENTED_EDGE('',*,*,#515,.F.);
#709=ORIENTED_EDGE('',*,*,#513,.T.);
#710=ORIENTED_EDGE('',*,*,#516,.F.);
#711=ORIENTED_EDGE('',*,*,#517,.F.);
#712=ORIENTED_EDGE('',*,*,#518,.F.);
#713=ORIENTED_EDGE('',*,*,#519,.T.);
#714=ORIENTED_EDGE('',*,*,#520,.T.);
#715=ORIENTED_EDGE('',*,*,#521,.F.);
#716=ORIENTED_EDGE('',*,*,#517,.T.);
#717=ORIENTED_EDGE('',*,*,#522,.F.);
#718=ORIENTED_EDGE('',*,*,#499,.F.);
#719=ORIENTED_EDGE('',*,*,#522,.T.);
#720=ORIENTED_EDGE('',*,*,#516,.T.);
#721=ORIENTED_EDGE('',*,*,#512,.T.);
#722=ORIENTED_EDGE('',*,*,#508,.T.);
#723=ORIENTED_EDGE('',*,*,#504,.T.);
#724=ORIENTED_EDGE('',*,*,#500,.T.);
#725=ORIENTED_EDGE('',*,*,#496,.T.);
#726=ORIENTED_EDGE('',*,*,#492,.T.);
#727=ORIENTED_EDGE('',*,*,#488,.T.);
#728=ORIENTED_EDGE('',*,*,#484,.T.);
#729=ORIENTED_EDGE('',*,*,#480,.T.);
#730=ORIENTED_EDGE('',*,*,#475,.T.);
#731=ORIENTED_EDGE('',*,*,#453,.T.);
#732=ORIENTED_EDGE('',*,*,#478,.F.);
#733=ORIENTED_EDGE('',*,*,#454,.T.);
#734=ORIENTED_EDGE('',*,*,#520,.F.);
#735=ORIENTED_EDGE('',*,*,#519,.F.);
#736=ORIENTED_EDGE('',*,*,#477,.T.);
#737=ORIENTED_EDGE('',*,*,#483,.T.);
#738=ORIENTED_EDGE('',*,*,#455,.T.);
#739=ORIENTED_EDGE('',*,*,#498,.T.);
#740=ORIENTED_EDGE('',*,*,#413,.F.);
#741=ORIENTED_EDGE('',*,*,#412,.F.);
#742=ORIENTED_EDGE('',*,*,#497,.T.);
#743=ORIENTED_EDGE('',*,*,#523,.T.);
#744=ORIENTED_EDGE('',*,*,#482,.T.);
#745=ORIENTED_EDGE('',*,*,#487,.T.);
#746=ORIENTED_EDGE('',*,*,#437,.T.);
#747=ORIENTED_EDGE('',*,*,#515,.T.);
#748=ORIENTED_EDGE('',*,*,#401,.F.);
#749=ORIENTED_EDGE('',*,*,#400,.F.);
#750=ORIENTED_EDGE('',*,*,#514,.T.);
#751=ORIENTED_EDGE('',*,*,#524,.T.);
#752=ORIENTED_EDGE('',*,*,#486,.T.);
#753=ORIENTED_EDGE('',*,*,#491,.T.);
#754=ORIENTED_EDGE('',*,*,#440,.T.);
#755=ORIENTED_EDGE('',*,*,#511,.T.);
#756=ORIENTED_EDGE('',*,*,#431,.F.);
#757=ORIENTED_EDGE('',*,*,#430,.F.);
#758=ORIENTED_EDGE('',*,*,#510,.T.);
#759=ORIENTED_EDGE('',*,*,#525,.T.);
#760=ORIENTED_EDGE('',*,*,#490,.T.);
#761=ORIENTED_EDGE('',*,*,#495,.T.);
#762=ORIENTED_EDGE('',*,*,#443,.T.);
#763=ORIENTED_EDGE('',*,*,#507,.T.);
#764=ORIENTED_EDGE('',*,*,#425,.F.);
#765=ORIENTED_EDGE('',*,*,#424,.F.);
#766=ORIENTED_EDGE('',*,*,#506,.T.);
#767=ORIENTED_EDGE('',*,*,#526,.T.);
#768=ORIENTED_EDGE('',*,*,#494,.T.);
#769=ORIENTED_EDGE('',*,*,#473,.T.);
#770=ORIENTED_EDGE('',*,*,#449,.T.);
#771=ORIENTED_EDGE('',*,*,#446,.T.);
#772=ORIENTED_EDGE('',*,*,#503,.T.);
#773=ORIENTED_EDGE('',*,*,#419,.F.);
#774=ORIENTED_EDGE('',*,*,#418,.F.);
#775=ORIENTED_EDGE('',*,*,#502,.T.);
#776=ORIENTED_EDGE('',*,*,#527,.T.);
#777=ORIENTED_EDGE('',*,*,#518,.T.);
#778=ORIENTED_EDGE('',*,*,#528,.T.);
#779=ORIENTED_EDGE('',*,*,#521,.T.);
#780=ORIENTED_EDGE('',*,*,#407,.F.);
#781=ORIENTED_EDGE('',*,*,#406,.F.);
#782=ORIENTED_EDGE('',*,*,#529,.F.);
#783=ORIENTED_EDGE('',*,*,#530,.T.);
#784=ORIENTED_EDGE('',*,*,#525,.F.);
#785=ORIENTED_EDGE('',*,*,#531,.T.);
#786=ORIENTED_EDGE('',*,*,#529,.T.);
#787=ORIENTED_EDGE('',*,*,#531,.F.);
#788=ORIENTED_EDGE('',*,*,#524,.F.);
#789=ORIENTED_EDGE('',*,*,#528,.F.);
#790=ORIENTED_EDGE('',*,*,#523,.F.);
#791=ORIENTED_EDGE('',*,*,#527,.F.);
#792=ORIENTED_EDGE('',*,*,#526,.F.);
#793=ORIENTED_EDGE('',*,*,#479,.T.);
#794=ORIENTED_EDGE('',*,*,#452,.T.);
#795=ORIENTED_EDGE('',*,*,#472,.T.);
#796=ORIENTED_EDGE('',*,*,#530,.F.);
#797=ORIENTED_EDGE('',*,*,#532,.T.);
#798=ORIENTED_EDGE('',*,*,#533,.T.);
#799=ORIENTED_EDGE('',*,*,#532,.F.);
#800=ORIENTED_EDGE('',*,*,#533,.F.);
#801=ORIENTED_EDGE('',*,*,#448,.F.);
#802=PLANE('',#897);
#803=PLANE('',#898);
#804=PLANE('',#900);
#805=PLANE('',#901);
#806=PLANE('',#903);
#807=PLANE('',#904);
#808=PLANE('',#906);
#809=PLANE('',#907);
#810=PLANE('',#909);
#811=PLANE('',#910);
#812=PLANE('',#912);
#813=PLANE('',#913);
#814=PLANE('',#936);
#815=PLANE('',#937);
#816=PLANE('',#938);
#817=PLANE('',#939);
#818=PLANE('',#940);
#819=PLANE('',#941);
#820=PLANE('',#942);
#821=PLANE('',#943);
#822=PLANE('',#944);
#823=PLANE('',#946);
#824=PLANE('',#947);
#825=PLANE('',#949);
#826=PLANE('',#950);
#827=PLANE('',#952);
#828=PLANE('',#953);
#829=PLANE('',#955);
#830=PLANE('',#956);
#831=PLANE('',#958);
#832=PLANE('',#960);
#833=PLANE('',#964);
#834=PLANE('',#967);
#835=ADVANCED_FACE('',(#104),#802,.T.);
#836=ADVANCED_FACE('',(#105),#803,.F.);
#837=ADVANCED_FACE('',(#106),#804,.T.);
#838=ADVANCED_FACE('',(#107),#805,.F.);
#839=ADVANCED_FACE('',(#108),#806,.T.);
#840=ADVANCED_FACE('',(#109),#807,.F.);
#841=ADVANCED_FACE('',(#110),#808,.T.);
#842=ADVANCED_FACE('',(#111),#809,.F.);
#843=ADVANCED_FACE('',(#112),#810,.T.);
#844=ADVANCED_FACE('',(#113),#811,.F.);
#845=ADVANCED_FACE('',(#114),#812,.T.);
#846=ADVANCED_FACE('',(#115),#813,.F.);
#847=ADVANCED_FACE('',(#116),#66,.F.);
#848=ADVANCED_FACE('',(#117),#814,.F.);
#849=ADVANCED_FACE('',(#118),#815,.F.);
#850=ADVANCED_FACE('',(#119),#816,.F.);
#851=ADVANCED_FACE('',(#120),#817,.F.);
#852=ADVANCED_FACE('',(#121),#818,.F.);
#853=ADVANCED_FACE('',(#122),#54,.T.);
#854=ADVANCED_FACE('',(#123),#55,.T.);
#855=ADVANCED_FACE('',(#124),#56,.T.);
#856=ADVANCED_FACE('',(#125),#57,.T.);
#857=ADVANCED_FACE('',(#126),#58,.T.);
#858=ADVANCED_FACE('',(#127),#59,.T.);
#859=ADVANCED_FACE('',(#128),#60,.T.);
#860=ADVANCED_FACE('',(#129),#61,.T.);
#861=ADVANCED_FACE('',(#130),#62,.T.);
#862=ADVANCED_FACE('',(#131),#63,.T.);
#863=ADVANCED_FACE('',(#132),#64,.T.);
#864=ADVANCED_FACE('',(#133),#65,.T.);
#865=ADVANCED_FACE('',(#134,#15),#819,.T.);
#866=ADVANCED_FACE('',(#135),#820,.F.);
#867=ADVANCED_FACE('',(#136),#821,.T.);
#868=ADVANCED_FACE('',(#137),#822,.T.);
#869=ADVANCED_FACE('',(#138),#823,.T.);
#870=ADVANCED_FACE('',(#139),#824,.T.);
#871=ADVANCED_FACE('',(#140),#825,.T.);
#872=ADVANCED_FACE('',(#141),#826,.T.);
#873=ADVANCED_FACE('',(#142),#827,.T.);
#874=ADVANCED_FACE('',(#143),#828,.T.);
#875=ADVANCED_FACE('',(#144),#829,.T.);
#876=ADVANCED_FACE('',(#145),#830,.T.);
#877=ADVANCED_FACE('',(#146),#831,.T.);
#878=ADVANCED_FACE('',(#147,#16),#832,.F.);
#879=ADVANCED_FACE('',(#148),#67,.T.);
#880=ADVANCED_FACE('',(#149),#833,.T.);
#881=ADVANCED_FACE('',(#150),#68,.T.);
#882=ADVANCED_FACE('',(#151,#17),#834,.F.);
#883=CLOSED_SHELL('',(#835,#836,#837,#838,#839,#840,#841,#842,#843,#844,
#845,#846,#847,#848,#849,#850,#851,#852,#853,#854,#855,#856,#857,#858,#859,
#860,#861,#862,#863,#864,#865,#866,#867,#868,#869,#870,#871,#872,#873,#874,
#875,#876,#877,#878,#879,#880,#881,#882));
#884=DERIVED_UNIT_ELEMENT(#886,1.);
#885=DERIVED_UNIT_ELEMENT(#1902,-3.);
#886=(
MASS_UNIT()
NAMED_UNIT(*)
SI_UNIT(.KILO.,.GRAM.)
);
#887=DERIVED_UNIT((#884,#885));
#888=MEASURE_REPRESENTATION_ITEM('density measure',
POSITIVE_RATIO_MEASURE(7850.),#887);
#889=PROPERTY_DEFINITION_REPRESENTATION(#894,#891);
#890=PROPERTY_DEFINITION_REPRESENTATION(#895,#892);
#891=REPRESENTATION('material name',(#893),#1899);
#892=REPRESENTATION('density',(#888),#1899);
#893=DESCRIPTIVE_REPRESENTATION_ITEM('Steel','Steel');
#894=PROPERTY_DEFINITION('material property','material name',#1909);
#895=PROPERTY_DEFINITION('material property','density of part',#1909);
#896=AXIS2_PLACEMENT_3D('',#1175,#968,#969);
#897=AXIS2_PLACEMENT_3D('',#1176,#970,#971);
#898=AXIS2_PLACEMENT_3D('',#1187,#977,#978);
#899=AXIS2_PLACEMENT_3D('',#1188,#979,#980);
#900=AXIS2_PLACEMENT_3D('',#1189,#981,#982);
#901=AXIS2_PLACEMENT_3D('',#1200,#988,#989);
#902=AXIS2_PLACEMENT_3D('',#1201,#990,#991);
#903=AXIS2_PLACEMENT_3D('',#1202,#992,#993);
#904=AXIS2_PLACEMENT_3D('',#1213,#999,#1000);
#905=AXIS2_PLACEMENT_3D('',#1214,#1001,#1002);
#906=AXIS2_PLACEMENT_3D('',#1215,#1003,#1004);
#907=AXIS2_PLACEMENT_3D('',#1226,#1010,#1011);
#908=AXIS2_PLACEMENT_3D('',#1227,#1012,#1013);
#909=AXIS2_PLACEMENT_3D('',#1228,#1014,#1015);
#910=AXIS2_PLACEMENT_3D('',#1239,#1021,#1022);
#911=AXIS2_PLACEMENT_3D('',#1240,#1023,#1024);
#912=AXIS2_PLACEMENT_3D('',#1241,#1025,#1026);
#913=AXIS2_PLACEMENT_3D('',#1252,#1032,#1033);
#914=AXIS2_PLACEMENT_3D('',#1253,#1034,#1035);
#915=AXIS2_PLACEMENT_3D('',#1254,#1036,#1037);
#916=AXIS2_PLACEMENT_3D('',#1256,#1038,#1039);
#917=AXIS2_PLACEMENT_3D('',#1258,#1040,#1041);
#918=AXIS2_PLACEMENT_3D('',#1259,#1042,#1043);
#919=AXIS2_PLACEMENT_3D('',#1261,#1044,#1045);
#920=AXIS2_PLACEMENT_3D('',#1263,#1046,#1047);
#921=AXIS2_PLACEMENT_3D('',#1264,#1048,#1049);
#922=AXIS2_PLACEMENT_3D('',#1266,#1050,#1051);
#923=AXIS2_PLACEMENT_3D('',#1268,#1052,#1053);
#924=AXIS2_PLACEMENT_3D('',#1269,#1054,#1055);
#925=AXIS2_PLACEMENT_3D('',#1271,#1056,#1057);
#926=AXIS2_PLACEMENT_3D('',#1273,#1058,#1059);
#927=AXIS2_PLACEMENT_3D('',#1276,#1061,#1062);
#928=AXIS2_PLACEMENT_3D('',#1278,#1063,#1064);
#929=AXIS2_PLACEMENT_3D('',#1279,#1065,#1066);
#930=AXIS2_PLACEMENT_3D('',#1281,#1067,#1068);
#931=AXIS2_PLACEMENT_3D('',#1283,#1069,#1070);
#932=AXIS2_PLACEMENT_3D('',#1284,#1071,#1072);
#933=AXIS2_PLACEMENT_3D('',#1286,#1073,#1074);
#934=AXIS2_PLACEMENT_3D('',#1288,#1075,#1076);
#935=AXIS2_PLACEMENT_3D('',#1289,#1077,#1078);
#936=AXIS2_PLACEMENT_3D('',#1290,#1079,#1080);
#937=AXIS2_PLACEMENT_3D('',#1294,#1084,#1085);
#938=AXIS2_PLACEMENT_3D('',#1298,#1089,#1090);
#939=AXIS2_PLACEMENT_3D('',#1302,#1094,#1095);
#940=AXIS2_PLACEMENT_3D('',#1306,#1099,#1100);
#941=AXIS2_PLACEMENT_3D('',#1865,#1119,#1120);
#942=AXIS2_PLACEMENT_3D('',#1866,#1121,#1122);
#943=AXIS2_PLACEMENT_3D('',#1867,#1123,#1124);
#944=AXIS2_PLACEMENT_3D('',#1868,#1125,#1126);
#945=AXIS2_PLACEMENT_3D('',#1869,#1127,#1128);
#946=AXIS2_PLACEMENT_3D('',#1870,#1129,#1130);
#947=AXIS2_PLACEMENT_3D('',#1871,#1131,#1132);
#948=AXIS2_PLACEMENT_3D('',#1872,#1133,#1134);
#949=AXIS2_PLACEMENT_3D('',#1873,#1135,#1136);
#950=AXIS2_PLACEMENT_3D('',#1874,#1137,#1138);
#951=AXIS2_PLACEMENT_3D('',#1875,#1139,#1140);
#952=AXIS2_PLACEMENT_3D('',#1876,#1141,#1142);
#953=AXIS2_PLACEMENT_3D('',#1877,#1143,#1144);
#954=AXIS2_PLACEMENT_3D('',#1878,#1145,#1146);
#955=AXIS2_PLACEMENT_3D('',#1879,#1147,#1148);
#956=AXIS2_PLACEMENT_3D('',#1880,#1149,#1150);
#957=AXIS2_PLACEMENT_3D('',#1881,#1151,#1152);
#958=AXIS2_PLACEMENT_3D('',#1882,#1153,#1154);
#959=AXIS2_PLACEMENT_3D('',#1883,#1155,#1156);
#960=AXIS2_PLACEMENT_3D('',#1884,#1157,#1158);
#961=AXIS2_PLACEMENT_3D('',#1886,#1159,#1160);
#962=AXIS2_PLACEMENT_3D('',#1888,#1161,#1162);
#963=AXIS2_PLACEMENT_3D('',#1889,#1163,#1164);
#964=AXIS2_PLACEMENT_3D('',#1891,#1166,#1167);
#965=AXIS2_PLACEMENT_3D('',#1892,#1168,#1169);
#966=AXIS2_PLACEMENT_3D('',#1895,#1171,#1172);
#967=AXIS2_PLACEMENT_3D('',#1896,#1173,#1174);
#968=DIRECTION('axis',(0.,0.,1.));
#969=DIRECTION('refdir',(1.,0.,0.));
#970=DIRECTION('center_axis',(-0.866025403784439,0.5,0.));
#971=DIRECTION('ref_axis',(0.5,0.866025403784439,0.));
#972=DIRECTION('',(0.5,0.866025403784439,0.));
#973=DIRECTION('',(0.5,0.866025403784439,0.));
#974=DIRECTION('',(0.,0.,1.));
#975=DIRECTION('',(0.5,0.866025403784439,0.));
#976=DIRECTION('',(0.,0.,-1.));
#977=DIRECTION('center_axis',(0.,0.,1.));
#978=DIRECTION('ref_axis',(-0.499999999999999,0.866025403784439,0.));
#979=DIRECTION('center_axis',(0.,0.,1.));
#980=DIRECTION('ref_axis',(1.,0.,0.));
#981=DIRECTION('center_axis',(-4.9960036108132E-16,1.,0.));
#982=DIRECTION('ref_axis',(1.,4.9960036108132E-16,0.));
#983=DIRECTION('',(1.,1.11022302462516E-16,0.));
#984=DIRECTION('',(1.,1.11022302462516E-16,0.));
#985=DIRECTION('',(0.,0.,1.));
#986=DIRECTION('',(1.,4.44089209850063E-16,0.));
#987=DIRECTION('',(0.,0.,-1.));
#988=DIRECTION('center_axis',(0.,0.,1.));
#989=DIRECTION('ref_axis',(0.5,0.866025403784438,0.));
#990=DIRECTION('center_axis',(0.,0.,1.));
#991=DIRECTION('ref_axis',(1.,0.,0.));
#992=DIRECTION('center_axis',(0.866025403784438,0.500000000000001,0.));
#993=DIRECTION('ref_axis',(0.500000000000001,-0.866025403784438,0.));
#994=DIRECTION('',(0.5,-0.866025403784439,0.));
#995=DIRECTION('',(0.5,-0.866025403784439,0.));
#996=DIRECTION('',(0.,0.,1.));
#997=DIRECTION('',(0.500000000000001,-0.866025403784438,0.));
#998=DIRECTION('',(0.,0.,-1.));
#999=DIRECTION('center_axis',(0.,0.,1.));
#1000=DIRECTION('ref_axis',(1.,-1.66533453693773E-16,0.));
#1001=DIRECTION('center_axis',(0.,0.,1.));
#1002=DIRECTION('ref_axis',(1.,0.,0.));
#1003=DIRECTION('center_axis',(0.866025403784439,-0.499999999999999,0.));
#1004=DIRECTION('ref_axis',(-0.499999999999999,-0.866025403784439,0.));
#1005=DIRECTION('',(-0.5,-0.866025403784439,0.));
#1006=DIRECTION('',(-0.5,-0.866025403784439,0.));
#1007=DIRECTION('',(0.,0.,1.));
#1008=DIRECTION('',(-0.499999999999999,-0.866025403784439,0.));
#1009=DIRECTION('',(0.,0.,-1.));
#1010=DIRECTION('center_axis',(0.,0.,1.));
#1011=DIRECTION('ref_axis',(0.5,-0.866025403784439,0.));
#1012=DIRECTION('center_axis',(0.,0.,1.));
#1013=DIRECTION('ref_axis',(1.,0.,0.));
#1014=DIRECTION('center_axis',(8.88178419700125E-16,-1.,0.));
#1015=DIRECTION('ref_axis',(-1.,-8.88178419700125E-16,0.));
#1016=DIRECTION('',(-1.,-4.44089209850063E-16,0.));
#1017=DIRECTION('',(-1.,-4.44089209850063E-16,0.));
#1018=DIRECTION('',(0.,0.,1.));
#1019=DIRECTION('',(-1.,-8.32667268468868E-16,0.));
#1020=DIRECTION('',(0.,0.,-1.));
#1021=DIRECTION('center_axis',(0.,0.,1.));
#1022=DIRECTION('ref_axis',(-0.5,-0.866025403784439,0.));
#1023=DIRECTION('center_axis',(0.,0.,1.));
#1024=DIRECTION('ref_axis',(1.,0.,0.));
#1025=DIRECTION('center_axis',(-0.866025403784438,-0.500000000000001,0.));
#1026=DIRECTION('ref_axis',(-0.500000000000001,0.866025403784438,0.));
#1027=DIRECTION('',(-0.5,0.866025403784438,0.));
#1028=DIRECTION('',(-0.5,0.866025403784438,0.));
#1029=DIRECTION('',(0.,0.,1.));
#1030=DIRECTION('',(-0.500000000000001,0.866025403784438,0.));
#1031=DIRECTION('',(0.,0.,-1.));
#1032=DIRECTION('center_axis',(0.,0.,1.));
#1033=DIRECTION('ref_axis',(-1.,0.,0.));
#1034=DIRECTION('center_axis',(0.,0.,1.));
#1035=DIRECTION('ref_axis',(1.,0.,0.));
#1036=DIRECTION('center_axis',(0.,0.,1.));
#1037=DIRECTION('ref_axis',(1.,0.,0.));
#1038=DIRECTION('center_axis',(0.,0.,-1.));
#1039=DIRECTION('ref_axis',(-1.,0.,0.));
#1040=DIRECTION('center_axis',(0.,0.,-1.));
#1041=DIRECTION('ref_axis',(-1.,0.,0.));
#1042=DIRECTION('center_axis',(0.,0.,-1.));
#1043=DIRECTION('ref_axis',(-1.,0.,0.));
#1044=DIRECTION('center_axis',(0.,0.,-1.));
#1045=DIRECTION('ref_axis',(-1.,0.,0.));
#1046=DIRECTION('center_axis',(0.,0.,-1.));
#1047=DIRECTION('ref_axis',(-1.,0.,0.));
#1048=DIRECTION('center_axis',(0.,0.,-1.));
#1049=DIRECTION('ref_axis',(-1.,0.,0.));
#1050=DIRECTION('center_axis',(0.,0.,-1.));
#1051=DIRECTION('ref_axis',(-1.,0.,0.));
#1052=DIRECTION('center_axis',(0.,0.,-1.));
#1053=DIRECTION('ref_axis',(-1.,0.,0.));
#1054=DIRECTION('center_axis',(0.,0.,-1.));
#1055=DIRECTION('ref_axis',(-1.,0.,0.));
#1056=DIRECTION('center_axis',(0.,0.,-1.));
#1057=DIRECTION('ref_axis',(-1.,0.,0.));
#1058=DIRECTION('center_axis',(0.,0.,-1.));
#1059=DIRECTION('ref_axis',(-1.,0.,0.));
#1060=DIRECTION('',(0.,0.,-1.));
#1061=DIRECTION('center_axis',(0.,0.,-1.));
#1062=DIRECTION('ref_axis',(1.,0.,0.));
#1063=DIRECTION('center_axis',(0.,0.,-1.));
#1064=DIRECTION('ref_axis',(-1.,0.,0.));
#1065=DIRECTION('center_axis',(0.,0.,-1.));
#1066=DIRECTION('ref_axis',(-1.,0.,0.));
#1067=DIRECTION('center_axis',(0.,0.,-1.));
#1068=DIRECTION('ref_axis',(-1.,0.,0.));
#1069=DIRECTION('center_axis',(0.,0.,-1.));
#1070=DIRECTION('ref_axis',(-1.,0.,0.));
#1071=DIRECTION('center_axis',(0.,0.,-1.));
#1072=DIRECTION('ref_axis',(-1.,0.,0.));
#1073=DIRECTION('center_axis',(0.,0.,-1.));
#1074=DIRECTION('ref_axis',(-1.,0.,0.));
#1075=DIRECTION('center_axis',(0.,0.,-1.));
#1076=DIRECTION('ref_axis',(-1.,0.,0.));
#1077=DIRECTION('center_axis',(0.,0.,-1.));
#1078=DIRECTION('ref_axis',(-1.,0.,0.));
#1079=DIRECTION('center_axis',(0.,0.,1.));
#1080=DIRECTION('ref_axis',(-1.,0.,0.));
#1081=DIRECTION('',(0.5,0.866025403784439,0.));
#1082=DIRECTION('',(0.5,0.866025403784439,0.));
#1083=DIRECTION('',(-0.5,-0.866025403784439,0.));
#1084=DIRECTION('center_axis',(0.,0.,1.));
#1085=DIRECTION('ref_axis',(-1.,0.,0.));
#1086=DIRECTION('',(-0.5,0.866025403784438,0.));
#1087=DIRECTION('',(-0.5,0.866025403784438,0.));
#1088=DIRECTION('',(0.5,-0.866025403784438,0.));
#1089=DIRECTION('center_axis',(0.,0.,1.));
#1090=DIRECTION('ref_axis',(-1.,0.,0.));
#1091=DIRECTION('',(-1.,-4.44089209850063E-16,0.));
#1092=DIRECTION('',(-1.,-4.44089209850063E-16,0.));
#1093=DIRECTION('',(1.,6.85935054184083E-16,0.));
#1094=DIRECTION('center_axis',(0.,0.,1.));
#1095=DIRECTION('ref_axis',(-1.,0.,0.));
#1096=DIRECTION('',(-0.5,-0.866025403784439,0.));
#1097=DIRECTION('',(-0.5,-0.866025403784439,0.));
#1098=DIRECTION('',(0.5,0.866025403784439,0.));
#1099=DIRECTION('center_axis',(0.,0.,1.));
#1100=DIRECTION('ref_axis',(-1.,0.,0.));
#1101=DIRECTION('',(0.5,-0.866025403784439,0.));
#1102=DIRECTION('',(0.5,-0.866025403784439,0.));
#1103=DIRECTION('',(-0.5,0.866025403784439,0.));
#1104=DIRECTION('',(-0.665230354654361,-0.746638182285391,0.));
#1105=DIRECTION('',(-1.,-2.28645018061361E-16,0.));
#1106=DIRECTION('',(0.313992455967405,-0.949425477641904,0.));
#1107=DIRECTION('',(0.979222810621766,-0.202787295356512,0.));
#1108=DIRECTION('',(0.665230354654361,0.746638182285392,0.));
#1109=DIRECTION('',(-0.313992455967405,0.949425477641904,0.));
#1110=DIRECTION('',(-0.979222810621766,0.202787295356512,0.));
#1111=DIRECTION('',(0.665230354654361,0.746638182285391,0.));
#1112=DIRECTION('',(0.979222810621766,-0.202787295356513,0.));
#1113=DIRECTION('',(0.313992455967405,-0.949425477641904,0.));
#1114=DIRECTION('',(-0.665230354654361,-0.746638182285391,0.));
#1115=DIRECTION('',(-0.979222810621766,0.202787295356512,0.));
#1116=DIRECTION('',(1.,1.11022302462516E-16,0.));
#1117=DIRECTION('',(1.,1.11022302462516E-16,0.));
#1118=DIRECTION('',(-0.313992455967405,0.949425477641904,0.));
#1119=DIRECTION('center_axis',(0.,0.,1.));
#1120=DIRECTION('ref_axis',(1.,0.,0.));
#1121=DIRECTION('center_axis',(0.,0.,1.));
#1122=DIRECTION('ref_axis',(-1.,0.,0.));
#1123=DIRECTION('center_axis',(0.,0.,1.));
#1124=DIRECTION('ref_axis',(-1.,0.,0.));
#1125=DIRECTION('center_axis',(0.,0.,1.));
#1126=DIRECTION('ref_axis',(-1.,0.,0.));
#1127=DIRECTION('center_axis',(0.,0.,1.));
#1128=DIRECTION('ref_axis',(-1.,0.,0.));
#1129=DIRECTION('center_axis',(0.,0.,1.));
#1130=DIRECTION('ref_axis',(-1.,0.,0.));
#1131=DIRECTION('center_axis',(0.,0.,1.));
#1132=DIRECTION('ref_axis',(-1.,0.,0.));
#1133=DIRECTION('center_axis',(0.,0.,1.));
#1134=DIRECTION('ref_axis',(-1.,0.,0.));
#1135=DIRECTION('center_axis',(0.,0.,1.));
#1136=DIRECTION('ref_axis',(-1.,0.,0.));
#1137=DIRECTION('center_axis',(0.,0.,1.));
#1138=DIRECTION('ref_axis',(-1.,0.,0.));
#1139=DIRECTION('center_axis',(0.,0.,1.));
#1140=DIRECTION('ref_axis',(-1.,0.,0.));
#1141=DIRECTION('center_axis',(0.,0.,1.));
#1142=DIRECTION('ref_axis',(-1.,0.,0.));
#1143=DIRECTION('center_axis',(0.,0.,1.));
#1144=DIRECTION('ref_axis',(-1.,0.,0.));
#1145=DIRECTION('center_axis',(0.,0.,1.));
#1146=DIRECTION('ref_axis',(-1.,0.,0.));
#1147=DIRECTION('center_axis',(0.,0.,1.));
#1148=DIRECTION('ref_axis',(-1.,0.,0.));
#1149=DIRECTION('center_axis',(0.,0.,1.));
#1150=DIRECTION('ref_axis',(-1.,0.,0.));
#1151=DIRECTION('center_axis',(0.,0.,1.));
#1152=DIRECTION('ref_axis',(-1.,0.,0.));
#1153=DIRECTION('center_axis',(0.,0.,1.));
#1154=DIRECTION('ref_axis',(-1.,0.,0.));
#1155=DIRECTION('center_axis',(0.,0.,1.));
#1156=DIRECTION('ref_axis',(-1.,0.,0.));
#1157=DIRECTION('center_axis',(0.,0.,1.));
#1158=DIRECTION('ref_axis',(-1.,0.,0.));
#1159=DIRECTION('center_axis',(0.,0.,1.));
#1160=DIRECTION('ref_axis',(-1.,0.,0.));
#1161=DIRECTION('center_axis',(0.,0.,1.));
#1162=DIRECTION('ref_axis',(1.,0.,0.));
#1163=DIRECTION('center_axis',(0.,0.,1.));
#1164=DIRECTION('ref_axis',(-1.,0.,0.));
#1165=DIRECTION('',(0.,0.,-1.));
#1166=DIRECTION('center_axis',(0.,0.,1.));
#1167=DIRECTION('ref_axis',(-1.,0.,0.));
#1168=DIRECTION('center_axis',(0.,0.,1.));
#1169=DIRECTION('ref_axis',(1.,0.,0.));
#1170=DIRECTION('',(0.,0.,-1.));
#1171=DIRECTION('center_axis',(0.,0.,1.));
#1172=DIRECTION('ref_axis',(1.,0.,0.));
#1173=DIRECTION('center_axis',(0.,0.,1.));
#1174=DIRECTION('ref_axis',(1.,0.,0.));
#1175=CARTESIAN_POINT('',(0.,0.,0.));
#1176=CARTESIAN_POINT('Origin',(23.5714990083224,-28.4549984097813,30.));
#1177=CARTESIAN_POINT('',(23.5714990083224,-28.4549984097813,30.));
#1178=CARTESIAN_POINT('',(30.,-17.3205080756888,30.));
#1179=CARTESIAN_POINT('',(20.,-34.6410161513775,30.));
#1180=CARTESIAN_POINT('',(36.4285009916776,-6.18601774159623,30.));
#1181=CARTESIAN_POINT('',(20.,-34.6410161513775,30.));
#1182=CARTESIAN_POINT('',(36.4285009916776,-6.18601774159624,29.2));
#1183=CARTESIAN_POINT('',(36.4285009916776,-6.18601774159625,17.9));
#1184=CARTESIAN_POINT('',(23.5714990083224,-28.4549984097813,29.2));
#1185=CARTESIAN_POINT('',(23.5714990083224,-28.4549984097813,29.2));
#1186=CARTESIAN_POINT('',(23.5714990083224,-28.4549984097813,17.9));
#1187=CARTESIAN_POINT('Origin',(30.,-17.3205080756888,29.2));
#1188=CARTESIAN_POINT('Origin',(0.,0.,29.2));
#1189=CARTESIAN_POINT('Origin',(-12.8570019833552,-34.6410161513776,30.));
#1190=CARTESIAN_POINT('',(-12.8570019833552,-34.6410161513775,30.));
#1191=CARTESIAN_POINT('',(1.77635683940025E-14,-34.6410161513775,30.));
#1192=CARTESIAN_POINT('',(-20.,-34.6410161513775,30.));
#1193=CARTESIAN_POINT('',(12.8570019833552,-34.6410161513775,30.));
#1194=CARTESIAN_POINT('',(-20.,-34.6410161513775,30.));
#1195=CARTESIAN_POINT('',(12.8570019833552,-34.6410161513775,29.2));
#1196=CARTESIAN_POINT('',(12.8570019833552,-34.6410161513775,17.9));
#1197=CARTESIAN_POINT('',(-12.8570019833552,-34.6410161513776,29.2));
#1198=CARTESIAN_POINT('',(-12.8570019833552,-34.6410161513776,29.2));
#1199=CARTESIAN_POINT('',(-12.8570019833552,-34.6410161513776,17.9));
#1200=CARTESIAN_POINT('Origin',(2.44249065417534E-14,-34.6410161513776,
29.2));
#1201=CARTESIAN_POINT('Origin',(0.,0.,29.2));
#1202=CARTESIAN_POINT('Origin',(-36.4285009916776,-6.18601774159628,30.));
#1203=CARTESIAN_POINT('',(-36.4285009916776,-6.18601774159624,30.));
#1204=CARTESIAN_POINT('',(-30.,-17.3205080756888,30.));
#1205=CARTESIAN_POINT('',(-40.,3.03364051160642E-16,30.));
#1206=CARTESIAN_POINT('',(-23.5714990083224,-28.4549984097813,30.));
#1207=CARTESIAN_POINT('',(-40.,3.03364051160642E-16,30.));
#1208=CARTESIAN_POINT('',(-23.5714990083224,-28.4549984097813,29.2));
#1209=CARTESIAN_POINT('',(-23.5714990083224,-28.4549984097813,17.9));
#1210=CARTESIAN_POINT('',(-36.4285009916776,-6.18601774159628,29.2));
#1211=CARTESIAN_POINT('',(-36.4285009916776,-6.18601774159628,29.2));
#1212=CARTESIAN_POINT('',(-36.4285009916776,-6.18601774159629,17.9));
#1213=CARTESIAN_POINT('Origin',(-30.,-17.3205080756888,29.2));
#1214=CARTESIAN_POINT('Origin',(0.,0.,29.2));
#1215=CARTESIAN_POINT('Origin',(-23.5714990083224,28.4549984097813,30.));
#1216=CARTESIAN_POINT('',(-23.5714990083224,28.4549984097813,30.));
#1217=CARTESIAN_POINT('',(-30.,17.3205080756887,30.));
#1218=CARTESIAN_POINT('',(-20.,34.6410161513775,30.));
#1219=CARTESIAN_POINT('',(-36.4285009916776,6.18601774159623,30.));
#1220=CARTESIAN_POINT('',(-20.,34.6410161513775,30.));
#1221=CARTESIAN_POINT('',(-36.4285009916776,6.18601774159621,29.2));
#1222=CARTESIAN_POINT('',(-36.4285009916776,6.18601774159621,17.9));
#1223=CARTESIAN_POINT('',(-23.5714990083224,28.4549984097813,29.2));
#1224=CARTESIAN_POINT('',(-23.5714990083224,28.4549984097813,29.2));
#1225=CARTESIAN_POINT('',(-23.5714990083224,28.4549984097813,17.9));
#1226=CARTESIAN_POINT('Origin',(-30.,17.3205080756887,29.2));
#1227=CARTESIAN_POINT('Origin',(0.,0.,29.2));
#1228=CARTESIAN_POINT('Origin',(12.8570019833552,34.6410161513776,30.));
#1229=CARTESIAN_POINT('',(12.8570019833552,34.6410161513775,30.));
#1230=CARTESIAN_POINT('',(-3.10862446895044E-14,34.6410161513775,30.));
#1231=CARTESIAN_POINT('',(20.,34.6410161513776,30.));
#1232=CARTESIAN_POINT('',(-12.8570019833552,34.6410161513775,30.));
#1233=CARTESIAN_POINT('',(20.,34.6410161513776,30.));
#1234=CARTESIAN_POINT('',(-12.8570019833553,34.6410161513775,29.2));
#1235=CARTESIAN_POINT('',(-12.8570019833552,34.6410161513775,17.9));
#1236=CARTESIAN_POINT('',(12.8570019833552,34.6410161513776,29.2));
#1237=CARTESIAN_POINT('',(12.8570019833552,34.6410161513776,29.2));
#1238=CARTESIAN_POINT('',(12.8570019833552,34.6410161513776,17.9));
#1239=CARTESIAN_POINT('Origin',(-3.99680288865056E-14,34.6410161513776,
29.2));
#1240=CARTESIAN_POINT('Origin',(0.,0.,29.2));
#1241=CARTESIAN_POINT('Origin',(36.4285009916776,6.18601774159629,30.));
#1242=CARTESIAN_POINT('',(36.4285009916776,6.18601774159626,30.));
#1243=CARTESIAN_POINT('',(30.,17.3205080756888,30.));
#1244=CARTESIAN_POINT('',(40.,1.44505706991944E-14,30.));
#1245=CARTESIAN_POINT('',(23.5714990083224,28.4549984097813,30.));
#1246=CARTESIAN_POINT('',(40.,1.44505706991944E-14,30.));
#1247=CARTESIAN_POINT('',(23.5714990083224,28.4549984097813,29.2));
#1248=CARTESIAN_POINT('',(23.5714990083224,28.4549984097813,17.9));
#1249=CARTESIAN_POINT('',(36.4285009916776,6.18601774159629,29.2));
#1250=CARTESIAN_POINT('',(36.4285009916776,6.18601774159629,29.2));
#1251=CARTESIAN_POINT('',(36.4285009916776,6.1860177415963,17.9));
#1252=CARTESIAN_POINT('Origin',(30.,17.3205080756888,29.2));
#1253=CARTESIAN_POINT('Origin',(0.,0.,29.2));
#1254=CARTESIAN_POINT('Origin',(0.,0.,17.9));
#1255=CARTESIAN_POINT('',(36.775710856758,-3.5846326143879,30.));
#1256=CARTESIAN_POINT('Origin',(0.,0.,30.));
#1257=CARTESIAN_POINT('',(36.775710856758,3.58463261438792,30.));
#1258=CARTESIAN_POINT('Origin',(0.,0.,30.));
#1259=CARTESIAN_POINT('Origin',(0.,0.,30.));
#1260=CARTESIAN_POINT('',(21.4922383356731,30.0563835369896,30.));
#1261=CARTESIAN_POINT('Origin',(0.,0.,30.));
#1262=CARTESIAN_POINT('',(15.2834725210848,33.6410161513776,30.));
#1263=CARTESIAN_POINT('Origin',(0.,0.,30.));
#1264=CARTESIAN_POINT('Origin',(0.,0.,30.));
#1265=CARTESIAN_POINT('',(-15.2834725210848,33.6410161513775,30.));
#1266=CARTESIAN_POINT('Origin',(0.,0.,30.));
#1267=CARTESIAN_POINT('',(-21.4922383356731,30.0563835369896,30.));
#1268=CARTESIAN_POINT('Origin',(0.,0.,30.));
#1269=CARTESIAN_POINT('Origin',(0.,0.,30.));
#1270=CARTESIAN_POINT('',(-36.775710856758,3.58463261438789,30.));
#1271=CARTESIAN_POINT('Origin',(0.,0.,30.));
#1272=CARTESIAN_POINT('',(-36.95,-4.52506992284947E-15,30.));
#1273=CARTESIAN_POINT('Origin',(0.,0.,30.));
#1274=CARTESIAN_POINT('',(-36.95,-4.52506992284947E-15,17.9));
#1275=CARTESIAN_POINT('',(-36.95,-4.52506992284947E-15,17.9));
#1276=CARTESIAN_POINT('Origin',(0.,0.,17.9));
#1277=CARTESIAN_POINT('',(-36.775710856758,-3.58463261438789,30.));
#1278=CARTESIAN_POINT('Origin',(0.,0.,30.));
#1279=CARTESIAN_POINT('Origin',(0.,0.,30.));
#1280=CARTESIAN_POINT('',(-21.4922383356732,-30.0563835369896,30.));
#1281=CARTESIAN_POINT('Origin',(0.,0.,30.));
#1282=CARTESIAN_POINT('',(-15.2834725210848,-33.6410161513775,30.));
#1283=CARTESIAN_POINT('Origin',(0.,0.,30.));
#1284=CARTESIAN_POINT('Origin',(0.,0.,30.));
#1285=CARTESIAN_POINT('',(15.2834725210848,-33.6410161513775,30.));
#1286=CARTESIAN_POINT('Origin',(0.,0.,30.));
#1287=CARTESIAN_POINT('',(21.4922383356731,-30.0563835369896,30.));
#1288=CARTESIAN_POINT('Origin',(0.,0.,30.));
#1289=CARTESIAN_POINT('Origin',(0.,0.,30.));
#1290=CARTESIAN_POINT('Origin',(0.,4.44089209850063E-15,30.));
#1291=CARTESIAN_POINT('',(20.,-34.6410161513775,30.));
#1292=CARTESIAN_POINT('',(20.,-34.6410161513775,30.));
#1293=CARTESIAN_POINT('',(19.4226497308104,-33.6410161513775,30.));
#1294=CARTESIAN_POINT('Origin',(0.,4.44089209850063E-15,30.));
#1295=CARTESIAN_POINT('',(40.,1.44505706991944E-14,30.));
#1296=CARTESIAN_POINT('',(40.,1.44505706991944E-14,30.));
#1297=CARTESIAN_POINT('',(38.8452994616207,1.33226762955019E-14,30.));
#1298=CARTESIAN_POINT('Origin',(0.,4.44089209850063E-15,30.));
#1299=CARTESIAN_POINT('',(20.,34.6410161513776,30.));
#1300=CARTESIAN_POINT('',(20.,34.6410161513776,30.));
#1301=CARTESIAN_POINT('',(19.4226497308104,33.6410161513776,30.));
#1302=CARTESIAN_POINT('Origin',(0.,4.44089209850063E-15,30.));
#1303=CARTESIAN_POINT('',(-20.,34.6410161513775,30.));
#1304=CARTESIAN_POINT('',(-20.,34.6410161513775,30.));
#1305=CARTESIAN_POINT('',(-19.4226497308104,33.6410161513775,30.));
#1306=CARTESIAN_POINT('Origin',(0.,4.44089209850063E-15,30.));
#1307=CARTESIAN_POINT('',(-40.,3.03364051160642E-16,30.));
#1308=CARTESIAN_POINT('',(-40.,3.03364051160642E-16,30.));
#1309=CARTESIAN_POINT('',(-38.8452994616207,-1.31838984174237E-15,30.));
#1310=CARTESIAN_POINT('Ctrl Pts',(-19.4226497308104,-33.6410161513775,30.));
#1311=CARTESIAN_POINT('Ctrl Pts',(-13.3666530194822,-37.1374474828743,46.1904761904762));
#1312=CARTESIAN_POINT('Ctrl Pts',(0.666821306922522,-40.7803374240215,78.5714285714285));
#1313=CARTESIAN_POINT('Ctrl Pts',(21.5479475588032,-34.6301717099991,127.142857142857));
#1314=CARTESIAN_POINT('Ctrl Pts',(33.8223535108896,-21.2929744995375,167.619047619047));
#1315=CARTESIAN_POINT('Ctrl Pts',(37.3291714651384,-11.3011185307102,191.904761904762));
#1316=CARTESIAN_POINT('Ctrl Pts',(38.0382033182524,-7.87733321513588,200.));
#1317=CARTESIAN_POINT('Ctrl Pts',(-25.8968663077472,-22.4273441009184,30.));
#1318=CARTESIAN_POINT('Ctrl Pts',(-21.8595351668618,-27.0892525429141,46.1904761904762));
#1319=CARTESIAN_POINT('Ctrl Pts',(-11.2165849722659,-34.1761092505445,78.5714285714285));
#1320=CARTESIAN_POINT('Ctrl Pts',(7.95975348624383,-35.0788330867788,127.142857142857));
#1321=CARTESIAN_POINT('Ctrl Pts',(22.0385423128301,-27.5078178683506,167.619047619047));
#1322=CARTESIAN_POINT('Ctrl Pts',(27.8452909746907,-20.1936023726035,191.904761904762));
#1323=CARTESIAN_POINT('Ctrl Pts',(29.4245125390828,-17.5451278085879,200.));
#1324=CARTESIAN_POINT('Ctrl Pts',(-32.371082884684,-11.2136720504592,30.));
#1325=CARTESIAN_POINT('Ctrl Pts',(-30.3524173142412,-17.0410576029538,46.1904761904762));
#1326=CARTESIAN_POINT('Ctrl Pts',(-23.0999912514542,-27.5718810770674,78.5714285714286));
#1327=CARTESIAN_POINT('Ctrl Pts',(-5.6284405863155,-35.5274944635584,127.142857142857));
#1328=CARTESIAN_POINT('Ctrl Pts',(10.2547311147706,-33.7226612371638,167.619047619048));
#1329=CARTESIAN_POINT('Ctrl Pts',(18.3614104842429,-29.0860862144968,191.904761904762));
#1330=CARTESIAN_POINT('Ctrl Pts',(20.8108217599132,-27.21292240204,200.));
#1331=CARTESIAN_POINT('Ctrl Pts',(-38.8452994616207,-1.31838984174237E-15,
30.));
#1332=CARTESIAN_POINT('Ctrl Pts',(-38.8452994616207,-6.99286266299357,46.1904761904762));
#1333=CARTESIAN_POINT('Ctrl Pts',(-34.9833975306426,-20.9676529035904,78.5714285714285));
#1334=CARTESIAN_POINT('Ctrl Pts',(-19.2166346588748,-35.976155840338,127.142857142857));
#1335=CARTESIAN_POINT('Ctrl Pts',(-1.52908008328893,-39.9375046059769,167.619047619047));
#1336=CARTESIAN_POINT('Ctrl Pts',(8.87752999379515,-37.9785700563901,191.904761904762));
#1337=CARTESIAN_POINT('Ctrl Pts',(12.1971309807436,-36.8807169954921,200.));
#1338=CARTESIAN_POINT('',(-19.4226497308104,-33.6410161513775,30.));
#1339=CARTESIAN_POINT('Ctrl Pts',(-21.4922383356732,-30.0563835369896,30.));
#1340=CARTESIAN_POINT('Ctrl Pts',(-20.8023754673856,-31.2512610751189,30.));
#1341=CARTESIAN_POINT('Ctrl Pts',(-20.112512599098,-32.4461386132482,30.));
#1342=CARTESIAN_POINT('Ctrl Pts',(-19.4226497308104,-33.6410161513775,30.));
#1343=CARTESIAN_POINT('',(-38.8452994616207,0.,30.));
#1344=CARTESIAN_POINT('Ctrl Pts',(-38.8452994616207,-1.31838984174237E-15,
30.));
#1345=CARTESIAN_POINT('Ctrl Pts',(-38.1554365933332,-1.1948775381293,30.));
#1346=CARTESIAN_POINT('Ctrl Pts',(-37.4655737250456,-2.3897550762586,30.));
#1347=CARTESIAN_POINT('Ctrl Pts',(-36.775710856758,-3.5846326143879,30.));
#1348=CARTESIAN_POINT('',(12.1971309807436,-36.8807169954921,200.));
#1349=CARTESIAN_POINT('Ctrl Pts',(-38.8452994616207,-1.31838984174237E-15,
30.));
#1350=CARTESIAN_POINT('Ctrl Pts',(-38.8452994616207,-6.99286266299357,46.1904761904762));
#1351=CARTESIAN_POINT('Ctrl Pts',(-34.9833975306426,-20.9676529035904,78.5714285714285));
#1352=CARTESIAN_POINT('Ctrl Pts',(-19.2166346588748,-35.976155840338,127.142857142857));
#1353=CARTESIAN_POINT('Ctrl Pts',(-1.52908008328893,-39.9375046059769,167.619047619047));
#1354=CARTESIAN_POINT('Ctrl Pts',(8.87752999379515,-37.9785700563901,191.904761904762));
#1355=CARTESIAN_POINT('Ctrl Pts',(12.1971309807436,-36.8807169954921,200.));
#1356=CARTESIAN_POINT('',(38.0382033182524,-7.87733321513588,200.));
#1357=CARTESIAN_POINT('',(12.1971309807436,-36.8807169954921,200.));
#1358=CARTESIAN_POINT('Ctrl Pts',(-19.4226497308104,-33.6410161513775,30.));
#1359=CARTESIAN_POINT('Ctrl Pts',(-13.3666530194822,-37.1374474828743,46.1904761904762));
#1360=CARTESIAN_POINT('Ctrl Pts',(0.666835623383187,-40.7803118468792,78.5714285714285));
#1361=CARTESIAN_POINT('Ctrl Pts',(21.5479397250098,-34.6301844921899,127.142857142857));
#1362=CARTESIAN_POINT('Ctrl Pts',(33.8223595853629,-21.2929712710944,167.619047619048));
#1363=CARTESIAN_POINT('Ctrl Pts',(37.3291714651384,-11.3011185307102,191.904761904762));
#1364=CARTESIAN_POINT('Ctrl Pts',(38.0382033182524,-7.87733321513588,200.));
#1365=CARTESIAN_POINT('Ctrl Pts',(19.4226497308104,-33.6410161513775,30.));
#1366=CARTESIAN_POINT('Ctrl Pts',(25.4786464421385,-30.1445848198808,46.1904761904762));
#1367=CARTESIAN_POINT('Ctrl Pts',(35.6502038453405,-19.8126593334413,78.5714285714285));
#1368=CARTESIAN_POINT('Ctrl Pts',(40.7645893704832,1.34597095497943,127.142857142857));
#1369=CARTESIAN_POINT('Ctrl Pts',(35.3514338355014,18.6445369813092,167.619047619048));
#1370=CARTESIAN_POINT('Ctrl Pts',(28.4516414713433,26.67745152568,191.904761904762));
#1371=CARTESIAN_POINT('Ctrl Pts',(25.8410723375088,29.0033837803562,200.));
#1372=CARTESIAN_POINT('Ctrl Pts',(6.4742165769368,-33.6410161513775,30.));
#1373=CARTESIAN_POINT('Ctrl Pts',(12.5302132882649,-32.4755390408786,46.1904761904762));
#1374=CARTESIAN_POINT('Ctrl Pts',(23.9890811046881,-26.8018768379206,78.5714285714285));
#1375=CARTESIAN_POINT('Ctrl Pts',(34.3590394886587,-10.6460808607437,127.142857142857));
#1376=CARTESIAN_POINT('Ctrl Pts',(34.8417424187886,5.33203423050803,167.619047619048));
#1377=CARTESIAN_POINT('Ctrl Pts',(31.4108181359417,14.0179281735499,191.904761904762));
#1378=CARTESIAN_POINT('Ctrl Pts',(29.9067826644234,16.7098114485255,200.));
#1379=CARTESIAN_POINT('Ctrl Pts',(-6.47421657693679,-33.6410161513775,30.));
#1380=CARTESIAN_POINT('Ctrl Pts',(-0.41821986560866,-34.8064932618765,46.1904761904762));
#1381=CARTESIAN_POINT('Ctrl Pts',(12.3279583640356,-33.7910943423999,78.5714285714285));
#1382=CARTESIAN_POINT('Ctrl Pts',(27.9534896068343,-22.6381326764668,127.142857142857));
#1383=CARTESIAN_POINT('Ctrl Pts',(34.3320510020757,-7.98046852029317,167.619047619048));
#1384=CARTESIAN_POINT('Ctrl Pts',(34.36999480054,1.35840482141989,191.904761904762));
#1385=CARTESIAN_POINT('Ctrl Pts',(33.9724929913379,4.41623911669482,200.));
#1386=CARTESIAN_POINT('Ctrl Pts',(-19.4226497308104,-33.6410161513775,30.));
#1387=CARTESIAN_POINT('Ctrl Pts',(-13.3666530194822,-37.1374474828743,46.1904761904762));
#1388=CARTESIAN_POINT('Ctrl Pts',(0.666835623383187,-40.7803118468792,78.5714285714285));
#1389=CARTESIAN_POINT('Ctrl Pts',(21.5479397250098,-34.6301844921899,127.142857142857));
#1390=CARTESIAN_POINT('Ctrl Pts',(33.8223595853629,-21.2929712710944,167.619047619048));
#1391=CARTESIAN_POINT('Ctrl Pts',(37.3291714651384,-11.3011185307102,191.904761904762));
#1392=CARTESIAN_POINT('Ctrl Pts',(38.0382033182524,-7.87733321513588,200.));
#1393=CARTESIAN_POINT('',(19.4226497308104,-33.6410161513775,30.));
#1394=CARTESIAN_POINT('Ctrl Pts',(15.2834725210848,-33.6410161513775,30.));
#1395=CARTESIAN_POINT('Ctrl Pts',(16.66319825766,-33.6410161513775,30.));
#1396=CARTESIAN_POINT('Ctrl Pts',(18.0429239942352,-33.6410161513775,30.));
#1397=CARTESIAN_POINT('Ctrl Pts',(19.4226497308104,-33.6410161513775,30.));
#1398=CARTESIAN_POINT('',(-19.4226497308104,-33.6410161513775,30.));
#1399=CARTESIAN_POINT('Ctrl Pts',(-19.4226497308104,-33.6410161513775,30.));
#1400=CARTESIAN_POINT('Ctrl Pts',(-18.0429239942352,-33.6410161513775,30.));
#1401=CARTESIAN_POINT('Ctrl Pts',(-16.66319825766,-33.6410161513775,30.));
#1402=CARTESIAN_POINT('Ctrl Pts',(-15.2834725210848,-33.6410161513775,30.));
#1403=CARTESIAN_POINT('',(25.8410723375088,29.0033837803562,200.));
#1404=CARTESIAN_POINT('',(38.0382033182524,-7.87733321513588,200.));
#1405=CARTESIAN_POINT('Ctrl Pts',(19.4226497308104,-33.6410161513775,30.));
#1406=CARTESIAN_POINT('Ctrl Pts',(25.4786464421385,-30.1445848198808,46.1904761904762));
#1407=CARTESIAN_POINT('Ctrl Pts',(35.6502038453405,-19.8126593334413,78.5714285714285));
#1408=CARTESIAN_POINT('Ctrl Pts',(40.7645893704832,1.34597095497943,127.142857142857));
#1409=CARTESIAN_POINT('Ctrl Pts',(35.3514338355014,18.6445369813092,167.619047619048));
#1410=CARTESIAN_POINT('Ctrl Pts',(28.4516414713433,26.67745152568,191.904761904762));
#1411=CARTESIAN_POINT('Ctrl Pts',(25.8410723375088,29.0033837803562,200.));
#1412=CARTESIAN_POINT('Ctrl Pts',(38.8452994616207,1.33226762955019E-14,
30.));
#1413=CARTESIAN_POINT('Ctrl Pts',(38.8452994616207,6.99286266299358,46.1904761904762));
#1414=CARTESIAN_POINT('Ctrl Pts',(34.9833682219572,20.9676525134378,78.5714285714285));
#1415=CARTESIAN_POINT('Ctrl Pts',(19.2166496454734,35.9761554471693,127.142857142857));
#1416=CARTESIAN_POINT('Ctrl Pts',(1.52907425013846,39.9375082524035,167.619047619048));
#1417=CARTESIAN_POINT('Ctrl Pts',(-8.87752999379516,37.9785700563901,191.904761904762));
#1418=CARTESIAN_POINT('Ctrl Pts',(-12.1971309807436,36.8807169954921,200.));
#1419=CARTESIAN_POINT('Ctrl Pts',(32.371082884684,-11.2136720504592,30.));
#1420=CARTESIAN_POINT('Ctrl Pts',(34.3897484551267,-5.38628649796453,46.1904761904762));
#1421=CARTESIAN_POINT('Ctrl Pts',(35.2056467630851,7.37421523114483,78.5714285714285));
#1422=CARTESIAN_POINT('Ctrl Pts',(26.3992962204766,24.4327606164393,127.142857142857));
#1423=CARTESIAN_POINT('Ctrl Pts',(12.8031941119261,32.8398511620388,167.619047619048));
#1424=CARTESIAN_POINT('Ctrl Pts',(3.56552716125098,34.2115305461534,191.904761904762));
#1425=CARTESIAN_POINT('Ctrl Pts',(0.482270125340525,34.2549392571135,200.));
#1426=CARTESIAN_POINT('Ctrl Pts',(25.8968663077472,-22.4273441009184,30.));
#1427=CARTESIAN_POINT('Ctrl Pts',(29.9341974486326,-17.7654356589226,46.1904761904762));
#1428=CARTESIAN_POINT('Ctrl Pts',(35.4279253042127,-6.21922205114825,78.5714285714285));
#1429=CARTESIAN_POINT('Ctrl Pts',(33.58194279548,12.8893657857094,127.142857142857));
#1430=CARTESIAN_POINT('Ctrl Pts',(24.0773139737137,25.742194071674,167.619047619048));
#1431=CARTESIAN_POINT('Ctrl Pts',(16.0085843162971,30.4444910359167,191.904761904762));
#1432=CARTESIAN_POINT('Ctrl Pts',(13.1616712314247,31.6291615187348,200.));
#1433=CARTESIAN_POINT('Ctrl Pts',(19.4226497308104,-33.6410161513775,30.));
#1434=CARTESIAN_POINT('Ctrl Pts',(25.4786464421385,-30.1445848198808,46.1904761904762));
#1435=CARTESIAN_POINT('Ctrl Pts',(35.6502038453405,-19.8126593334413,78.5714285714285));
#1436=CARTESIAN_POINT('Ctrl Pts',(40.7645893704832,1.34597095497943,127.142857142857));
#1437=CARTESIAN_POINT('Ctrl Pts',(35.3514338355014,18.6445369813092,167.619047619048));
#1438=CARTESIAN_POINT('Ctrl Pts',(28.4516414713433,26.67745152568,191.904761904762));
#1439=CARTESIAN_POINT('Ctrl Pts',(25.8410723375088,29.0033837803562,200.));
#1440=CARTESIAN_POINT('',(38.8452994616207,1.33226762955019E-14,30.));
#1441=CARTESIAN_POINT('Ctrl Pts',(36.775710856758,-3.5846326143879,30.));
#1442=CARTESIAN_POINT('Ctrl Pts',(37.4655737250456,-2.3897550762586,30.));
#1443=CARTESIAN_POINT('Ctrl Pts',(38.1554365933332,-1.19487753812929,30.));
#1444=CARTESIAN_POINT('Ctrl Pts',(38.8452994616207,1.33226762955019E-14,
30.));
#1445=CARTESIAN_POINT('Ctrl Pts',(19.4226497308104,-33.6410161513775,30.));
#1446=CARTESIAN_POINT('Ctrl Pts',(20.112512599098,-32.4461386132482,30.));
#1447=CARTESIAN_POINT('Ctrl Pts',(20.8023754673856,-31.2512610751189,30.));
#1448=CARTESIAN_POINT('Ctrl Pts',(21.4922383356732,-30.0563835369896,30.));
#1449=CARTESIAN_POINT('',(-12.1971309807436,36.8807169954921,200.));
#1450=CARTESIAN_POINT('',(25.8410723375088,29.0033837803562,200.));
#1451=CARTESIAN_POINT('Ctrl Pts',(38.8452994616207,1.33226762955019E-14,
30.));
#1452=CARTESIAN_POINT('Ctrl Pts',(38.8452994616207,6.99286266299358,46.1904761904762));
#1453=CARTESIAN_POINT('Ctrl Pts',(34.9833975306426,20.9676529035904,78.5714285714285));
#1454=CARTESIAN_POINT('Ctrl Pts',(19.2166346588748,35.976155840338,127.142857142857));
#1455=CARTESIAN_POINT('Ctrl Pts',(1.52908008328892,39.9375046059769,167.619047619047));
#1456=CARTESIAN_POINT('Ctrl Pts',(-8.87752999379516,37.9785700563901,191.904761904762));
#1457=CARTESIAN_POINT('Ctrl Pts',(-12.1971309807436,36.8807169954921,200.));
#1458=CARTESIAN_POINT('Ctrl Pts',(19.4226497308104,33.6410161513776,30.));
#1459=CARTESIAN_POINT('Ctrl Pts',(13.3666530194822,37.1374474828743,46.1904761904762));
#1460=CARTESIAN_POINT('Ctrl Pts',(-0.66682130692255,40.7803374240215,78.5714285714285));
#1461=CARTESIAN_POINT('Ctrl Pts',(-21.5479475588032,34.6301717099991,127.142857142857));
#1462=CARTESIAN_POINT('Ctrl Pts',(-33.8223535108896,21.2929744995375,167.619047619047));
#1463=CARTESIAN_POINT('Ctrl Pts',(-37.3291714651384,11.3011185307101,191.904761904762));
#1464=CARTESIAN_POINT('Ctrl Pts',(-38.0382033182524,7.87733321513585,200.));
#1465=CARTESIAN_POINT('Ctrl Pts',(25.8968663077472,22.4273441009184,30.));
#1466=CARTESIAN_POINT('Ctrl Pts',(21.8595351668617,27.0892525429141,46.1904761904762));
#1467=CARTESIAN_POINT('Ctrl Pts',(11.2165849722658,34.1761092505445,78.5714285714285));
#1468=CARTESIAN_POINT('Ctrl Pts',(-7.95975348624385,35.0788330867787,127.142857142857));
#1469=CARTESIAN_POINT('Ctrl Pts',(-22.0385423128301,27.5078178683506,167.619047619047));
#1470=CARTESIAN_POINT('Ctrl Pts',(-27.8452909746907,20.1936023726035,191.904761904762));
#1471=CARTESIAN_POINT('Ctrl Pts',(-29.4245125390828,17.5451278085879,200.));
#1472=CARTESIAN_POINT('Ctrl Pts',(32.371082884684,11.2136720504592,30.));
#1473=CARTESIAN_POINT('Ctrl Pts',(30.3524173142412,17.0410576029538,46.1904761904762));
#1474=CARTESIAN_POINT('Ctrl Pts',(23.0999912514542,27.5718810770675,78.5714285714285));
#1475=CARTESIAN_POINT('Ctrl Pts',(5.62844058631548,35.5274944635583,127.142857142857));
#1476=CARTESIAN_POINT('Ctrl Pts',(-10.2547311147706,33.7226612371638,167.619047619047));
#1477=CARTESIAN_POINT('Ctrl Pts',(-18.3614104842429,29.0860862144968,191.904761904762));
#1478=CARTESIAN_POINT('Ctrl Pts',(-20.8108217599132,27.21292240204,200.));
#1479=CARTESIAN_POINT('Ctrl Pts',(38.8452994616207,1.33226762955019E-14,
30.));
#1480=CARTESIAN_POINT('Ctrl Pts',(38.8452994616207,6.99286266299358,46.1904761904762));
#1481=CARTESIAN_POINT('Ctrl Pts',(34.9833975306426,20.9676529035904,78.5714285714285));
#1482=CARTESIAN_POINT('Ctrl Pts',(19.2166346588748,35.976155840338,127.142857142857));
#1483=CARTESIAN_POINT('Ctrl Pts',(1.52908008328892,39.9375046059769,167.619047619047));
#1484=CARTESIAN_POINT('Ctrl Pts',(-8.87752999379516,37.9785700563901,191.904761904762));
#1485=CARTESIAN_POINT('Ctrl Pts',(-12.1971309807436,36.8807169954921,200.));
#1486=CARTESIAN_POINT('',(19.4226497308104,33.6410161513776,30.));
#1487=CARTESIAN_POINT('Ctrl Pts',(21.4922383356731,30.0563835369896,30.));
#1488=CARTESIAN_POINT('Ctrl Pts',(20.8023754673855,31.2512610751189,30.));
#1489=CARTESIAN_POINT('Ctrl Pts',(20.112512599098,32.4461386132483,30.));
#1490=CARTESIAN_POINT('Ctrl Pts',(19.4226497308104,33.6410161513776,30.));
#1491=CARTESIAN_POINT('Ctrl Pts',(38.8452994616207,1.33226762955019E-14,
30.));
#1492=CARTESIAN_POINT('Ctrl Pts',(38.1554365933332,1.19487753812932,30.));
#1493=CARTESIAN_POINT('Ctrl Pts',(37.4655737250456,2.38975507625862,30.));
#1494=CARTESIAN_POINT('Ctrl Pts',(36.775710856758,3.58463261438792,30.));
#1495=CARTESIAN_POINT('',(-38.0382033182524,7.87733321513585,200.));
#1496=CARTESIAN_POINT('',(-12.1971309807436,36.8807169954921,200.));
#1497=CARTESIAN_POINT('Ctrl Pts',(19.4226497308104,33.6410161513776,30.));
#1498=CARTESIAN_POINT('Ctrl Pts',(13.3666530194822,37.1374474828743,46.1904761904762));
#1499=CARTESIAN_POINT('Ctrl Pts',(-0.66683562338321,40.7803118468792,78.5714285714285));
#1500=CARTESIAN_POINT('Ctrl Pts',(-21.5479397250098,34.6301844921899,127.142857142857));
#1501=CARTESIAN_POINT('Ctrl Pts',(-33.8223595853629,21.2929712710943,167.619047619048));
#1502=CARTESIAN_POINT('Ctrl Pts',(-37.3291714651384,11.3011185307101,191.904761904762));
#1503=CARTESIAN_POINT('Ctrl Pts',(-38.0382033182524,7.87733321513585,200.));
#1504=CARTESIAN_POINT('Ctrl Pts',(-19.4226497308104,33.6410161513775,30.));
#1505=CARTESIAN_POINT('Ctrl Pts',(-25.4786464421385,30.1445848198807,46.1904761904762));
#1506=CARTESIAN_POINT('Ctrl Pts',(-35.6502038453405,19.8126593334413,78.5714285714285));
#1507=CARTESIAN_POINT('Ctrl Pts',(-40.7645893704832,-1.34597095497944,127.142857142857));
#1508=CARTESIAN_POINT('Ctrl Pts',(-35.3514338355014,-18.6445369813092,167.619047619048));
#1509=CARTESIAN_POINT('Ctrl Pts',(-28.4516414713433,-26.67745152568,191.904761904762));
#1510=CARTESIAN_POINT('Ctrl Pts',(-25.8410723375088,-29.0033837803562,200.));
#1511=CARTESIAN_POINT('Ctrl Pts',(-6.4742165769368,33.6410161513775,30.));
#1512=CARTESIAN_POINT('Ctrl Pts',(-12.5302132882649,32.4755390408786,46.1904761904762));
#1513=CARTESIAN_POINT('Ctrl Pts',(-23.989081104688,26.8018768379206,78.5714285714285));
#1514=CARTESIAN_POINT('Ctrl Pts',(-34.3590394886587,10.6460808607437,127.142857142857));
#1515=CARTESIAN_POINT('Ctrl Pts',(-34.8417424187886,-5.33203423050803,167.619047619048));
#1516=CARTESIAN_POINT('Ctrl Pts',(-31.4108181359417,-14.0179281735499,191.904761904762));
#1517=CARTESIAN_POINT('Ctrl Pts',(-29.9067826644234,-16.7098114485255,200.));
#1518=CARTESIAN_POINT('Ctrl Pts',(6.47421657693678,33.6410161513775,30.));
#1519=CARTESIAN_POINT('Ctrl Pts',(0.418219865608649,34.8064932618765,46.1904761904762));
#1520=CARTESIAN_POINT('Ctrl Pts',(-12.3279583640356,33.7910943423999,78.5714285714285));
#1521=CARTESIAN_POINT('Ctrl Pts',(-27.9534896068343,22.6381326764668,127.142857142857));
#1522=CARTESIAN_POINT('Ctrl Pts',(-34.3320510020757,7.98046852029315,167.619047619048));
#1523=CARTESIAN_POINT('Ctrl Pts',(-34.36999480054,-1.3584048214199,191.904761904762));
#1524=CARTESIAN_POINT('Ctrl Pts',(-33.9724929913379,-4.41623911669484,200.));
#1525=CARTESIAN_POINT('Ctrl Pts',(19.4226497308104,33.6410161513776,30.));
#1526=CARTESIAN_POINT('Ctrl Pts',(13.3666530194822,37.1374474828743,46.1904761904762));
#1527=CARTESIAN_POINT('Ctrl Pts',(-0.66683562338321,40.7803118468792,78.5714285714285));
#1528=CARTESIAN_POINT('Ctrl Pts',(-21.5479397250098,34.6301844921899,127.142857142857));
#1529=CARTESIAN_POINT('Ctrl Pts',(-33.8223595853629,21.2929712710943,167.619047619048));
#1530=CARTESIAN_POINT('Ctrl Pts',(-37.3291714651384,11.3011185307101,191.904761904762));
#1531=CARTESIAN_POINT('Ctrl Pts',(-38.0382033182524,7.87733321513585,200.));
#1532=CARTESIAN_POINT('',(-19.4226497308104,33.6410161513775,30.));
#1533=CARTESIAN_POINT('Ctrl Pts',(-15.2834725210848,33.6410161513775,30.));
#1534=CARTESIAN_POINT('Ctrl Pts',(-16.66319825766,33.6410161513775,30.));
#1535=CARTESIAN_POINT('Ctrl Pts',(-18.0429239942352,33.6410161513775,30.));
#1536=CARTESIAN_POINT('Ctrl Pts',(-19.4226497308104,33.6410161513775,30.));
#1537=CARTESIAN_POINT('Ctrl Pts',(19.4226497308104,33.6410161513776,30.));
#1538=CARTESIAN_POINT('Ctrl Pts',(18.0429239942352,33.6410161513776,30.));
#1539=CARTESIAN_POINT('Ctrl Pts',(16.66319825766,33.6410161513776,30.));
#1540=CARTESIAN_POINT('Ctrl Pts',(15.2834725210848,33.6410161513776,30.));
#1541=CARTESIAN_POINT('',(-25.8410723375088,-29.0033837803562,200.));
#1542=CARTESIAN_POINT('',(-38.0382033182524,7.87733321513585,200.));
#1543=CARTESIAN_POINT('Ctrl Pts',(-19.4226497308104,33.6410161513775,30.));
#1544=CARTESIAN_POINT('Ctrl Pts',(-25.4786464421385,30.1445848198807,46.1904761904762));
#1545=CARTESIAN_POINT('Ctrl Pts',(-35.6502038453405,19.8126593334413,78.5714285714285));
#1546=CARTESIAN_POINT('Ctrl Pts',(-40.7645893704832,-1.34597095497944,127.142857142857));
#1547=CARTESIAN_POINT('Ctrl Pts',(-35.3514338355014,-18.6445369813092,167.619047619048));
#1548=CARTESIAN_POINT('Ctrl Pts',(-28.4516414713433,-26.67745152568,191.904761904762));
#1549=CARTESIAN_POINT('Ctrl Pts',(-25.8410723375088,-29.0033837803562,200.));
#1550=CARTESIAN_POINT('Ctrl Pts',(-38.8452994616207,4.44089209850063E-15,
30.));
#1551=CARTESIAN_POINT('Ctrl Pts',(-38.8452994616207,-6.99286266299357,46.1904761904762));
#1552=CARTESIAN_POINT('Ctrl Pts',(-34.9833682219573,-20.9676525134378,78.5714285714285));
#1553=CARTESIAN_POINT('Ctrl Pts',(-19.2166496454734,-35.9761554471693,127.142857142857));
#1554=CARTESIAN_POINT('Ctrl Pts',(-1.5290742501385,-39.9375082524035,167.619047619048));
#1555=CARTESIAN_POINT('Ctrl Pts',(8.87752999379515,-37.9785700563901,191.904761904762));
#1556=CARTESIAN_POINT('Ctrl Pts',(12.1971309807436,-36.8807169954921,200.));
#1557=CARTESIAN_POINT('Ctrl Pts',(-32.371082884684,11.2136720504592,30.));
#1558=CARTESIAN_POINT('Ctrl Pts',(-34.3897484551267,5.38628649796453,46.1904761904762));
#1559=CARTESIAN_POINT('Ctrl Pts',(-35.2056467630851,-7.3742152311448,78.5714285714285));
#1560=CARTESIAN_POINT('Ctrl Pts',(-26.3992962204766,-24.4327606164393,127.142857142857));
#1561=CARTESIAN_POINT('Ctrl Pts',(-12.8031941119261,-32.8398511620388,167.619047619048));
#1562=CARTESIAN_POINT('Ctrl Pts',(-3.56552716125099,-34.2115305461534,191.904761904762));
#1563=CARTESIAN_POINT('Ctrl Pts',(-0.482270125340536,-34.2549392571134,
200.));
#1564=CARTESIAN_POINT('Ctrl Pts',(-25.8968663077472,22.4273441009184,30.));
#1565=CARTESIAN_POINT('Ctrl Pts',(-29.9341974486326,17.7654356589226,46.1904761904762));
#1566=CARTESIAN_POINT('Ctrl Pts',(-35.4279253042127,6.21922205114825,78.5714285714285));
#1567=CARTESIAN_POINT('Ctrl Pts',(-33.58194279548,-12.8893657857094,127.142857142857));
#1568=CARTESIAN_POINT('Ctrl Pts',(-24.0773139737137,-25.742194071674,167.619047619048));
#1569=CARTESIAN_POINT('Ctrl Pts',(-16.0085843162971,-30.4444910359167,191.904761904762));
#1570=CARTESIAN_POINT('Ctrl Pts',(-13.1616712314247,-31.6291615187348,200.));
#1571=CARTESIAN_POINT('Ctrl Pts',(-19.4226497308104,33.6410161513775,30.));
#1572=CARTESIAN_POINT('Ctrl Pts',(-25.4786464421385,30.1445848198807,46.1904761904762));
#1573=CARTESIAN_POINT('Ctrl Pts',(-35.6502038453405,19.8126593334413,78.5714285714285));
#1574=CARTESIAN_POINT('Ctrl Pts',(-40.7645893704832,-1.34597095497944,127.142857142857));
#1575=CARTESIAN_POINT('Ctrl Pts',(-35.3514338355014,-18.6445369813092,167.619047619048));
#1576=CARTESIAN_POINT('Ctrl Pts',(-28.4516414713433,-26.67745152568,191.904761904762));
#1577=CARTESIAN_POINT('Ctrl Pts',(-25.8410723375088,-29.0033837803562,200.));
#1578=CARTESIAN_POINT('Ctrl Pts',(-36.775710856758,3.5846326143879,30.));
#1579=CARTESIAN_POINT('Ctrl Pts',(-37.4655737250456,2.3897550762586,30.));
#1580=CARTESIAN_POINT('Ctrl Pts',(-38.1554365933332,1.1948775381293,30.));
#1581=CARTESIAN_POINT('Ctrl Pts',(-38.8452994616207,4.44089209850063E-15,
30.));
#1582=CARTESIAN_POINT('Ctrl Pts',(-19.4226497308104,33.6410161513775,30.));
#1583=CARTESIAN_POINT('Ctrl Pts',(-20.112512599098,32.4461386132482,30.));
#1584=CARTESIAN_POINT('Ctrl Pts',(-20.8023754673856,31.2512610751189,30.));
#1585=CARTESIAN_POINT('Ctrl Pts',(-21.4922383356732,30.0563835369896,30.));
#1586=CARTESIAN_POINT('',(-25.8410723375088,-29.0033837803562,200.));
#1587=CARTESIAN_POINT('Ctrl Pts',(-40.,3.03364051160642E-16,30.));
#1588=CARTESIAN_POINT('Ctrl Pts',(-40.,-7.20072982822803,46.1904761904762));
#1589=CARTESIAN_POINT('Ctrl Pts',(-36.0233076886887,-21.590929439967,78.5714285714286));
#1590=CARTESIAN_POINT('Ctrl Pts',(-19.787857387951,-37.045569407686,127.142857142857));
#1591=CARTESIAN_POINT('Ctrl Pts',(-1.57453434449546,-41.1246707404501,167.619047619048));
#1592=CARTESIAN_POINT('Ctrl Pts',(9.14142006042834,-39.1075065274377,191.904761904762));
#1593=CARTESIAN_POINT('Ctrl Pts',(12.5596982386962,-37.9770191056762,200.));
#1594=CARTESIAN_POINT('Ctrl Pts',(-33.3333333333333,-11.5470053837925,30.));
#1595=CARTESIAN_POINT('Ctrl Pts',(-31.2546616809887,-17.5476135739825,46.1904761904762));
#1596=CARTESIAN_POINT('Ctrl Pts',(-23.7866586117977,-28.391474395555,78.5714285714286));
#1597=CARTESIAN_POINT('Ctrl Pts',(-5.79574642172053,-36.5835702345481,127.142857142857));
#1598=CARTESIAN_POINT('Ctrl Pts',(10.5595579074206,-34.7250878641964,167.619047619048));
#1599=CARTESIAN_POINT('Ctrl Pts',(18.9072147608326,-29.9506881065329,191.904761904762));
#1600=CARTESIAN_POINT('Ctrl Pts',(21.4294363007543,-28.0218433418709,200.));
#1601=CARTESIAN_POINT('Ctrl Pts',(-26.6666666666667,-23.094010767585,30.));
#1602=CARTESIAN_POINT('Ctrl Pts',(-22.5093233619775,-27.894497319737,46.1904761904762));
#1603=CARTESIAN_POINT('Ctrl Pts',(-11.5500095349066,-35.1920193511431,78.5714285714286));
#1604=CARTESIAN_POINT('Ctrl Pts',(8.19636454450986,-36.1215710614101,127.142857142857));
#1605=CARTESIAN_POINT('Ctrl Pts',(22.6936501593366,-28.3255049879428,167.619047619048));
#1606=CARTESIAN_POINT('Ctrl Pts',(28.6730094612368,-20.7938696856281,191.904761904762));
#1607=CARTESIAN_POINT('Ctrl Pts',(30.2991743628125,-18.0666675780657,200.));
#1608=CARTESIAN_POINT('Ctrl Pts',(-20.,-34.6410161513775,30.));
#1609=CARTESIAN_POINT('Ctrl Pts',(-13.7639850429662,-38.2413810654916,46.1904761904762));
#1610=CARTESIAN_POINT('Ctrl Pts',(0.686639541984392,-41.9925643067311,78.5714285714286));
#1611=CARTESIAN_POINT('Ctrl Pts',(22.1884755107403,-35.6595718882722,127.142857142857));
#1612=CARTESIAN_POINT('Ctrl Pts',(34.8277424112526,-21.9259221116892,167.619047619048));
#1613=CARTESIAN_POINT('Ctrl Pts',(38.438804161641,-11.6370512647232,191.904761904762));
#1614=CARTESIAN_POINT('Ctrl Pts',(39.1689124248706,-8.11149181426052,200.));
#1615=CARTESIAN_POINT('',(-40.,3.03364051160642E-16,30.));
#1616=CARTESIAN_POINT('Ctrl Pts',(-36.4285009916776,-6.18601774159624,30.));
#1617=CARTESIAN_POINT('Ctrl Pts',(-37.6190006611184,-4.12401182773083,30.));
#1618=CARTESIAN_POINT('Ctrl Pts',(-38.8095003305592,-2.06200591386541,30.));
#1619=CARTESIAN_POINT('Ctrl Pts',(-40.,3.03364051160642E-16,30.));
#1620=CARTESIAN_POINT('',(-20.,-34.6410161513775,30.));
#1621=CARTESIAN_POINT('Ctrl Pts',(-20.,-34.6410161513775,30.));
#1622=CARTESIAN_POINT('Ctrl Pts',(-21.1904996694408,-32.5790102375121,30.));
#1623=CARTESIAN_POINT('Ctrl Pts',(-22.3809993388816,-30.5170043236467,30.));
#1624=CARTESIAN_POINT('Ctrl Pts',(-23.5714990083224,-28.4549984097813,30.));
#1625=CARTESIAN_POINT('',(39.1689124248706,-8.11149181426052,200.));
#1626=CARTESIAN_POINT('Ctrl Pts',(-20.,-34.6410161513775,30.));
#1627=CARTESIAN_POINT('Ctrl Pts',(-13.7639850429662,-38.2413810654916,46.1904761904762));
#1628=CARTESIAN_POINT('Ctrl Pts',(0.686639541984392,-41.9925643067311,78.5714285714286));
#1629=CARTESIAN_POINT('Ctrl Pts',(22.1884755107403,-35.6595718882722,127.142857142857));
#1630=CARTESIAN_POINT('Ctrl Pts',(34.8277424112526,-21.9259221116892,167.619047619048));
#1631=CARTESIAN_POINT('Ctrl Pts',(38.438804161641,-11.6370512647232,191.904761904762));
#1632=CARTESIAN_POINT('Ctrl Pts',(39.1689124248706,-8.11149181426052,200.));
#1633=CARTESIAN_POINT('',(12.5596982386962,-37.9770191056762,200.));
#1634=CARTESIAN_POINT('',(12.5596982386962,-37.9770191056762,200.));
#1635=CARTESIAN_POINT('Ctrl Pts',(-40.,0.,30.));
#1636=CARTESIAN_POINT('Ctrl Pts',(-40.,-7.20072982822803,46.1904761904762));
#1637=CARTESIAN_POINT('Ctrl Pts',(-36.0232769052336,-21.5909290315937,78.5714285714286));
#1638=CARTESIAN_POINT('Ctrl Pts',(-19.7878731508842,-37.0455689912773,127.142857142857));
#1639=CARTESIAN_POINT('Ctrl Pts',(-1.57452820350508,-41.1246745717224,167.619047619048));
#1640=CARTESIAN_POINT('Ctrl Pts',(9.14142006042834,-39.1075065274377,191.904761904762));
#1641=CARTESIAN_POINT('Ctrl Pts',(12.5596982386962,-37.9770191056762,200.));
#1642=CARTESIAN_POINT('Ctrl Pts',(-20.,34.6410161513775,30.));
#1643=CARTESIAN_POINT('Ctrl Pts',(-26.2360149570338,31.0406512372635,46.1904761904762));
#1644=CARTESIAN_POINT('Ctrl Pts',(-36.7099314852839,20.4016084116967,78.5714285714286));
#1645=CARTESIAN_POINT('Ctrl Pts',(-41.9763404195373,-1.38598366010897,127.142857142857));
#1646=CARTESIAN_POINT('Ctrl Pts',(-36.4022770032321,-19.1987558626507,167.619047619048));
#1647=CARTESIAN_POINT('Ctrl Pts',(-29.2973841012126,-27.4704552627145,191.904761904762));
#1648=CARTESIAN_POINT('Ctrl Pts',(-26.6092141861744,-29.8655272914157,200.));
#1649=CARTESIAN_POINT('Ctrl Pts',(-26.6666666666667,23.094010767585,30.));
#1650=CARTESIAN_POINT('Ctrl Pts',(-30.8240099713559,18.293524215433,46.1904761904762));
#1651=CARTESIAN_POINT('Ctrl Pts',(-36.4810466252671,6.40409593059995,78.5714285714286));
#1652=CARTESIAN_POINT('Ctrl Pts',(-34.5801846633196,-13.2725121038318,127.142857142857));
#1653=CARTESIAN_POINT('Ctrl Pts',(-24.7930274033231,-26.5073954323413,167.619047619048));
#1654=CARTESIAN_POINT('Ctrl Pts',(-16.4844493806656,-31.3494723509555,191.904761904762));
#1655=CARTESIAN_POINT('Ctrl Pts',(-13.5529100445509,-32.5693578961692,200.));
#1656=CARTESIAN_POINT('Ctrl Pts',(-33.3333333333333,11.5470053837925,30.));
#1657=CARTESIAN_POINT('Ctrl Pts',(-35.412004985678,5.54639719360248,46.1904761904762));
#1658=CARTESIAN_POINT('Ctrl Pts',(-36.2521617652504,-7.59341655049685,78.5714285714286));
#1659=CARTESIAN_POINT('Ctrl Pts',(-27.1840289071019,-25.1590405475546,127.142857142857));
#1660=CARTESIAN_POINT('Ctrl Pts',(-13.1837778034141,-33.8160350020318,167.619047619048));
#1661=CARTESIAN_POINT('Ctrl Pts',(-3.67151466011865,-35.2284894391966,191.904761904762));
#1662=CARTESIAN_POINT('Ctrl Pts',(-0.496605902927347,-35.2731885009227,
200.));
#1663=CARTESIAN_POINT('Ctrl Pts',(-40.,0.,30.));
#1664=CARTESIAN_POINT('Ctrl Pts',(-40.,-7.20072982822803,46.1904761904762));
#1665=CARTESIAN_POINT('Ctrl Pts',(-36.0232769052336,-21.5909290315937,78.5714285714286));
#1666=CARTESIAN_POINT('Ctrl Pts',(-19.7878731508842,-37.0455689912773,127.142857142857));
#1667=CARTESIAN_POINT('Ctrl Pts',(-1.57452820350508,-41.1246745717224,167.619047619048));
#1668=CARTESIAN_POINT('Ctrl Pts',(9.14142006042834,-39.1075065274377,191.904761904762));
#1669=CARTESIAN_POINT('Ctrl Pts',(12.5596982386962,-37.9770191056762,200.));
#1670=CARTESIAN_POINT('',(-20.,34.6410161513775,30.));
#1671=CARTESIAN_POINT('Ctrl Pts',(-23.5714990083224,28.4549984097813,30.));
#1672=CARTESIAN_POINT('Ctrl Pts',(-22.3809993388816,30.5170043236467,30.));
#1673=CARTESIAN_POINT('Ctrl Pts',(-21.1904996694408,32.5790102375121,30.));
#1674=CARTESIAN_POINT('Ctrl Pts',(-20.,34.6410161513775,30.));
#1675=CARTESIAN_POINT('Ctrl Pts',(-40.,0.,30.));
#1676=CARTESIAN_POINT('Ctrl Pts',(-38.8095003305592,2.06200591386541,30.));
#1677=CARTESIAN_POINT('Ctrl Pts',(-37.6190006611184,4.12401182773082,30.));
#1678=CARTESIAN_POINT('Ctrl Pts',(-36.4285009916776,6.18601774159623,30.));
#1679=CARTESIAN_POINT('',(-26.6092141861744,-29.8655272914157,200.));
#1680=CARTESIAN_POINT('',(-26.6092141861744,-29.8655272914157,200.));
#1681=CARTESIAN_POINT('Ctrl Pts',(-20.,34.6410161513775,30.));
#1682=CARTESIAN_POINT('Ctrl Pts',(-26.2360149570338,31.0406512372635,46.1904761904762));
#1683=CARTESIAN_POINT('Ctrl Pts',(-36.7099314852839,20.4016084116967,78.5714285714286));
#1684=CARTESIAN_POINT('Ctrl Pts',(-41.9763404195373,-1.38598366010897,127.142857142857));
#1685=CARTESIAN_POINT('Ctrl Pts',(-36.4022770032321,-19.1987558626507,167.619047619048));
#1686=CARTESIAN_POINT('Ctrl Pts',(-29.2973841012126,-27.4704552627145,191.904761904762));
#1687=CARTESIAN_POINT('Ctrl Pts',(-26.6092141861744,-29.8655272914157,200.));
#1688=CARTESIAN_POINT('Ctrl Pts',(20.,34.6410161513776,30.));
#1689=CARTESIAN_POINT('Ctrl Pts',(13.7639850429662,38.2413810654916,46.1904761904762));
#1690=CARTESIAN_POINT('Ctrl Pts',(-0.686654580050246,41.9925374432904,78.5714285714286));
#1691=CARTESIAN_POINT('Ctrl Pts',(-22.1884672686532,35.6595853311684,127.142857142857));
#1692=CARTESIAN_POINT('Ctrl Pts',(-34.827748799727,21.9259187090717,167.619047619048));
#1693=CARTESIAN_POINT('Ctrl Pts',(-38.438804161641,11.6370512647232,191.904761904762));
#1694=CARTESIAN_POINT('Ctrl Pts',(-39.1689124248706,8.1114918142605,200.));
#1695=CARTESIAN_POINT('Ctrl Pts',(6.66666666666666,34.6410161513775,30.));
#1696=CARTESIAN_POINT('Ctrl Pts',(0.430651709632835,35.8411377894156,46.1904761904762));
#1697=CARTESIAN_POINT('Ctrl Pts',(-12.6944135484615,34.7955610994259,78.5714285714286));
#1698=CARTESIAN_POINT('Ctrl Pts',(-28.7844249856145,23.311062334076,127.142857142857));
#1699=CARTESIAN_POINT('Ctrl Pts',(-35.3525915342287,8.21769385183086,167.619047619048));
#1700=CARTESIAN_POINT('Ctrl Pts',(-35.3916641414982,-1.39878424442268,191.904761904762));
#1701=CARTESIAN_POINT('Ctrl Pts',(-34.9823463453052,-4.54751455429822,200.));
#1702=CARTESIAN_POINT('Ctrl Pts',(-6.66666666666668,34.6410161513775,30.));
#1703=CARTESIAN_POINT('Ctrl Pts',(-12.9026816237005,33.4408945133395,46.1904761904762));
#1704=CARTESIAN_POINT('Ctrl Pts',(-24.7021725168727,27.5985847555613,78.5714285714286));
#1705=CARTESIAN_POINT('Ctrl Pts',(-35.380382702576,10.9625393369835,127.142857142857));
#1706=CARTESIAN_POINT('Ctrl Pts',(-35.8774342687304,-5.49053100540992,167.619047619048));
#1707=CARTESIAN_POINT('Ctrl Pts',(-32.3445241213554,-14.4346197535686,191.904761904762));
#1708=CARTESIAN_POINT('Ctrl Pts',(-30.7957802657398,-17.2065209228569,200.));
#1709=CARTESIAN_POINT('Ctrl Pts',(-20.,34.6410161513775,30.));
#1710=CARTESIAN_POINT('Ctrl Pts',(-26.2360149570338,31.0406512372635,46.1904761904762));
#1711=CARTESIAN_POINT('Ctrl Pts',(-36.7099314852839,20.4016084116967,78.5714285714286));
#1712=CARTESIAN_POINT('Ctrl Pts',(-41.9763404195373,-1.38598366010897,127.142857142857));
#1713=CARTESIAN_POINT('Ctrl Pts',(-36.4022770032321,-19.1987558626507,167.619047619048));
#1714=CARTESIAN_POINT('Ctrl Pts',(-29.2973841012126,-27.4704552627145,191.904761904762));
#1715=CARTESIAN_POINT('Ctrl Pts',(-26.6092141861744,-29.8655272914157,200.));
#1716=CARTESIAN_POINT('',(20.,34.6410161513776,30.));
#1717=CARTESIAN_POINT('Ctrl Pts',(12.8570019833552,34.6410161513775,30.));
#1718=CARTESIAN_POINT('Ctrl Pts',(15.2380013222368,34.6410161513775,30.));
#1719=CARTESIAN_POINT('Ctrl Pts',(17.6190006611184,34.6410161513775,30.));
#1720=CARTESIAN_POINT('Ctrl Pts',(20.,34.6410161513776,30.));
#1721=CARTESIAN_POINT('Ctrl Pts',(-20.,34.6410161513775,30.));
#1722=CARTESIAN_POINT('Ctrl Pts',(-17.6190006611184,34.6410161513775,30.));
#1723=CARTESIAN_POINT('Ctrl Pts',(-15.2380013222368,34.6410161513775,30.));
#1724=CARTESIAN_POINT('Ctrl Pts',(-12.8570019833553,34.6410161513775,30.));
#1725=CARTESIAN_POINT('',(-39.1689124248706,8.1114918142605,200.));
#1726=CARTESIAN_POINT('',(-39.1689124248706,8.1114918142605,200.));
#1727=CARTESIAN_POINT('Ctrl Pts',(20.,34.6410161513776,30.));
#1728=CARTESIAN_POINT('Ctrl Pts',(13.7639850429662,38.2413810654916,46.1904761904762));
#1729=CARTESIAN_POINT('Ctrl Pts',(-0.6866395419844,41.9925643067311,78.5714285714286));
#1730=CARTESIAN_POINT('Ctrl Pts',(-22.1884755107403,35.6595718882722,127.142857142857));
#1731=CARTESIAN_POINT('Ctrl Pts',(-34.8277424112526,21.9259221116891,167.619047619048));
#1732=CARTESIAN_POINT('Ctrl Pts',(-38.438804161641,11.6370512647232,191.904761904762));
#1733=CARTESIAN_POINT('Ctrl Pts',(-39.1689124248706,8.1114918142605,200.));
#1734=CARTESIAN_POINT('Ctrl Pts',(40.,1.44505706991944E-14,30.));
#1735=CARTESIAN_POINT('Ctrl Pts',(40.,7.20072982822805,46.1904761904762));
#1736=CARTESIAN_POINT('Ctrl Pts',(36.0233076886887,21.590929439967,78.5714285714286));
#1737=CARTESIAN_POINT('Ctrl Pts',(19.7878573879509,37.045569407686,127.142857142857));
#1738=CARTESIAN_POINT('Ctrl Pts',(1.57453434449547,41.1246707404501,167.619047619048));
#1739=CARTESIAN_POINT('Ctrl Pts',(-9.14142006042835,39.1075065274377,191.904761904762));
#1740=CARTESIAN_POINT('Ctrl Pts',(-12.5596982386962,37.9770191056762,200.));
#1741=CARTESIAN_POINT('Ctrl Pts',(33.3333333333333,11.5470053837925,30.));
#1742=CARTESIAN_POINT('Ctrl Pts',(31.2546616809887,17.5476135739826,46.1904761904762));
#1743=CARTESIAN_POINT('Ctrl Pts',(23.7866586117976,28.391474395555,78.5714285714286));
#1744=CARTESIAN_POINT('Ctrl Pts',(5.79574642172052,36.5835702345481,127.142857142857));
#1745=CARTESIAN_POINT('Ctrl Pts',(-10.5595579074206,34.7250878641965,167.619047619048));
#1746=CARTESIAN_POINT('Ctrl Pts',(-18.9072147608326,29.9506881065329,191.904761904762));
#1747=CARTESIAN_POINT('Ctrl Pts',(-21.4294363007544,28.0218433418709,200.));
#1748=CARTESIAN_POINT('Ctrl Pts',(26.6666666666667,23.094010767585,30.));
#1749=CARTESIAN_POINT('Ctrl Pts',(22.5093233619774,27.8944973197371,46.1904761904762));
#1750=CARTESIAN_POINT('Ctrl Pts',(11.5500095349066,35.1920193511431,78.5714285714286));
#1751=CARTESIAN_POINT('Ctrl Pts',(-8.19636454450989,36.1215710614101,127.142857142857));
#1752=CARTESIAN_POINT('Ctrl Pts',(-22.6936501593366,28.3255049879428,167.619047619048));
#1753=CARTESIAN_POINT('Ctrl Pts',(-28.6730094612368,20.793869685628,191.904761904762));
#1754=CARTESIAN_POINT('Ctrl Pts',(-30.2991743628125,18.0666675780657,200.));
#1755=CARTESIAN_POINT('Ctrl Pts',(20.,34.6410161513776,30.));
#1756=CARTESIAN_POINT('Ctrl Pts',(13.7639850429662,38.2413810654916,46.1904761904762));
#1757=CARTESIAN_POINT('Ctrl Pts',(-0.6866395419844,41.9925643067311,78.5714285714286));
#1758=CARTESIAN_POINT('Ctrl Pts',(-22.1884755107403,35.6595718882722,127.142857142857));
#1759=CARTESIAN_POINT('Ctrl Pts',(-34.8277424112526,21.9259221116891,167.619047619048));
#1760=CARTESIAN_POINT('Ctrl Pts',(-38.438804161641,11.6370512647232,191.904761904762));
#1761=CARTESIAN_POINT('Ctrl Pts',(-39.1689124248706,8.1114918142605,200.));
#1762=CARTESIAN_POINT('',(40.,4.89858719658941E-15,30.));
#1763=CARTESIAN_POINT('Ctrl Pts',(36.4285009916776,6.18601774159626,30.));
#1764=CARTESIAN_POINT('Ctrl Pts',(37.6190006611184,4.12401182773085,30.));
#1765=CARTESIAN_POINT('Ctrl Pts',(38.8095003305592,2.06200591386543,30.));
#1766=CARTESIAN_POINT('Ctrl Pts',(40.,1.44505706991944E-14,30.));
#1767=CARTESIAN_POINT('Ctrl Pts',(20.,34.6410161513776,30.));
#1768=CARTESIAN_POINT('Ctrl Pts',(21.1904996694408,32.5790102375121,30.));
#1769=CARTESIAN_POINT('Ctrl Pts',(22.3809993388816,30.5170043236467,30.));
#1770=CARTESIAN_POINT('Ctrl Pts',(23.5714990083224,28.4549984097813,30.));
#1771=CARTESIAN_POINT('',(-12.5596982386962,37.9770191056762,200.));
#1772=CARTESIAN_POINT('',(-12.5596982386962,37.9770191056762,200.));
#1773=CARTESIAN_POINT('Ctrl Pts',(40.,1.33226762955019E-14,30.));
#1774=CARTESIAN_POINT('Ctrl Pts',(40.,7.20072982822805,46.1904761904762));
#1775=CARTESIAN_POINT('Ctrl Pts',(36.0232769052336,21.5909290315937,78.5714285714286));
#1776=CARTESIAN_POINT('Ctrl Pts',(19.7878731508842,37.0455689912773,127.142857142857));
#1777=CARTESIAN_POINT('Ctrl Pts',(1.57452820350508,41.1246745717224,167.619047619048));
#1778=CARTESIAN_POINT('Ctrl Pts',(-9.14142006042835,39.1075065274377,191.904761904762));
#1779=CARTESIAN_POINT('Ctrl Pts',(-12.5596982386962,37.9770191056762,200.));
#1780=CARTESIAN_POINT('Ctrl Pts',(20.,-34.6410161513775,30.));
#1781=CARTESIAN_POINT('Ctrl Pts',(26.2360149570338,-31.0406512372635,46.1904761904762));
#1782=CARTESIAN_POINT('Ctrl Pts',(36.7099314852838,-20.4016084116967,78.5714285714286));
#1783=CARTESIAN_POINT('Ctrl Pts',(41.9763404195374,1.38598366010898,127.142857142857));
#1784=CARTESIAN_POINT('Ctrl Pts',(36.4022770032321,19.1987558626507,167.619047619048));
#1785=CARTESIAN_POINT('Ctrl Pts',(29.2973841012126,27.4704552627145,191.904761904762));
#1786=CARTESIAN_POINT('Ctrl Pts',(26.6092141861744,29.8655272914157,200.));
#1787=CARTESIAN_POINT('Ctrl Pts',(26.6666666666667,-23.094010767585,30.));
#1788=CARTESIAN_POINT('Ctrl Pts',(30.8240099713559,-18.293524215433,46.1904761904762));
#1789=CARTESIAN_POINT('Ctrl Pts',(36.4810466252672,-6.40409593059996,78.5714285714286));
#1790=CARTESIAN_POINT('Ctrl Pts',(34.5801846633196,13.2725121038318,127.142857142857));
#1791=CARTESIAN_POINT('Ctrl Pts',(24.7930274033231,26.5073954323413,167.619047619048));
#1792=CARTESIAN_POINT('Ctrl Pts',(16.4844493806656,31.3494723509556,191.904761904762));
#1793=CARTESIAN_POINT('Ctrl Pts',(13.5529100445509,32.5693578961692,200.));
#1794=CARTESIAN_POINT('Ctrl Pts',(33.3333333333333,-11.5470053837925,30.));
#1795=CARTESIAN_POINT('Ctrl Pts',(35.412004985678,-5.54639719360248,46.1904761904762));
#1796=CARTESIAN_POINT('Ctrl Pts',(36.2521617652504,7.59341655049684,78.5714285714286));
#1797=CARTESIAN_POINT('Ctrl Pts',(27.1840289071019,25.1590405475546,127.142857142857));
#1798=CARTESIAN_POINT('Ctrl Pts',(13.1837778034141,33.8160350020318,167.619047619048));
#1799=CARTESIAN_POINT('Ctrl Pts',(3.67151466011864,35.2284894391966,191.904761904762));
#1800=CARTESIAN_POINT('Ctrl Pts',(0.496605902927338,35.2731885009227,200.));
#1801=CARTESIAN_POINT('Ctrl Pts',(40.,1.33226762955019E-14,30.));
#1802=CARTESIAN_POINT('Ctrl Pts',(40.,7.20072982822805,46.1904761904762));
#1803=CARTESIAN_POINT('Ctrl Pts',(36.0232769052336,21.5909290315937,78.5714285714286));
#1804=CARTESIAN_POINT('Ctrl Pts',(19.7878731508842,37.0455689912773,127.142857142857));
#1805=CARTESIAN_POINT('Ctrl Pts',(1.57452820350508,41.1246745717224,167.619047619048));
#1806=CARTESIAN_POINT('Ctrl Pts',(-9.14142006042835,39.1075065274377,191.904761904762));
#1807=CARTESIAN_POINT('Ctrl Pts',(-12.5596982386962,37.9770191056762,200.));
#1808=CARTESIAN_POINT('',(20.,-34.6410161513775,30.));
#1809=CARTESIAN_POINT('Ctrl Pts',(23.5714990083224,-28.4549984097813,30.));
#1810=CARTESIAN_POINT('Ctrl Pts',(22.3809993388816,-30.5170043236467,30.));
#1811=CARTESIAN_POINT('Ctrl Pts',(21.1904996694408,-32.5790102375121,30.));
#1812=CARTESIAN_POINT('Ctrl Pts',(20.,-34.6410161513775,30.));
#1813=CARTESIAN_POINT('Ctrl Pts',(40.,1.33226762955019E-14,30.));
#1814=CARTESIAN_POINT('Ctrl Pts',(38.8095003305592,-2.0620059138654,30.));
#1815=CARTESIAN_POINT('Ctrl Pts',(37.6190006611184,-4.12401182773082,30.));
#1816=CARTESIAN_POINT('Ctrl Pts',(36.4285009916776,-6.18601774159623,30.));
#1817=CARTESIAN_POINT('',(26.6092141861744,29.8655272914157,200.));
#1818=CARTESIAN_POINT('',(26.6092141861744,29.8655272914157,200.));
#1819=CARTESIAN_POINT('Ctrl Pts',(20.,-34.6410161513775,30.));
#1820=CARTESIAN_POINT('Ctrl Pts',(26.2360149570338,-31.0406512372635,46.1904761904762));
#1821=CARTESIAN_POINT('Ctrl Pts',(36.7099314852838,-20.4016084116967,78.5714285714286));
#1822=CARTESIAN_POINT('Ctrl Pts',(41.9763404195374,1.38598366010898,127.142857142857));
#1823=CARTESIAN_POINT('Ctrl Pts',(36.4022770032321,19.1987558626507,167.619047619048));
#1824=CARTESIAN_POINT('Ctrl Pts',(29.2973841012126,27.4704552627145,191.904761904762));
#1825=CARTESIAN_POINT('Ctrl Pts',(26.6092141861744,29.8655272914157,200.));
#1826=CARTESIAN_POINT('Ctrl Pts',(-20.,-34.6410161513775,30.));
#1827=CARTESIAN_POINT('Ctrl Pts',(-13.7639850429662,-38.2413810654916,46.1904761904762));
#1828=CARTESIAN_POINT('Ctrl Pts',(0.686654580050218,-41.9925374432904,78.5714285714286));
#1829=CARTESIAN_POINT('Ctrl Pts',(22.1884672686532,-35.6595853311684,127.142857142857));
#1830=CARTESIAN_POINT('Ctrl Pts',(34.827748799727,-21.9259187090717,167.619047619048));
#1831=CARTESIAN_POINT('Ctrl Pts',(38.438804161641,-11.6370512647232,191.904761904762));
#1832=CARTESIAN_POINT('Ctrl Pts',(39.1689124248706,-8.11149181426052,200.));
#1833=CARTESIAN_POINT('Ctrl Pts',(-6.66666666666667,-34.6410161513775,30.));
#1834=CARTESIAN_POINT('Ctrl Pts',(-0.430651709632832,-35.8411377894156,
46.1904761904762));
#1835=CARTESIAN_POINT('Ctrl Pts',(12.6944135484615,-34.7955610994258,78.5714285714286));
#1836=CARTESIAN_POINT('Ctrl Pts',(28.7844249856145,-23.311062334076,127.142857142857));
#1837=CARTESIAN_POINT('Ctrl Pts',(35.3525915342287,-8.21769385183087,167.619047619048));
#1838=CARTESIAN_POINT('Ctrl Pts',(35.3916641414982,1.39878424442267,191.904761904762));
#1839=CARTESIAN_POINT('Ctrl Pts',(34.9823463453052,4.54751455429821,200.));
#1840=CARTESIAN_POINT('Ctrl Pts',(6.66666666666668,-34.6410161513775,30.));
#1841=CARTESIAN_POINT('Ctrl Pts',(12.9026816237005,-33.4408945133395,46.1904761904762));
#1842=CARTESIAN_POINT('Ctrl Pts',(24.7021725168727,-27.5985847555613,78.5714285714286));
#1843=CARTESIAN_POINT('Ctrl Pts',(35.380382702576,-10.9625393369835,127.142857142857));
#1844=CARTESIAN_POINT('Ctrl Pts',(35.8774342687304,5.49053100540992,167.619047619048));
#1845=CARTESIAN_POINT('Ctrl Pts',(32.3445241213554,14.4346197535686,191.904761904762));
#1846=CARTESIAN_POINT('Ctrl Pts',(30.7957802657398,17.2065209228569,200.));
#1847=CARTESIAN_POINT('Ctrl Pts',(20.,-34.6410161513775,30.));
#1848=CARTESIAN_POINT('Ctrl Pts',(26.2360149570338,-31.0406512372635,46.1904761904762));
#1849=CARTESIAN_POINT('Ctrl Pts',(36.7099314852838,-20.4016084116967,78.5714285714286));
#1850=CARTESIAN_POINT('Ctrl Pts',(41.9763404195374,1.38598366010898,127.142857142857));
#1851=CARTESIAN_POINT('Ctrl Pts',(36.4022770032321,19.1987558626507,167.619047619048));
#1852=CARTESIAN_POINT('Ctrl Pts',(29.2973841012126,27.4704552627145,191.904761904762));
#1853=CARTESIAN_POINT('Ctrl Pts',(26.6092141861744,29.8655272914157,200.));
#1854=CARTESIAN_POINT('Ctrl Pts',(-12.8570019833552,-34.6410161513775,30.));
#1855=CARTESIAN_POINT('Ctrl Pts',(-15.2380013222368,-34.6410161513775,30.));
#1856=CARTESIAN_POINT('Ctrl Pts',(-17.6190006611184,-34.6410161513775,30.));
#1857=CARTESIAN_POINT('Ctrl Pts',(-20.,-34.6410161513775,30.));
#1858=CARTESIAN_POINT('',(-20.,-34.6410161513775,30.));
#1859=CARTESIAN_POINT('',(-20.,-34.6410161513775,30.));
#1860=CARTESIAN_POINT('Ctrl Pts',(20.,-34.6410161513775,30.));
#1861=CARTESIAN_POINT('Ctrl Pts',(17.6190006611184,-34.6410161513775,30.));
#1862=CARTESIAN_POINT('Ctrl Pts',(15.2380013222368,-34.6410161513775,30.));
#1863=CARTESIAN_POINT('Ctrl Pts',(12.8570019833552,-34.6410161513775,30.));
#1864=CARTESIAN_POINT('',(39.1689124248706,-8.11149181426052,200.));
#1865=CARTESIAN_POINT('Origin',(0.,0.,200.));
#1866=CARTESIAN_POINT('Origin',(0.,4.44089209850063E-15,30.));
#1867=CARTESIAN_POINT('Origin',(0.,0.,30.));
#1868=CARTESIAN_POINT('Origin',(0.,0.,30.));
#1869=CARTESIAN_POINT('Origin',(0.,0.,30.));
#1870=CARTESIAN_POINT('Origin',(0.,0.,30.));
#1871=CARTESIAN_POINT('Origin',(0.,0.,30.));
#1872=CARTESIAN_POINT('Origin',(0.,0.,30.));
#1873=CARTESIAN_POINT('Origin',(0.,0.,30.));
#1874=CARTESIAN_POINT('Origin',(0.,0.,30.));
#1875=CARTESIAN_POINT('Origin',(0.,0.,30.));
#1876=CARTESIAN_POINT('Origin',(0.,0.,30.));
#1877=CARTESIAN_POINT('Origin',(0.,0.,30.));
#1878=CARTESIAN_POINT('Origin',(0.,0.,30.));
#1879=CARTESIAN_POINT('Origin',(0.,0.,30.));
#1880=CARTESIAN_POINT('Origin',(0.,0.,30.));
#1881=CARTESIAN_POINT('Origin',(0.,0.,30.));
#1882=CARTESIAN_POINT('Origin',(0.,0.,30.));
#1883=CARTESIAN_POINT('Origin',(0.,0.,30.));
#1884=CARTESIAN_POINT('Origin',(0.,0.,22.7));
#1885=CARTESIAN_POINT('',(40.,4.89858719658941E-15,22.7));
#1886=CARTESIAN_POINT('Origin',(0.,0.,22.7));
#1887=CARTESIAN_POINT('',(-38.75,-4.74550634669599E-15,22.7));
#1888=CARTESIAN_POINT('Origin',(0.,0.,22.7));
#1889=CARTESIAN_POINT('Origin',(0.,0.,22.7));
#1890=CARTESIAN_POINT('',(40.,4.89858719658941E-15,22.7));
#1891=CARTESIAN_POINT('Origin',(0.,0.,30.));
#1892=CARTESIAN_POINT('Origin',(0.,0.,17.9));
#1893=CARTESIAN_POINT('',(-38.75,-4.74550634669599E-15,17.9));
#1894=CARTESIAN_POINT('',(-38.75,-4.74550634669599E-15,17.9));
#1895=CARTESIAN_POINT('Origin',(0.,0.,17.9));
#1896=CARTESIAN_POINT('Origin',(0.,0.,17.9));
#1897=UNCERTAINTY_MEASURE_WITH_UNIT(LENGTH_MEASURE(0.01),#1901,
'DISTANCE_ACCURACY_VALUE',
'Maximum model space distance between geometric entities at asserted c
onnectivities');
#1898=UNCERTAINTY_MEASURE_WITH_UNIT(LENGTH_MEASURE(0.01),#1901,
'DISTANCE_ACCURACY_VALUE',
'Maximum model space distance between geometric entities at asserted c
onnectivities');
#1899=(
GEOMETRIC_REPRESENTATION_CONTEXT(3)
GLOBAL_UNCERTAINTY_ASSIGNED_CONTEXT((#1897))
GLOBAL_UNIT_ASSIGNED_CONTEXT((#1901,#1903,#1904))
REPRESENTATION_CONTEXT('','3D')
);
#1900=(
GEOMETRIC_REPRESENTATION_CONTEXT(3)
GLOBAL_UNCERTAINTY_ASSIGNED_CONTEXT((#1898))
GLOBAL_UNIT_ASSIGNED_CONTEXT((#1901,#1903,#1904))
REPRESENTATION_CONTEXT('','3D')
);
#1901=(
LENGTH_UNIT()
NAMED_UNIT(*)
SI_UNIT(.MILLI.,.METRE.)
);
#1902=(
LENGTH_UNIT()
NAMED_UNIT(*)
SI_UNIT($,.METRE.)
);
#1903=(
NAMED_UNIT(*)
PLANE_ANGLE_UNIT()
SI_UNIT($,.RADIAN.)
);
#1904=(
NAMED_UNIT(*)
SI_UNIT($,.STERADIAN.)
SOLID_ANGLE_UNIT()
);
#1905=SHAPE_DEFINITION_REPRESENTATION(#1906,#1907);
#1906=PRODUCT_DEFINITION_SHAPE('',$,#1909);
#1907=SHAPE_REPRESENTATION('',(#896),#1899);
#1908=PRODUCT_DEFINITION_CONTEXT('part definition',#1913,'design');
#1909=PRODUCT_DEFINITION('2026-05-21-14-33-30-089','hull_twisted',#1910,
#1908);
#1910=PRODUCT_DEFINITION_FORMATION('',$,#1915);
#1911=PRODUCT_RELATED_PRODUCT_CATEGORY('hull_twisted','hull_twisted',(#1915));
#1912=APPLICATION_PROTOCOL_DEFINITION('international standard',
'automotive_design',2009,#1913);
#1913=APPLICATION_CONTEXT(
'Core Data for Automotive Mechanical Design Process');
#1914=PRODUCT_CONTEXT('part definition',#1913,'mechanical');
#1915=PRODUCT('2026-05-21-14-33-30-089','hull_twisted',$,(#1914));
#1916=PRESENTATION_STYLE_ASSIGNMENT((#1917));
#1917=SURFACE_STYLE_USAGE(.BOTH.,#1918);
#1918=SURFACE_SIDE_STYLE('',(#1919));
#1919=SURFACE_STYLE_FILL_AREA(#1920);
#1920=FILL_AREA_STYLE('Steel - Satin',(#1921));
#1921=FILL_AREA_STYLE_COLOUR('Steel - Satin',#1922);
#1922=COLOUR_RGB('Steel - Satin',0.627450980392157,0.627450980392157,0.627450980392157);
ENDSEC;
END-ISO-10303-21;
