ISO-10303-21;
HEADER;
/* Generated by software containing ST-Developer
 * from STEP Tools, Inc. (www.steptools.com) 
 */

FILE_DESCRIPTION(
/* description */ (''),
/* implementation_level */ '2;1');

FILE_NAME(
/* name */ 'lamp_core by satwik.step',
/* time_stamp */ '2026-05-21T10:43:57+05:30',
/* author */ (''),
/* organization */ (''),
/* preprocessor_version */ 'ST-DEVELOPER v20.1',
/* originating_system */ 'Autodesk Translation Framework v15.8.0.0',
/* authorisation */ '');

FILE_SCHEMA (('AUTOMOTIVE_DESIGN { 1 0 10303 214 3 1 1 }'));
ENDSEC;

DATA;
#10=MECHANICAL_DESIGN_GEOMETRIC_PRESENTATION_REPRESENTATION('',(#13),#3475);
#11=SHAPE_REPRESENTATION_RELATIONSHIP('SRR','None',#3482,#12);
#12=ADVANCED_BREP_SHAPE_REPRESENTATION('',(#14),#3474);
#13=STYLED_ITEM('',(#3491),#14);
#14=MANIFOLD_SOLID_BREP('Body1',#2099);
#15=FACE_BOUND('',#204,.T.);
#16=FACE_BOUND('',#205,.T.);
#17=FACE_BOUND('',#206,.T.);
#18=FACE_BOUND('',#207,.T.);
#19=FACE_BOUND('',#208,.T.);
#20=FACE_BOUND('',#218,.T.);
#21=FACE_BOUND('',#219,.T.);
#22=FACE_BOUND('',#220,.T.);
#23=FACE_BOUND('',#221,.T.);
#24=FACE_BOUND('',#222,.T.);
#25=FACE_BOUND('',#223,.T.);
#26=FACE_BOUND('',#224,.T.);
#27=FACE_BOUND('',#225,.T.);
#28=FACE_BOUND('',#226,.T.);
#29=FACE_BOUND('',#227,.T.);
#30=FACE_BOUND('',#228,.T.);
#31=FACE_BOUND('',#229,.T.);
#32=FACE_BOUND('',#230,.T.);
#33=FACE_BOUND('',#305,.T.);
#34=PLANE('',#2152);
#35=PLANE('',#2161);
#36=PLANE('',#2162);
#37=PLANE('',#2163);
#38=PLANE('',#2164);
#39=PLANE('',#2165);
#40=PLANE('',#2166);
#41=PLANE('',#2167);
#42=PLANE('',#2168);
#43=PLANE('',#2169);
#44=PLANE('',#2179);
#45=PLANE('',#2183);
#46=PLANE('',#2187);
#47=PLANE('',#2191);
#48=PLANE('',#2195);
#49=PLANE('',#2199);
#50=PLANE('',#2203);
#51=PLANE('',#2207);
#52=PLANE('',#2208);
#53=PLANE('',#2209);
#54=PLANE('',#2210);
#55=PLANE('',#2211);
#56=PLANE('',#2212);
#57=PLANE('',#2213);
#58=PLANE('',#2214);
#59=PLANE('',#2215);
#60=PLANE('',#2218);
#61=PLANE('',#2219);
#62=PLANE('',#2220);
#63=PLANE('',#2221);
#64=PLANE('',#2224);
#65=PLANE('',#2225);
#66=PLANE('',#2226);
#67=PLANE('',#2227);
#68=PLANE('',#2230);
#69=PLANE('',#2231);
#70=PLANE('',#2232);
#71=PLANE('',#2233);
#72=PLANE('',#2236);
#73=PLANE('',#2237);
#74=PLANE('',#2238);
#75=PLANE('',#2239);
#76=PLANE('',#2242);
#77=PLANE('',#2243);
#78=PLANE('',#2244);
#79=PLANE('',#2245);
#80=PLANE('',#2248);
#81=PLANE('',#2249);
#82=PLANE('',#2250);
#83=PLANE('',#2251);
#84=PLANE('',#2254);
#85=PLANE('',#2255);
#86=PLANE('',#2272);
#87=PLANE('',#2276);
#88=PLANE('',#2277);
#89=PLANE('',#2278);
#90=PLANE('',#2281);
#91=PLANE('',#2282);
#92=PLANE('',#2285);
#93=FACE_OUTER_BOUND('',#190,.T.);
#94=FACE_OUTER_BOUND('',#191,.T.);
#95=FACE_OUTER_BOUND('',#192,.T.);
#96=FACE_OUTER_BOUND('',#193,.T.);
#97=FACE_OUTER_BOUND('',#194,.T.);
#98=FACE_OUTER_BOUND('',#195,.T.);
#99=FACE_OUTER_BOUND('',#196,.T.);
#100=FACE_OUTER_BOUND('',#197,.T.);
#101=FACE_OUTER_BOUND('',#198,.T.);
#102=FACE_OUTER_BOUND('',#199,.T.);
#103=FACE_OUTER_BOUND('',#200,.T.);
#104=FACE_OUTER_BOUND('',#201,.T.);
#105=FACE_OUTER_BOUND('',#202,.T.);
#106=FACE_OUTER_BOUND('',#203,.T.);
#107=FACE_OUTER_BOUND('',#209,.T.);
#108=FACE_OUTER_BOUND('',#210,.T.);
#109=FACE_OUTER_BOUND('',#211,.T.);
#110=FACE_OUTER_BOUND('',#212,.T.);
#111=FACE_OUTER_BOUND('',#213,.T.);
#112=FACE_OUTER_BOUND('',#214,.T.);
#113=FACE_OUTER_BOUND('',#215,.T.);
#114=FACE_OUTER_BOUND('',#216,.T.);
#115=FACE_OUTER_BOUND('',#217,.T.);
#116=FACE_OUTER_BOUND('',#231,.T.);
#117=FACE_OUTER_BOUND('',#232,.T.);
#118=FACE_OUTER_BOUND('',#233,.T.);
#119=FACE_OUTER_BOUND('',#234,.T.);
#120=FACE_OUTER_BOUND('',#235,.T.);
#121=FACE_OUTER_BOUND('',#236,.T.);
#122=FACE_OUTER_BOUND('',#237,.T.);
#123=FACE_OUTER_BOUND('',#238,.T.);
#124=FACE_OUTER_BOUND('',#239,.T.);
#125=FACE_OUTER_BOUND('',#240,.T.);
#126=FACE_OUTER_BOUND('',#241,.T.);
#127=FACE_OUTER_BOUND('',#242,.T.);
#128=FACE_OUTER_BOUND('',#243,.T.);
#129=FACE_OUTER_BOUND('',#244,.T.);
#130=FACE_OUTER_BOUND('',#245,.T.);
#131=FACE_OUTER_BOUND('',#246,.T.);
#132=FACE_OUTER_BOUND('',#247,.T.);
#133=FACE_OUTER_BOUND('',#248,.T.);
#134=FACE_OUTER_BOUND('',#249,.T.);
#135=FACE_OUTER_BOUND('',#250,.T.);
#136=FACE_OUTER_BOUND('',#251,.T.);
#137=FACE_OUTER_BOUND('',#252,.T.);
#138=FACE_OUTER_BOUND('',#253,.T.);
#139=FACE_OUTER_BOUND('',#254,.T.);
#140=FACE_OUTER_BOUND('',#255,.T.);
#141=FACE_OUTER_BOUND('',#256,.T.);
#142=FACE_OUTER_BOUND('',#257,.T.);
#143=FACE_OUTER_BOUND('',#258,.T.);
#144=FACE_OUTER_BOUND('',#259,.T.);
#145=FACE_OUTER_BOUND('',#260,.T.);
#146=FACE_OUTER_BOUND('',#261,.T.);
#147=FACE_OUTER_BOUND('',#262,.T.);
#148=FACE_OUTER_BOUND('',#263,.T.);
#149=FACE_OUTER_BOUND('',#264,.T.);
#150=FACE_OUTER_BOUND('',#265,.T.);
#151=FACE_OUTER_BOUND('',#266,.T.);
#152=FACE_OUTER_BOUND('',#267,.T.);
#153=FACE_OUTER_BOUND('',#268,.T.);
#154=FACE_OUTER_BOUND('',#269,.T.);
#155=FACE_OUTER_BOUND('',#270,.T.);
#156=FACE_OUTER_BOUND('',#271,.T.);
#157=FACE_OUTER_BOUND('',#272,.T.);
#158=FACE_OUTER_BOUND('',#273,.T.);
#159=FACE_OUTER_BOUND('',#274,.T.);
#160=FACE_OUTER_BOUND('',#275,.T.);
#161=FACE_OUTER_BOUND('',#276,.T.);
#162=FACE_OUTER_BOUND('',#277,.T.);
#163=FACE_OUTER_BOUND('',#278,.T.);
#164=FACE_OUTER_BOUND('',#279,.T.);
#165=FACE_OUTER_BOUND('',#280,.T.);
#166=FACE_OUTER_BOUND('',#281,.T.);
#167=FACE_OUTER_BOUND('',#282,.T.);
#168=FACE_OUTER_BOUND('',#283,.T.);
#169=FACE_OUTER_BOUND('',#284,.T.);
#170=FACE_OUTER_BOUND('',#285,.T.);
#171=FACE_OUTER_BOUND('',#286,.T.);
#172=FACE_OUTER_BOUND('',#287,.T.);
#173=FACE_OUTER_BOUND('',#288,.T.);
#174=FACE_OUTER_BOUND('',#289,.T.);
#175=FACE_OUTER_BOUND('',#290,.T.);
#176=FACE_OUTER_BOUND('',#291,.T.);
#177=FACE_OUTER_BOUND('',#292,.T.);
#178=FACE_OUTER_BOUND('',#293,.T.);
#179=FACE_OUTER_BOUND('',#294,.T.);
#180=FACE_OUTER_BOUND('',#295,.T.);
#181=FACE_OUTER_BOUND('',#296,.T.);
#182=FACE_OUTER_BOUND('',#297,.T.);
#183=FACE_OUTER_BOUND('',#298,.T.);
#184=FACE_OUTER_BOUND('',#299,.T.);
#185=FACE_OUTER_BOUND('',#300,.T.);
#186=FACE_OUTER_BOUND('',#301,.T.);
#187=FACE_OUTER_BOUND('',#302,.T.);
#188=FACE_OUTER_BOUND('',#303,.T.);
#189=FACE_OUTER_BOUND('',#304,.T.);
#190=EDGE_LOOP('',(#1352,#1353,#1354,#1355));
#191=EDGE_LOOP('',(#1356,#1357,#1358,#1359));
#192=EDGE_LOOP('',(#1360,#1361,#1362,#1363));
#193=EDGE_LOOP('',(#1364,#1365,#1366,#1367));
#194=EDGE_LOOP('',(#1368,#1369,#1370,#1371));
#195=EDGE_LOOP('',(#1372,#1373,#1374,#1375));
#196=EDGE_LOOP('',(#1376,#1377,#1378,#1379));
#197=EDGE_LOOP('',(#1380,#1381,#1382,#1383));
#198=EDGE_LOOP('',(#1384,#1385,#1386,#1387));
#199=EDGE_LOOP('',(#1388,#1389,#1390,#1391));
#200=EDGE_LOOP('',(#1392,#1393,#1394,#1395));
#201=EDGE_LOOP('',(#1396,#1397,#1398,#1399));
#202=EDGE_LOOP('',(#1400,#1401,#1402,#1403));
#203=EDGE_LOOP('',(#1404));
#204=EDGE_LOOP('',(#1405));
#205=EDGE_LOOP('',(#1406));
#206=EDGE_LOOP('',(#1407));
#207=EDGE_LOOP('',(#1408));
#208=EDGE_LOOP('',(#1409,#1410,#1411,#1412,#1413,#1414,#1415,#1416,#1417,
#1418,#1419,#1420,#1421,#1422,#1423,#1424,#1425,#1426,#1427,#1428,#1429,
#1430,#1431,#1432,#1433,#1434,#1435,#1436,#1437,#1438,#1439,#1440));
#209=EDGE_LOOP('',(#1441,#1442,#1443,#1444,#1445,#1446,#1447,#1448));
#210=EDGE_LOOP('',(#1449,#1450,#1451,#1452,#1453,#1454,#1455,#1456));
#211=EDGE_LOOP('',(#1457,#1458,#1459,#1460,#1461,#1462,#1463,#1464));
#212=EDGE_LOOP('',(#1465,#1466,#1467,#1468,#1469,#1470,#1471,#1472));
#213=EDGE_LOOP('',(#1473,#1474,#1475,#1476,#1477,#1478,#1479,#1480));
#214=EDGE_LOOP('',(#1481,#1482,#1483,#1484,#1485,#1486,#1487,#1488));
#215=EDGE_LOOP('',(#1489,#1490,#1491,#1492,#1493,#1494,#1495,#1496));
#216=EDGE_LOOP('',(#1497,#1498,#1499,#1500,#1501,#1502,#1503,#1504));
#217=EDGE_LOOP('',(#1505));
#218=EDGE_LOOP('',(#1506));
#219=EDGE_LOOP('',(#1507,#1508,#1509,#1510,#1511,#1512,#1513,#1514));
#220=EDGE_LOOP('',(#1515,#1516,#1517,#1518,#1519,#1520,#1521,#1522));
#221=EDGE_LOOP('',(#1523,#1524,#1525,#1526,#1527,#1528,#1529,#1530));
#222=EDGE_LOOP('',(#1531,#1532,#1533,#1534,#1535,#1536,#1537,#1538));
#223=EDGE_LOOP('',(#1539,#1540,#1541,#1542,#1543,#1544,#1545,#1546));
#224=EDGE_LOOP('',(#1547,#1548,#1549,#1550,#1551,#1552,#1553,#1554));
#225=EDGE_LOOP('',(#1555,#1556,#1557,#1558,#1559,#1560,#1561,#1562));
#226=EDGE_LOOP('',(#1563,#1564,#1565,#1566,#1567,#1568,#1569,#1570));
#227=EDGE_LOOP('',(#1571));
#228=EDGE_LOOP('',(#1572));
#229=EDGE_LOOP('',(#1573));
#230=EDGE_LOOP('',(#1574));
#231=EDGE_LOOP('',(#1575,#1576,#1577,#1578));
#232=EDGE_LOOP('',(#1579,#1580,#1581,#1582));
#233=EDGE_LOOP('',(#1583,#1584,#1585,#1586));
#234=EDGE_LOOP('',(#1587,#1588,#1589,#1590));
#235=EDGE_LOOP('',(#1591,#1592,#1593,#1594));
#236=EDGE_LOOP('',(#1595,#1596,#1597,#1598));
#237=EDGE_LOOP('',(#1599,#1600,#1601,#1602));
#238=EDGE_LOOP('',(#1603,#1604,#1605,#1606));
#239=EDGE_LOOP('',(#1607,#1608,#1609,#1610));
#240=EDGE_LOOP('',(#1611,#1612,#1613,#1614));
#241=EDGE_LOOP('',(#1615,#1616,#1617,#1618));
#242=EDGE_LOOP('',(#1619,#1620,#1621,#1622));
#243=EDGE_LOOP('',(#1623,#1624,#1625,#1626));
#244=EDGE_LOOP('',(#1627,#1628,#1629,#1630));
#245=EDGE_LOOP('',(#1631,#1632,#1633,#1634));
#246=EDGE_LOOP('',(#1635,#1636,#1637,#1638));
#247=EDGE_LOOP('',(#1639,#1640,#1641,#1642));
#248=EDGE_LOOP('',(#1643,#1644,#1645,#1646));
#249=EDGE_LOOP('',(#1647,#1648,#1649,#1650));
#250=EDGE_LOOP('',(#1651,#1652,#1653,#1654));
#251=EDGE_LOOP('',(#1655,#1656,#1657,#1658));
#252=EDGE_LOOP('',(#1659,#1660,#1661,#1662));
#253=EDGE_LOOP('',(#1663,#1664,#1665,#1666));
#254=EDGE_LOOP('',(#1667,#1668,#1669,#1670));
#255=EDGE_LOOP('',(#1671,#1672,#1673,#1674,#1675,#1676,#1677,#1678));
#256=EDGE_LOOP('',(#1679,#1680,#1681,#1682));
#257=EDGE_LOOP('',(#1683,#1684,#1685,#1686));
#258=EDGE_LOOP('',(#1687,#1688,#1689,#1690));
#259=EDGE_LOOP('',(#1691,#1692,#1693,#1694));
#260=EDGE_LOOP('',(#1695,#1696,#1697,#1698,#1699,#1700,#1701,#1702));
#261=EDGE_LOOP('',(#1703,#1704,#1705,#1706));
#262=EDGE_LOOP('',(#1707,#1708,#1709,#1710));
#263=EDGE_LOOP('',(#1711,#1712,#1713,#1714));
#264=EDGE_LOOP('',(#1715,#1716,#1717,#1718));
#265=EDGE_LOOP('',(#1719,#1720,#1721,#1722,#1723,#1724,#1725,#1726));
#266=EDGE_LOOP('',(#1727,#1728,#1729,#1730));
#267=EDGE_LOOP('',(#1731,#1732,#1733,#1734));
#268=EDGE_LOOP('',(#1735,#1736,#1737,#1738));
#269=EDGE_LOOP('',(#1739,#1740,#1741,#1742));
#270=EDGE_LOOP('',(#1743,#1744,#1745,#1746,#1747,#1748,#1749,#1750));
#271=EDGE_LOOP('',(#1751,#1752,#1753,#1754));
#272=EDGE_LOOP('',(#1755,#1756,#1757,#1758));
#273=EDGE_LOOP('',(#1759,#1760,#1761,#1762));
#274=EDGE_LOOP('',(#1763,#1764,#1765,#1766));
#275=EDGE_LOOP('',(#1767,#1768,#1769,#1770,#1771,#1772,#1773,#1774));
#276=EDGE_LOOP('',(#1775,#1776,#1777,#1778));
#277=EDGE_LOOP('',(#1779,#1780,#1781,#1782));
#278=EDGE_LOOP('',(#1783,#1784,#1785,#1786));
#279=EDGE_LOOP('',(#1787,#1788,#1789,#1790));
#280=EDGE_LOOP('',(#1791,#1792,#1793,#1794,#1795,#1796,#1797,#1798));
#281=EDGE_LOOP('',(#1799,#1800,#1801,#1802));
#282=EDGE_LOOP('',(#1803,#1804,#1805,#1806));
#283=EDGE_LOOP('',(#1807,#1808,#1809,#1810));
#284=EDGE_LOOP('',(#1811,#1812,#1813,#1814));
#285=EDGE_LOOP('',(#1815,#1816,#1817,#1818,#1819,#1820,#1821,#1822));
#286=EDGE_LOOP('',(#1823,#1824,#1825,#1826));
#287=EDGE_LOOP('',(#1827,#1828,#1829,#1830));
#288=EDGE_LOOP('',(#1831,#1832,#1833,#1834));
#289=EDGE_LOOP('',(#1835,#1836,#1837,#1838));
#290=EDGE_LOOP('',(#1839,#1840,#1841,#1842));
#291=EDGE_LOOP('',(#1843,#1844,#1845,#1846));
#292=EDGE_LOOP('',(#1847,#1848,#1849,#1850));
#293=EDGE_LOOP('',(#1851,#1852,#1853,#1854));
#294=EDGE_LOOP('',(#1855,#1856,#1857,#1858));
#295=EDGE_LOOP('',(#1859,#1860,#1861,#1862));
#296=EDGE_LOOP('',(#1863,#1864,#1865,#1866));
#297=EDGE_LOOP('',(#1867,#1868,#1869,#1870));
#298=EDGE_LOOP('',(#1871,#1872,#1873,#1874));
#299=EDGE_LOOP('',(#1875,#1876,#1877,#1878));
#300=EDGE_LOOP('',(#1879,#1880,#1881,#1882));
#301=EDGE_LOOP('',(#1883,#1884,#1885,#1886,#1887,#1888,#1889,#1890));
#302=EDGE_LOOP('',(#1891,#1892,#1893,#1894));
#303=EDGE_LOOP('',(#1895,#1896,#1897,#1898));
#304=EDGE_LOOP('',(#1899,#1900,#1901,#1902,#1903,#1904,#1905,#1906,#1907,
#1908,#1909,#1910,#1911,#1912,#1913,#1914,#1915,#1916,#1917,#1918,#1919,
#1920,#1921,#1922,#1923,#1924,#1925,#1926,#1927,#1928,#1929,#1930,#1931,
#1932,#1933,#1934,#1935,#1936,#1937,#1938,#1939,#1940,#1941,#1942,#1943,
#1944,#1945,#1946,#1947,#1948,#1949,#1950,#1951,#1952,#1953,#1954,#1955,
#1956,#1957,#1958,#1959,#1960,#1961,#1962));
#305=EDGE_LOOP('',(#1963));
#306=LINE('',#2869,#536);
#307=LINE('',#2875,#537);
#308=LINE('',#2881,#538);
#309=LINE('',#2887,#539);
#310=LINE('',#2892,#540);
#311=LINE('',#2896,#541);
#312=LINE('',#2901,#542);
#313=LINE('',#2905,#543);
#314=LINE('',#2910,#544);
#315=LINE('',#2914,#545);
#316=LINE('',#2919,#546);
#317=LINE('',#2923,#547);
#318=LINE('',#2928,#548);
#319=LINE('',#2932,#549);
#320=LINE('',#2937,#550);
#321=LINE('',#2941,#551);
#322=LINE('',#2946,#552);
#323=LINE('',#2950,#553);
#324=LINE('',#2955,#554);
#325=LINE('',#2959,#555);
#326=LINE('',#2965,#556);
#327=LINE('',#2969,#557);
#328=LINE('',#2972,#558);
#329=LINE('',#2974,#559);
#330=LINE('',#2977,#560);
#331=LINE('',#2979,#561);
#332=LINE('',#2982,#562);
#333=LINE('',#2984,#563);
#334=LINE('',#2987,#564);
#335=LINE('',#2989,#565);
#336=LINE('',#2992,#566);
#337=LINE('',#2994,#567);
#338=LINE('',#2997,#568);
#339=LINE('',#2999,#569);
#340=LINE('',#3002,#570);
#341=LINE('',#3004,#571);
#342=LINE('',#3007,#572);
#343=LINE('',#3010,#573);
#344=LINE('',#3012,#574);
#345=LINE('',#3014,#575);
#346=LINE('',#3016,#576);
#347=LINE('',#3018,#577);
#348=LINE('',#3019,#578);
#349=LINE('',#3022,#579);
#350=LINE('',#3024,#580);
#351=LINE('',#3026,#581);
#352=LINE('',#3028,#582);
#353=LINE('',#3030,#583);
#354=LINE('',#3031,#584);
#355=LINE('',#3034,#585);
#356=LINE('',#3036,#586);
#357=LINE('',#3038,#587);
#358=LINE('',#3040,#588);
#359=LINE('',#3042,#589);
#360=LINE('',#3043,#590);
#361=LINE('',#3046,#591);
#362=LINE('',#3048,#592);
#363=LINE('',#3050,#593);
#364=LINE('',#3052,#594);
#365=LINE('',#3054,#595);
#366=LINE('',#3055,#596);
#367=LINE('',#3058,#597);
#368=LINE('',#3060,#598);
#369=LINE('',#3062,#599);
#370=LINE('',#3064,#600);
#371=LINE('',#3066,#601);
#372=LINE('',#3067,#602);
#373=LINE('',#3070,#603);
#374=LINE('',#3072,#604);
#375=LINE('',#3074,#605);
#376=LINE('',#3076,#606);
#377=LINE('',#3078,#607);
#378=LINE('',#3079,#608);
#379=LINE('',#3082,#609);
#380=LINE('',#3084,#610);
#381=LINE('',#3086,#611);
#382=LINE('',#3088,#612);
#383=LINE('',#3090,#613);
#384=LINE('',#3091,#614);
#385=LINE('',#3094,#615);
#386=LINE('',#3096,#616);
#387=LINE('',#3098,#617);
#388=LINE('',#3100,#618);
#389=LINE('',#3102,#619);
#390=LINE('',#3103,#620);
#391=LINE('',#3106,#621);
#392=LINE('',#3108,#622);
#393=LINE('',#3110,#623);
#394=LINE('',#3114,#624);
#395=LINE('',#3115,#625);
#396=LINE('',#3117,#626);
#397=LINE('',#3119,#627);
#398=LINE('',#3121,#628);
#399=LINE('',#3125,#629);
#400=LINE('',#3126,#630);
#401=LINE('',#3128,#631);
#402=LINE('',#3130,#632);
#403=LINE('',#3132,#633);
#404=LINE('',#3136,#634);
#405=LINE('',#3137,#635);
#406=LINE('',#3139,#636);
#407=LINE('',#3141,#637);
#408=LINE('',#3143,#638);
#409=LINE('',#3147,#639);
#410=LINE('',#3148,#640);
#411=LINE('',#3150,#641);
#412=LINE('',#3152,#642);
#413=LINE('',#3154,#643);
#414=LINE('',#3158,#644);
#415=LINE('',#3159,#645);
#416=LINE('',#3161,#646);
#417=LINE('',#3163,#647);
#418=LINE('',#3165,#648);
#419=LINE('',#3169,#649);
#420=LINE('',#3170,#650);
#421=LINE('',#3172,#651);
#422=LINE('',#3174,#652);
#423=LINE('',#3176,#653);
#424=LINE('',#3180,#654);
#425=LINE('',#3181,#655);
#426=LINE('',#3183,#656);
#427=LINE('',#3185,#657);
#428=LINE('',#3187,#658);
#429=LINE('',#3191,#659);
#430=LINE('',#3192,#660);
#431=LINE('',#3199,#661);
#432=LINE('',#3202,#662);
#433=LINE('',#3207,#663);
#434=LINE('',#3210,#664);
#435=LINE('',#3215,#665);
#436=LINE('',#3218,#666);
#437=LINE('',#3223,#667);
#438=LINE('',#3226,#668);
#439=LINE('',#3231,#669);
#440=LINE('',#3234,#670);
#441=LINE('',#3239,#671);
#442=LINE('',#3242,#672);
#443=LINE('',#3247,#673);
#444=LINE('',#3250,#674);
#445=LINE('',#3253,#675);
#446=LINE('',#3254,#676);
#447=LINE('',#3257,#677);
#448=LINE('',#3258,#678);
#449=LINE('',#3261,#679);
#450=LINE('',#3262,#680);
#451=LINE('',#3265,#681);
#452=LINE('',#3266,#682);
#453=LINE('',#3269,#683);
#454=LINE('',#3270,#684);
#455=LINE('',#3273,#685);
#456=LINE('',#3274,#686);
#457=LINE('',#3277,#687);
#458=LINE('',#3278,#688);
#459=LINE('',#3281,#689);
#460=LINE('',#3283,#690);
#461=LINE('',#3284,#691);
#462=LINE('',#3287,#692);
#463=LINE('',#3288,#693);
#464=LINE('',#3292,#694);
#465=LINE('',#3295,#695);
#466=LINE('',#3296,#696);
#467=LINE('',#3298,#697);
#468=LINE('',#3301,#698);
#469=LINE('',#3303,#699);
#470=LINE('',#3304,#700);
#471=LINE('',#3307,#701);
#472=LINE('',#3308,#702);
#473=LINE('',#3312,#703);
#474=LINE('',#3315,#704);
#475=LINE('',#3316,#705);
#476=LINE('',#3318,#706);
#477=LINE('',#3321,#707);
#478=LINE('',#3323,#708);
#479=LINE('',#3324,#709);
#480=LINE('',#3327,#710);
#481=LINE('',#3328,#711);
#482=LINE('',#3332,#712);
#483=LINE('',#3335,#713);
#484=LINE('',#3336,#714);
#485=LINE('',#3338,#715);
#486=LINE('',#3341,#716);
#487=LINE('',#3343,#717);
#488=LINE('',#3344,#718);
#489=LINE('',#3347,#719);
#490=LINE('',#3348,#720);
#491=LINE('',#3352,#721);
#492=LINE('',#3355,#722);
#493=LINE('',#3356,#723);
#494=LINE('',#3358,#724);
#495=LINE('',#3361,#725);
#496=LINE('',#3363,#726);
#497=LINE('',#3364,#727);
#498=LINE('',#3367,#728);
#499=LINE('',#3368,#729);
#500=LINE('',#3372,#730);
#501=LINE('',#3375,#731);
#502=LINE('',#3376,#732);
#503=LINE('',#3378,#733);
#504=LINE('',#3381,#734);
#505=LINE('',#3383,#735);
#506=LINE('',#3384,#736);
#507=LINE('',#3387,#737);
#508=LINE('',#3388,#738);
#509=LINE('',#3392,#739);
#510=LINE('',#3395,#740);
#511=LINE('',#3396,#741);
#512=LINE('',#3398,#742);
#513=LINE('',#3401,#743);
#514=LINE('',#3403,#744);
#515=LINE('',#3404,#745);
#516=LINE('',#3407,#746);
#517=LINE('',#3408,#747);
#518=LINE('',#3412,#748);
#519=LINE('',#3415,#749);
#520=LINE('',#3416,#750);
#521=LINE('',#3418,#751);
#522=LINE('',#3422,#752);
#523=LINE('',#3437,#753);
#524=LINE('',#3443,#754);
#525=LINE('',#3446,#755);
#526=LINE('',#3449,#756);
#527=LINE('',#3450,#757);
#528=LINE('',#3453,#758);
#529=LINE('',#3454,#759);
#530=LINE('',#3456,#760);
#531=LINE('',#3460,#761);
#532=LINE('',#3463,#762);
#533=LINE('',#3464,#763);
#534=LINE('',#3466,#764);
#535=LINE('',#3470,#765);
#536=VECTOR('',#2292,1.6);
#537=VECTOR('',#2299,1.6);
#538=VECTOR('',#2306,1.6);
#539=VECTOR('',#2313,1.6);
#540=VECTOR('',#2318,10.);
#541=VECTOR('',#2321,10.);
#542=VECTOR('',#2326,10.);
#543=VECTOR('',#2329,10.);
#544=VECTOR('',#2334,10.);
#545=VECTOR('',#2337,10.);
#546=VECTOR('',#2342,10.);
#547=VECTOR('',#2345,10.);
#548=VECTOR('',#2350,10.);
#549=VECTOR('',#2353,10.);
#550=VECTOR('',#2358,10.);
#551=VECTOR('',#2361,10.);
#552=VECTOR('',#2366,10.);
#553=VECTOR('',#2369,10.);
#554=VECTOR('',#2374,10.);
#555=VECTOR('',#2377,10.);
#556=VECTOR('',#2384,36.6);
#557=VECTOR('',#2389,10.);
#558=VECTOR('',#2392,10.);
#559=VECTOR('',#2393,10.);
#560=VECTOR('',#2396,10.);
#561=VECTOR('',#2397,10.);
#562=VECTOR('',#2400,10.);
#563=VECTOR('',#2401,10.);
#564=VECTOR('',#2404,10.);
#565=VECTOR('',#2405,10.);
#566=VECTOR('',#2408,10.);
#567=VECTOR('',#2409,10.);
#568=VECTOR('',#2412,10.);
#569=VECTOR('',#2413,10.);
#570=VECTOR('',#2416,10.);
#571=VECTOR('',#2417,10.);
#572=VECTOR('',#2420,10.);
#573=VECTOR('',#2423,10.);
#574=VECTOR('',#2424,10.);
#575=VECTOR('',#2425,10.);
#576=VECTOR('',#2426,10.);
#577=VECTOR('',#2427,10.);
#578=VECTOR('',#2428,10.);
#579=VECTOR('',#2431,10.);
#580=VECTOR('',#2432,10.);
#581=VECTOR('',#2433,10.);
#582=VECTOR('',#2434,10.);
#583=VECTOR('',#2435,10.);
#584=VECTOR('',#2436,10.);
#585=VECTOR('',#2439,10.);
#586=VECTOR('',#2440,10.);
#587=VECTOR('',#2441,10.);
#588=VECTOR('',#2442,10.);
#589=VECTOR('',#2443,10.);
#590=VECTOR('',#2444,10.);
#591=VECTOR('',#2447,10.);
#592=VECTOR('',#2448,10.);
#593=VECTOR('',#2449,10.);
#594=VECTOR('',#2450,10.);
#595=VECTOR('',#2451,10.);
#596=VECTOR('',#2452,10.);
#597=VECTOR('',#2455,10.);
#598=VECTOR('',#2456,10.);
#599=VECTOR('',#2457,10.);
#600=VECTOR('',#2458,10.);
#601=VECTOR('',#2459,10.);
#602=VECTOR('',#2460,10.);
#603=VECTOR('',#2463,10.);
#604=VECTOR('',#2464,10.);
#605=VECTOR('',#2465,10.);
#606=VECTOR('',#2466,10.);
#607=VECTOR('',#2467,10.);
#608=VECTOR('',#2468,10.);
#609=VECTOR('',#2471,10.);
#610=VECTOR('',#2472,10.);
#611=VECTOR('',#2473,10.);
#612=VECTOR('',#2474,10.);
#613=VECTOR('',#2475,10.);
#614=VECTOR('',#2476,10.);
#615=VECTOR('',#2479,10.);
#616=VECTOR('',#2480,10.);
#617=VECTOR('',#2481,10.);
#618=VECTOR('',#2482,10.);
#619=VECTOR('',#2483,10.);
#620=VECTOR('',#2484,10.);
#621=VECTOR('',#2487,10.);
#622=VECTOR('',#2488,10.);
#623=VECTOR('',#2489,10.);
#624=VECTOR('',#2492,10.);
#625=VECTOR('',#2493,10.);
#626=VECTOR('',#2494,10.);
#627=VECTOR('',#2495,10.);
#628=VECTOR('',#2496,10.);
#629=VECTOR('',#2499,10.);
#630=VECTOR('',#2500,10.);
#631=VECTOR('',#2501,10.);
#632=VECTOR('',#2502,10.);
#633=VECTOR('',#2503,10.);
#634=VECTOR('',#2506,10.);
#635=VECTOR('',#2507,10.);
#636=VECTOR('',#2508,10.);
#637=VECTOR('',#2509,10.);
#638=VECTOR('',#2510,10.);
#639=VECTOR('',#2513,10.);
#640=VECTOR('',#2514,10.);
#641=VECTOR('',#2515,10.);
#642=VECTOR('',#2516,10.);
#643=VECTOR('',#2517,10.);
#644=VECTOR('',#2520,10.);
#645=VECTOR('',#2521,10.);
#646=VECTOR('',#2522,10.);
#647=VECTOR('',#2523,10.);
#648=VECTOR('',#2524,10.);
#649=VECTOR('',#2527,10.);
#650=VECTOR('',#2528,10.);
#651=VECTOR('',#2529,10.);
#652=VECTOR('',#2530,10.);
#653=VECTOR('',#2531,10.);
#654=VECTOR('',#2534,10.);
#655=VECTOR('',#2535,10.);
#656=VECTOR('',#2536,10.);
#657=VECTOR('',#2537,10.);
#658=VECTOR('',#2538,10.);
#659=VECTOR('',#2541,10.);
#660=VECTOR('',#2542,10.);
#661=VECTOR('',#2549,10.);
#662=VECTOR('',#2554,10.);
#663=VECTOR('',#2559,10.);
#664=VECTOR('',#2564,10.);
#665=VECTOR('',#2569,10.);
#666=VECTOR('',#2574,10.);
#667=VECTOR('',#2579,10.);
#668=VECTOR('',#2584,10.);
#669=VECTOR('',#2589,10.);
#670=VECTOR('',#2594,10.);
#671=VECTOR('',#2599,10.);
#672=VECTOR('',#2604,10.);
#673=VECTOR('',#2609,10.);
#674=VECTOR('',#2614,10.);
#675=VECTOR('',#2617,10.);
#676=VECTOR('',#2618,10.);
#677=VECTOR('',#2621,10.);
#678=VECTOR('',#2622,10.);
#679=VECTOR('',#2625,10.);
#680=VECTOR('',#2626,10.);
#681=VECTOR('',#2629,10.);
#682=VECTOR('',#2630,10.);
#683=VECTOR('',#2633,10.);
#684=VECTOR('',#2634,10.);
#685=VECTOR('',#2637,10.);
#686=VECTOR('',#2638,10.);
#687=VECTOR('',#2641,10.);
#688=VECTOR('',#2642,10.);
#689=VECTOR('',#2645,10.);
#690=VECTOR('',#2646,10.);
#691=VECTOR('',#2647,10.);
#692=VECTOR('',#2650,10.);
#693=VECTOR('',#2651,10.);
#694=VECTOR('',#2656,10.);
#695=VECTOR('',#2659,10.);
#696=VECTOR('',#2660,10.);
#697=VECTOR('',#2663,10.);
#698=VECTOR('',#2666,10.);
#699=VECTOR('',#2667,10.);
#700=VECTOR('',#2668,10.);
#701=VECTOR('',#2671,10.);
#702=VECTOR('',#2672,10.);
#703=VECTOR('',#2677,10.);
#704=VECTOR('',#2680,10.);
#705=VECTOR('',#2681,10.);
#706=VECTOR('',#2684,10.);
#707=VECTOR('',#2687,10.);
#708=VECTOR('',#2688,10.);
#709=VECTOR('',#2689,10.);
#710=VECTOR('',#2692,10.);
#711=VECTOR('',#2693,10.);
#712=VECTOR('',#2698,10.);
#713=VECTOR('',#2701,10.);
#714=VECTOR('',#2702,10.);
#715=VECTOR('',#2705,10.);
#716=VECTOR('',#2708,10.);
#717=VECTOR('',#2709,10.);
#718=VECTOR('',#2710,10.);
#719=VECTOR('',#2713,10.);
#720=VECTOR('',#2714,10.);
#721=VECTOR('',#2719,10.);
#722=VECTOR('',#2722,10.);
#723=VECTOR('',#2723,10.);
#724=VECTOR('',#2726,10.);
#725=VECTOR('',#2729,10.);
#726=VECTOR('',#2730,10.);
#727=VECTOR('',#2731,10.);
#728=VECTOR('',#2734,10.);
#729=VECTOR('',#2735,10.);
#730=VECTOR('',#2740,10.);
#731=VECTOR('',#2743,10.);
#732=VECTOR('',#2744,10.);
#733=VECTOR('',#2747,10.);
#734=VECTOR('',#2750,10.);
#735=VECTOR('',#2751,10.);
#736=VECTOR('',#2752,10.);
#737=VECTOR('',#2755,10.);
#738=VECTOR('',#2756,10.);
#739=VECTOR('',#2761,10.);
#740=VECTOR('',#2764,10.);
#741=VECTOR('',#2765,10.);
#742=VECTOR('',#2768,10.);
#743=VECTOR('',#2771,10.);
#744=VECTOR('',#2772,10.);
#745=VECTOR('',#2773,10.);
#746=VECTOR('',#2776,10.);
#747=VECTOR('',#2777,10.);
#748=VECTOR('',#2782,10.);
#749=VECTOR('',#2785,10.);
#750=VECTOR('',#2786,10.);
#751=VECTOR('',#2789,10.);
#752=VECTOR('',#2794,10.);
#753=VECTOR('',#2821,10.);
#754=VECTOR('',#2828,10.);
#755=VECTOR('',#2833,10.);
#756=VECTOR('',#2836,10.);
#757=VECTOR('',#2837,10.);
#758=VECTOR('',#2840,10.);
#759=VECTOR('',#2841,10.);
#760=VECTOR('',#2844,10.);
#761=VECTOR('',#2849,10.);
#762=VECTOR('',#2852,10.);
#763=VECTOR('',#2853,10.);
#764=VECTOR('',#2856,10.);
#765=VECTOR('',#2861,13.);
#766=CIRCLE('',#2114,1.6);
#767=CIRCLE('',#2115,1.6);
#768=CIRCLE('',#2117,1.6);
#769=CIRCLE('',#2118,1.6);
#770=CIRCLE('',#2120,1.6);
#771=CIRCLE('',#2121,1.6);
#772=CIRCLE('',#2123,1.6);
#773=CIRCLE('',#2124,1.6);
#774=CIRCLE('',#2126,25.);
#775=CIRCLE('',#2127,25.);
#776=CIRCLE('',#2129,25.);
#777=CIRCLE('',#2130,25.);
#778=CIRCLE('',#2132,25.);
#779=CIRCLE('',#2133,25.);
#780=CIRCLE('',#2135,25.);
#781=CIRCLE('',#2136,25.);
#782=CIRCLE('',#2138,25.);
#783=CIRCLE('',#2139,25.);
#784=CIRCLE('',#2141,25.);
#785=CIRCLE('',#2142,25.);
#786=CIRCLE('',#2144,25.);
#787=CIRCLE('',#2145,25.);
#788=CIRCLE('',#2147,25.);
#789=CIRCLE('',#2148,25.);
#790=CIRCLE('',#2150,36.6);
#791=CIRCLE('',#2151,36.6);
#792=CIRCLE('',#2153,2.99000000000012);
#793=CIRCLE('',#2154,2.99000000000011);
#794=CIRCLE('',#2155,2.99000000000011);
#795=CIRCLE('',#2156,2.99000000000011);
#796=CIRCLE('',#2157,2.99000000000011);
#797=CIRCLE('',#2158,2.99000000000011);
#798=CIRCLE('',#2159,2.99000000000011);
#799=CIRCLE('',#2160,2.99000000000011);
#800=CIRCLE('',#2170,15.);
#801=CIRCLE('',#2171,15.);
#802=CIRCLE('',#2172,15.);
#803=CIRCLE('',#2173,15.);
#804=CIRCLE('',#2174,15.);
#805=CIRCLE('',#2175,15.);
#806=CIRCLE('',#2176,15.);
#807=CIRCLE('',#2177,15.);
#808=CIRCLE('',#2178,13.);
#809=CIRCLE('',#2180,17.1);
#810=CIRCLE('',#2181,2.99000000000012);
#811=CIRCLE('',#2184,17.1);
#812=CIRCLE('',#2185,2.99000000000011);
#813=CIRCLE('',#2188,17.1);
#814=CIRCLE('',#2189,2.99000000000011);
#815=CIRCLE('',#2192,17.1);
#816=CIRCLE('',#2193,2.99000000000011);
#817=CIRCLE('',#2196,17.1);
#818=CIRCLE('',#2197,2.99000000000011);
#819=CIRCLE('',#2200,17.1);
#820=CIRCLE('',#2201,2.99000000000011);
#821=CIRCLE('',#2204,17.1);
#822=CIRCLE('',#2205,2.99000000000011);
#823=CIRCLE('',#2217,17.1);
#824=CIRCLE('',#2223,17.1);
#825=CIRCLE('',#2229,17.1);
#826=CIRCLE('',#2235,17.1);
#827=CIRCLE('',#2241,17.1);
#828=CIRCLE('',#2247,17.1);
#829=CIRCLE('',#2253,17.1);
#830=CIRCLE('',#2257,15.);
#831=CIRCLE('',#2259,15.);
#832=CIRCLE('',#2261,15.);
#833=CIRCLE('',#2263,15.);
#834=CIRCLE('',#2265,15.);
#835=CIRCLE('',#2267,15.);
#836=CIRCLE('',#2269,15.);
#837=CIRCLE('',#2271,15.);
#838=CIRCLE('',#2273,17.1);
#839=CIRCLE('',#2274,2.99000000000011);
#840=CIRCLE('',#2280,17.1);
#841=CIRCLE('',#2284,13.);
#842=VERTEX_POINT('',#2866);
#843=VERTEX_POINT('',#2868);
#844=VERTEX_POINT('',#2872);
#845=VERTEX_POINT('',#2874);
#846=VERTEX_POINT('',#2878);
#847=VERTEX_POINT('',#2880);
#848=VERTEX_POINT('',#2884);
#849=VERTEX_POINT('',#2886);
#850=VERTEX_POINT('',#2890);
#851=VERTEX_POINT('',#2891);
#852=VERTEX_POINT('',#2893);
#853=VERTEX_POINT('',#2895);
#854=VERTEX_POINT('',#2899);
#855=VERTEX_POINT('',#2900);
#856=VERTEX_POINT('',#2902);
#857=VERTEX_POINT('',#2904);
#858=VERTEX_POINT('',#2908);
#859=VERTEX_POINT('',#2909);
#860=VERTEX_POINT('',#2911);
#861=VERTEX_POINT('',#2913);
#862=VERTEX_POINT('',#2917);
#863=VERTEX_POINT('',#2918);
#864=VERTEX_POINT('',#2920);
#865=VERTEX_POINT('',#2922);
#866=VERTEX_POINT('',#2926);
#867=VERTEX_POINT('',#2927);
#868=VERTEX_POINT('',#2929);
#869=VERTEX_POINT('',#2931);
#870=VERTEX_POINT('',#2935);
#871=VERTEX_POINT('',#2936);
#872=VERTEX_POINT('',#2938);
#873=VERTEX_POINT('',#2940);
#874=VERTEX_POINT('',#2944);
#875=VERTEX_POINT('',#2945);
#876=VERTEX_POINT('',#2947);
#877=VERTEX_POINT('',#2949);
#878=VERTEX_POINT('',#2953);
#879=VERTEX_POINT('',#2954);
#880=VERTEX_POINT('',#2956);
#881=VERTEX_POINT('',#2958);
#882=VERTEX_POINT('',#2962);
#883=VERTEX_POINT('',#2964);
#884=VERTEX_POINT('',#2968);
#885=VERTEX_POINT('',#2970);
#886=VERTEX_POINT('',#2973);
#887=VERTEX_POINT('',#2975);
#888=VERTEX_POINT('',#2978);
#889=VERTEX_POINT('',#2980);
#890=VERTEX_POINT('',#2983);
#891=VERTEX_POINT('',#2985);
#892=VERTEX_POINT('',#2988);
#893=VERTEX_POINT('',#2990);
#894=VERTEX_POINT('',#2993);
#895=VERTEX_POINT('',#2995);
#896=VERTEX_POINT('',#2998);
#897=VERTEX_POINT('',#3000);
#898=VERTEX_POINT('',#3003);
#899=VERTEX_POINT('',#3005);
#900=VERTEX_POINT('',#3009);
#901=VERTEX_POINT('',#3011);
#902=VERTEX_POINT('',#3013);
#903=VERTEX_POINT('',#3015);
#904=VERTEX_POINT('',#3017);
#905=VERTEX_POINT('',#3021);
#906=VERTEX_POINT('',#3023);
#907=VERTEX_POINT('',#3025);
#908=VERTEX_POINT('',#3027);
#909=VERTEX_POINT('',#3029);
#910=VERTEX_POINT('',#3033);
#911=VERTEX_POINT('',#3035);
#912=VERTEX_POINT('',#3037);
#913=VERTEX_POINT('',#3039);
#914=VERTEX_POINT('',#3041);
#915=VERTEX_POINT('',#3045);
#916=VERTEX_POINT('',#3047);
#917=VERTEX_POINT('',#3049);
#918=VERTEX_POINT('',#3051);
#919=VERTEX_POINT('',#3053);
#920=VERTEX_POINT('',#3057);
#921=VERTEX_POINT('',#3059);
#922=VERTEX_POINT('',#3061);
#923=VERTEX_POINT('',#3063);
#924=VERTEX_POINT('',#3065);
#925=VERTEX_POINT('',#3069);
#926=VERTEX_POINT('',#3071);
#927=VERTEX_POINT('',#3073);
#928=VERTEX_POINT('',#3075);
#929=VERTEX_POINT('',#3077);
#930=VERTEX_POINT('',#3081);
#931=VERTEX_POINT('',#3083);
#932=VERTEX_POINT('',#3085);
#933=VERTEX_POINT('',#3087);
#934=VERTEX_POINT('',#3089);
#935=VERTEX_POINT('',#3093);
#936=VERTEX_POINT('',#3095);
#937=VERTEX_POINT('',#3097);
#938=VERTEX_POINT('',#3099);
#939=VERTEX_POINT('',#3101);
#940=VERTEX_POINT('',#3105);
#941=VERTEX_POINT('',#3107);
#942=VERTEX_POINT('',#3109);
#943=VERTEX_POINT('',#3111);
#944=VERTEX_POINT('',#3113);
#945=VERTEX_POINT('',#3116);
#946=VERTEX_POINT('',#3118);
#947=VERTEX_POINT('',#3120);
#948=VERTEX_POINT('',#3122);
#949=VERTEX_POINT('',#3124);
#950=VERTEX_POINT('',#3127);
#951=VERTEX_POINT('',#3129);
#952=VERTEX_POINT('',#3131);
#953=VERTEX_POINT('',#3133);
#954=VERTEX_POINT('',#3135);
#955=VERTEX_POINT('',#3138);
#956=VERTEX_POINT('',#3140);
#957=VERTEX_POINT('',#3142);
#958=VERTEX_POINT('',#3144);
#959=VERTEX_POINT('',#3146);
#960=VERTEX_POINT('',#3149);
#961=VERTEX_POINT('',#3151);
#962=VERTEX_POINT('',#3153);
#963=VERTEX_POINT('',#3155);
#964=VERTEX_POINT('',#3157);
#965=VERTEX_POINT('',#3160);
#966=VERTEX_POINT('',#3162);
#967=VERTEX_POINT('',#3164);
#968=VERTEX_POINT('',#3166);
#969=VERTEX_POINT('',#3168);
#970=VERTEX_POINT('',#3171);
#971=VERTEX_POINT('',#3173);
#972=VERTEX_POINT('',#3175);
#973=VERTEX_POINT('',#3177);
#974=VERTEX_POINT('',#3179);
#975=VERTEX_POINT('',#3182);
#976=VERTEX_POINT('',#3184);
#977=VERTEX_POINT('',#3186);
#978=VERTEX_POINT('',#3188);
#979=VERTEX_POINT('',#3190);
#980=VERTEX_POINT('',#3193);
#981=VERTEX_POINT('',#3196);
#982=VERTEX_POINT('',#3198);
#983=VERTEX_POINT('',#3204);
#984=VERTEX_POINT('',#3206);
#985=VERTEX_POINT('',#3212);
#986=VERTEX_POINT('',#3214);
#987=VERTEX_POINT('',#3220);
#988=VERTEX_POINT('',#3222);
#989=VERTEX_POINT('',#3228);
#990=VERTEX_POINT('',#3230);
#991=VERTEX_POINT('',#3236);
#992=VERTEX_POINT('',#3238);
#993=VERTEX_POINT('',#3244);
#994=VERTEX_POINT('',#3246);
#995=VERTEX_POINT('',#3252);
#996=VERTEX_POINT('',#3256);
#997=VERTEX_POINT('',#3260);
#998=VERTEX_POINT('',#3264);
#999=VERTEX_POINT('',#3268);
#1000=VERTEX_POINT('',#3272);
#1001=VERTEX_POINT('',#3276);
#1002=VERTEX_POINT('',#3280);
#1003=VERTEX_POINT('',#3282);
#1004=VERTEX_POINT('',#3286);
#1005=VERTEX_POINT('',#3290);
#1006=VERTEX_POINT('',#3294);
#1007=VERTEX_POINT('',#3300);
#1008=VERTEX_POINT('',#3302);
#1009=VERTEX_POINT('',#3306);
#1010=VERTEX_POINT('',#3310);
#1011=VERTEX_POINT('',#3314);
#1012=VERTEX_POINT('',#3320);
#1013=VERTEX_POINT('',#3322);
#1014=VERTEX_POINT('',#3326);
#1015=VERTEX_POINT('',#3330);
#1016=VERTEX_POINT('',#3334);
#1017=VERTEX_POINT('',#3340);
#1018=VERTEX_POINT('',#3342);
#1019=VERTEX_POINT('',#3346);
#1020=VERTEX_POINT('',#3350);
#1021=VERTEX_POINT('',#3354);
#1022=VERTEX_POINT('',#3360);
#1023=VERTEX_POINT('',#3362);
#1024=VERTEX_POINT('',#3366);
#1025=VERTEX_POINT('',#3370);
#1026=VERTEX_POINT('',#3374);
#1027=VERTEX_POINT('',#3380);
#1028=VERTEX_POINT('',#3382);
#1029=VERTEX_POINT('',#3386);
#1030=VERTEX_POINT('',#3390);
#1031=VERTEX_POINT('',#3394);
#1032=VERTEX_POINT('',#3400);
#1033=VERTEX_POINT('',#3402);
#1034=VERTEX_POINT('',#3406);
#1035=VERTEX_POINT('',#3410);
#1036=VERTEX_POINT('',#3414);
#1037=VERTEX_POINT('',#3420);
#1038=VERTEX_POINT('',#3436);
#1039=VERTEX_POINT('',#3440);
#1040=VERTEX_POINT('',#3442);
#1041=VERTEX_POINT('',#3448);
#1042=VERTEX_POINT('',#3452);
#1043=VERTEX_POINT('',#3458);
#1044=VERTEX_POINT('',#3462);
#1045=VERTEX_POINT('',#3468);
#1046=EDGE_CURVE('',#842,#842,#766,.T.);
#1047=EDGE_CURVE('',#842,#843,#306,.T.);
#1048=EDGE_CURVE('',#843,#843,#767,.T.);
#1049=EDGE_CURVE('',#844,#844,#768,.T.);
#1050=EDGE_CURVE('',#844,#845,#307,.T.);
#1051=EDGE_CURVE('',#845,#845,#769,.T.);
#1052=EDGE_CURVE('',#846,#846,#770,.T.);
#1053=EDGE_CURVE('',#846,#847,#308,.T.);
#1054=EDGE_CURVE('',#847,#847,#771,.T.);
#1055=EDGE_CURVE('',#848,#848,#772,.T.);
#1056=EDGE_CURVE('',#848,#849,#309,.T.);
#1057=EDGE_CURVE('',#849,#849,#773,.T.);
#1058=EDGE_CURVE('',#850,#851,#310,.T.);
#1059=EDGE_CURVE('',#850,#852,#774,.T.);
#1060=EDGE_CURVE('',#853,#852,#311,.T.);
#1061=EDGE_CURVE('',#851,#853,#775,.T.);
#1062=EDGE_CURVE('',#854,#855,#312,.T.);
#1063=EDGE_CURVE('',#854,#856,#776,.T.);
#1064=EDGE_CURVE('',#857,#856,#313,.T.);
#1065=EDGE_CURVE('',#855,#857,#777,.T.);
#1066=EDGE_CURVE('',#858,#859,#314,.T.);
#1067=EDGE_CURVE('',#858,#860,#778,.T.);
#1068=EDGE_CURVE('',#861,#860,#315,.T.);
#1069=EDGE_CURVE('',#859,#861,#779,.T.);
#1070=EDGE_CURVE('',#862,#863,#316,.T.);
#1071=EDGE_CURVE('',#862,#864,#780,.T.);
#1072=EDGE_CURVE('',#865,#864,#317,.T.);
#1073=EDGE_CURVE('',#863,#865,#781,.T.);
#1074=EDGE_CURVE('',#866,#867,#318,.T.);
#1075=EDGE_CURVE('',#866,#868,#782,.T.);
#1076=EDGE_CURVE('',#869,#868,#319,.T.);
#1077=EDGE_CURVE('',#867,#869,#783,.T.);
#1078=EDGE_CURVE('',#870,#871,#320,.T.);
#1079=EDGE_CURVE('',#870,#872,#784,.T.);
#1080=EDGE_CURVE('',#873,#872,#321,.T.);
#1081=EDGE_CURVE('',#871,#873,#785,.T.);
#1082=EDGE_CURVE('',#874,#875,#322,.T.);
#1083=EDGE_CURVE('',#874,#876,#786,.T.);
#1084=EDGE_CURVE('',#877,#876,#323,.T.);
#1085=EDGE_CURVE('',#875,#877,#787,.T.);
#1086=EDGE_CURVE('',#878,#879,#324,.T.);
#1087=EDGE_CURVE('',#880,#878,#788,.T.);
#1088=EDGE_CURVE('',#881,#880,#325,.T.);
#1089=EDGE_CURVE('',#881,#879,#789,.T.);
#1090=EDGE_CURVE('',#882,#882,#790,.T.);
#1091=EDGE_CURVE('',#882,#883,#326,.T.);
#1092=EDGE_CURVE('',#883,#883,#791,.T.);
#1093=EDGE_CURVE('',#884,#878,#327,.T.);
#1094=EDGE_CURVE('',#885,#884,#792,.T.);
#1095=EDGE_CURVE('',#875,#885,#328,.T.);
#1096=EDGE_CURVE('',#886,#877,#329,.T.);
#1097=EDGE_CURVE('',#887,#886,#793,.T.);
#1098=EDGE_CURVE('',#871,#887,#330,.T.);
#1099=EDGE_CURVE('',#888,#873,#331,.T.);
#1100=EDGE_CURVE('',#889,#888,#794,.T.);
#1101=EDGE_CURVE('',#867,#889,#332,.T.);
#1102=EDGE_CURVE('',#890,#869,#333,.T.);
#1103=EDGE_CURVE('',#891,#890,#795,.T.);
#1104=EDGE_CURVE('',#863,#891,#334,.T.);
#1105=EDGE_CURVE('',#892,#865,#335,.T.);
#1106=EDGE_CURVE('',#893,#892,#796,.T.);
#1107=EDGE_CURVE('',#859,#893,#336,.T.);
#1108=EDGE_CURVE('',#894,#861,#337,.T.);
#1109=EDGE_CURVE('',#895,#894,#797,.T.);
#1110=EDGE_CURVE('',#855,#895,#338,.T.);
#1111=EDGE_CURVE('',#896,#857,#339,.T.);
#1112=EDGE_CURVE('',#897,#896,#798,.T.);
#1113=EDGE_CURVE('',#851,#897,#340,.T.);
#1114=EDGE_CURVE('',#898,#853,#341,.T.);
#1115=EDGE_CURVE('',#899,#898,#799,.T.);
#1116=EDGE_CURVE('',#880,#899,#342,.T.);
#1117=EDGE_CURVE('',#879,#900,#343,.T.);
#1118=EDGE_CURVE('',#900,#901,#344,.T.);
#1119=EDGE_CURVE('',#902,#901,#345,.T.);
#1120=EDGE_CURVE('',#903,#902,#346,.T.);
#1121=EDGE_CURVE('',#904,#903,#347,.T.);
#1122=EDGE_CURVE('',#884,#904,#348,.T.);
#1123=EDGE_CURVE('',#876,#905,#349,.T.);
#1124=EDGE_CURVE('',#905,#906,#350,.T.);
#1125=EDGE_CURVE('',#907,#906,#351,.T.);
#1126=EDGE_CURVE('',#908,#907,#352,.T.);
#1127=EDGE_CURVE('',#909,#908,#353,.T.);
#1128=EDGE_CURVE('',#886,#909,#354,.T.);
#1129=EDGE_CURVE('',#872,#910,#355,.T.);
#1130=EDGE_CURVE('',#910,#911,#356,.T.);
#1131=EDGE_CURVE('',#912,#911,#357,.T.);
#1132=EDGE_CURVE('',#913,#912,#358,.T.);
#1133=EDGE_CURVE('',#914,#913,#359,.T.);
#1134=EDGE_CURVE('',#888,#914,#360,.T.);
#1135=EDGE_CURVE('',#868,#915,#361,.T.);
#1136=EDGE_CURVE('',#915,#916,#362,.T.);
#1137=EDGE_CURVE('',#917,#916,#363,.T.);
#1138=EDGE_CURVE('',#918,#917,#364,.T.);
#1139=EDGE_CURVE('',#919,#918,#365,.T.);
#1140=EDGE_CURVE('',#890,#919,#366,.T.);
#1141=EDGE_CURVE('',#864,#920,#367,.T.);
#1142=EDGE_CURVE('',#920,#921,#368,.T.);
#1143=EDGE_CURVE('',#922,#921,#369,.T.);
#1144=EDGE_CURVE('',#923,#922,#370,.T.);
#1145=EDGE_CURVE('',#924,#923,#371,.T.);
#1146=EDGE_CURVE('',#892,#924,#372,.T.);
#1147=EDGE_CURVE('',#860,#925,#373,.T.);
#1148=EDGE_CURVE('',#925,#926,#374,.T.);
#1149=EDGE_CURVE('',#927,#926,#375,.T.);
#1150=EDGE_CURVE('',#928,#927,#376,.T.);
#1151=EDGE_CURVE('',#929,#928,#377,.T.);
#1152=EDGE_CURVE('',#894,#929,#378,.T.);
#1153=EDGE_CURVE('',#856,#930,#379,.T.);
#1154=EDGE_CURVE('',#930,#931,#380,.T.);
#1155=EDGE_CURVE('',#932,#931,#381,.T.);
#1156=EDGE_CURVE('',#933,#932,#382,.T.);
#1157=EDGE_CURVE('',#934,#933,#383,.T.);
#1158=EDGE_CURVE('',#896,#934,#384,.T.);
#1159=EDGE_CURVE('',#852,#935,#385,.T.);
#1160=EDGE_CURVE('',#935,#936,#386,.T.);
#1161=EDGE_CURVE('',#937,#936,#387,.T.);
#1162=EDGE_CURVE('',#938,#937,#388,.T.);
#1163=EDGE_CURVE('',#939,#938,#389,.T.);
#1164=EDGE_CURVE('',#898,#939,#390,.T.);
#1165=EDGE_CURVE('',#940,#874,#391,.T.);
#1166=EDGE_CURVE('',#941,#940,#392,.T.);
#1167=EDGE_CURVE('',#942,#941,#393,.T.);
#1168=EDGE_CURVE('',#943,#942,#800,.T.);
#1169=EDGE_CURVE('',#944,#943,#394,.T.);
#1170=EDGE_CURVE('',#905,#944,#395,.T.);
#1171=EDGE_CURVE('',#945,#870,#396,.T.);
#1172=EDGE_CURVE('',#946,#945,#397,.T.);
#1173=EDGE_CURVE('',#947,#946,#398,.T.);
#1174=EDGE_CURVE('',#948,#947,#801,.T.);
#1175=EDGE_CURVE('',#949,#948,#399,.T.);
#1176=EDGE_CURVE('',#910,#949,#400,.T.);
#1177=EDGE_CURVE('',#950,#866,#401,.T.);
#1178=EDGE_CURVE('',#951,#950,#402,.T.);
#1179=EDGE_CURVE('',#952,#951,#403,.T.);
#1180=EDGE_CURVE('',#953,#952,#802,.T.);
#1181=EDGE_CURVE('',#954,#953,#404,.T.);
#1182=EDGE_CURVE('',#915,#954,#405,.T.);
#1183=EDGE_CURVE('',#955,#862,#406,.T.);
#1184=EDGE_CURVE('',#956,#955,#407,.T.);
#1185=EDGE_CURVE('',#957,#956,#408,.T.);
#1186=EDGE_CURVE('',#958,#957,#803,.T.);
#1187=EDGE_CURVE('',#959,#958,#409,.T.);
#1188=EDGE_CURVE('',#920,#959,#410,.T.);
#1189=EDGE_CURVE('',#960,#858,#411,.T.);
#1190=EDGE_CURVE('',#961,#960,#412,.T.);
#1191=EDGE_CURVE('',#962,#961,#413,.T.);
#1192=EDGE_CURVE('',#963,#962,#804,.T.);
#1193=EDGE_CURVE('',#964,#963,#414,.T.);
#1194=EDGE_CURVE('',#925,#964,#415,.T.);
#1195=EDGE_CURVE('',#965,#854,#416,.T.);
#1196=EDGE_CURVE('',#966,#965,#417,.T.);
#1197=EDGE_CURVE('',#967,#966,#418,.T.);
#1198=EDGE_CURVE('',#968,#967,#805,.T.);
#1199=EDGE_CURVE('',#969,#968,#419,.T.);
#1200=EDGE_CURVE('',#930,#969,#420,.T.);
#1201=EDGE_CURVE('',#970,#850,#421,.T.);
#1202=EDGE_CURVE('',#971,#970,#422,.T.);
#1203=EDGE_CURVE('',#972,#971,#423,.T.);
#1204=EDGE_CURVE('',#973,#972,#806,.T.);
#1205=EDGE_CURVE('',#974,#973,#424,.T.);
#1206=EDGE_CURVE('',#935,#974,#425,.T.);
#1207=EDGE_CURVE('',#975,#881,#426,.T.);
#1208=EDGE_CURVE('',#976,#975,#427,.T.);
#1209=EDGE_CURVE('',#977,#976,#428,.T.);
#1210=EDGE_CURVE('',#978,#977,#807,.T.);
#1211=EDGE_CURVE('',#979,#978,#429,.T.);
#1212=EDGE_CURVE('',#900,#979,#430,.T.);
#1213=EDGE_CURVE('',#980,#980,#808,.T.);
#1214=EDGE_CURVE('',#981,#903,#809,.T.);
#1215=EDGE_CURVE('',#981,#982,#431,.T.);
#1216=EDGE_CURVE('',#982,#904,#810,.T.);
#1217=EDGE_CURVE('',#885,#982,#432,.T.);
#1218=EDGE_CURVE('',#983,#908,#811,.T.);
#1219=EDGE_CURVE('',#983,#984,#433,.T.);
#1220=EDGE_CURVE('',#984,#909,#812,.T.);
#1221=EDGE_CURVE('',#887,#984,#434,.T.);
#1222=EDGE_CURVE('',#985,#913,#813,.T.);
#1223=EDGE_CURVE('',#985,#986,#435,.T.);
#1224=EDGE_CURVE('',#986,#914,#814,.T.);
#1225=EDGE_CURVE('',#889,#986,#436,.T.);
#1226=EDGE_CURVE('',#987,#918,#815,.T.);
#1227=EDGE_CURVE('',#987,#988,#437,.T.);
#1228=EDGE_CURVE('',#988,#919,#816,.T.);
#1229=EDGE_CURVE('',#891,#988,#438,.T.);
#1230=EDGE_CURVE('',#989,#923,#817,.T.);
#1231=EDGE_CURVE('',#989,#990,#439,.T.);
#1232=EDGE_CURVE('',#990,#924,#818,.T.);
#1233=EDGE_CURVE('',#893,#990,#440,.T.);
#1234=EDGE_CURVE('',#991,#928,#819,.T.);
#1235=EDGE_CURVE('',#991,#992,#441,.T.);
#1236=EDGE_CURVE('',#992,#929,#820,.T.);
#1237=EDGE_CURVE('',#895,#992,#442,.T.);
#1238=EDGE_CURVE('',#993,#933,#821,.T.);
#1239=EDGE_CURVE('',#993,#994,#443,.T.);
#1240=EDGE_CURVE('',#994,#934,#822,.T.);
#1241=EDGE_CURVE('',#897,#994,#444,.T.);
#1242=EDGE_CURVE('',#979,#995,#445,.T.);
#1243=EDGE_CURVE('',#901,#995,#446,.T.);
#1244=EDGE_CURVE('',#944,#996,#447,.T.);
#1245=EDGE_CURVE('',#906,#996,#448,.T.);
#1246=EDGE_CURVE('',#949,#997,#449,.T.);
#1247=EDGE_CURVE('',#911,#997,#450,.T.);
#1248=EDGE_CURVE('',#954,#998,#451,.T.);
#1249=EDGE_CURVE('',#916,#998,#452,.T.);
#1250=EDGE_CURVE('',#959,#999,#453,.T.);
#1251=EDGE_CURVE('',#921,#999,#454,.T.);
#1252=EDGE_CURVE('',#964,#1000,#455,.T.);
#1253=EDGE_CURVE('',#926,#1000,#456,.T.);
#1254=EDGE_CURVE('',#969,#1001,#457,.T.);
#1255=EDGE_CURVE('',#931,#1001,#458,.T.);
#1256=EDGE_CURVE('',#941,#1002,#459,.T.);
#1257=EDGE_CURVE('',#1003,#1002,#460,.T.);
#1258=EDGE_CURVE('',#942,#1003,#461,.T.);
#1259=EDGE_CURVE('',#1004,#978,#462,.T.);
#1260=EDGE_CURVE('',#995,#1004,#463,.T.);
#1261=EDGE_CURVE('',#1005,#902,#823,.T.);
#1262=EDGE_CURVE('',#981,#1005,#464,.T.);
#1263=EDGE_CURVE('',#1006,#1005,#465,.T.);
#1264=EDGE_CURVE('',#940,#1006,#466,.T.);
#1265=EDGE_CURVE('',#1002,#1006,#467,.T.);
#1266=EDGE_CURVE('',#946,#1007,#468,.T.);
#1267=EDGE_CURVE('',#1008,#1007,#469,.T.);
#1268=EDGE_CURVE('',#947,#1008,#470,.T.);
#1269=EDGE_CURVE('',#1009,#943,#471,.T.);
#1270=EDGE_CURVE('',#996,#1009,#472,.T.);
#1271=EDGE_CURVE('',#1010,#907,#824,.T.);
#1272=EDGE_CURVE('',#983,#1010,#473,.T.);
#1273=EDGE_CURVE('',#1011,#1010,#474,.T.);
#1274=EDGE_CURVE('',#945,#1011,#475,.T.);
#1275=EDGE_CURVE('',#1007,#1011,#476,.T.);
#1276=EDGE_CURVE('',#951,#1012,#477,.T.);
#1277=EDGE_CURVE('',#1013,#1012,#478,.T.);
#1278=EDGE_CURVE('',#952,#1013,#479,.T.);
#1279=EDGE_CURVE('',#1014,#948,#480,.T.);
#1280=EDGE_CURVE('',#997,#1014,#481,.T.);
#1281=EDGE_CURVE('',#1015,#912,#825,.T.);
#1282=EDGE_CURVE('',#985,#1015,#482,.T.);
#1283=EDGE_CURVE('',#1016,#1015,#483,.T.);
#1284=EDGE_CURVE('',#950,#1016,#484,.T.);
#1285=EDGE_CURVE('',#1012,#1016,#485,.T.);
#1286=EDGE_CURVE('',#956,#1017,#486,.T.);
#1287=EDGE_CURVE('',#1018,#1017,#487,.T.);
#1288=EDGE_CURVE('',#957,#1018,#488,.T.);
#1289=EDGE_CURVE('',#1019,#953,#489,.T.);
#1290=EDGE_CURVE('',#998,#1019,#490,.T.);
#1291=EDGE_CURVE('',#1020,#917,#826,.T.);
#1292=EDGE_CURVE('',#987,#1020,#491,.T.);
#1293=EDGE_CURVE('',#1021,#1020,#492,.T.);
#1294=EDGE_CURVE('',#955,#1021,#493,.T.);
#1295=EDGE_CURVE('',#1017,#1021,#494,.T.);
#1296=EDGE_CURVE('',#961,#1022,#495,.T.);
#1297=EDGE_CURVE('',#1023,#1022,#496,.T.);
#1298=EDGE_CURVE('',#962,#1023,#497,.T.);
#1299=EDGE_CURVE('',#1024,#958,#498,.T.);
#1300=EDGE_CURVE('',#999,#1024,#499,.T.);
#1301=EDGE_CURVE('',#1025,#922,#827,.T.);
#1302=EDGE_CURVE('',#989,#1025,#500,.T.);
#1303=EDGE_CURVE('',#1026,#1025,#501,.T.);
#1304=EDGE_CURVE('',#960,#1026,#502,.T.);
#1305=EDGE_CURVE('',#1022,#1026,#503,.T.);
#1306=EDGE_CURVE('',#966,#1027,#504,.T.);
#1307=EDGE_CURVE('',#1028,#1027,#505,.T.);
#1308=EDGE_CURVE('',#967,#1028,#506,.T.);
#1309=EDGE_CURVE('',#1029,#963,#507,.T.);
#1310=EDGE_CURVE('',#1000,#1029,#508,.T.);
#1311=EDGE_CURVE('',#1030,#927,#828,.T.);
#1312=EDGE_CURVE('',#991,#1030,#509,.T.);
#1313=EDGE_CURVE('',#1031,#1030,#510,.T.);
#1314=EDGE_CURVE('',#965,#1031,#511,.T.);
#1315=EDGE_CURVE('',#1027,#1031,#512,.T.);
#1316=EDGE_CURVE('',#971,#1032,#513,.T.);
#1317=EDGE_CURVE('',#1033,#1032,#514,.T.);
#1318=EDGE_CURVE('',#972,#1033,#515,.T.);
#1319=EDGE_CURVE('',#1034,#968,#516,.T.);
#1320=EDGE_CURVE('',#1001,#1034,#517,.T.);
#1321=EDGE_CURVE('',#1035,#932,#829,.T.);
#1322=EDGE_CURVE('',#993,#1035,#518,.T.);
#1323=EDGE_CURVE('',#1036,#1035,#519,.T.);
#1324=EDGE_CURVE('',#970,#1036,#520,.T.);
#1325=EDGE_CURVE('',#1032,#1036,#521,.T.);
#1326=EDGE_CURVE('',#1037,#1033,#830,.T.);
#1327=EDGE_CURVE('',#1037,#973,#522,.T.);
#1328=EDGE_CURVE('',#1034,#1028,#831,.T.);
#1329=EDGE_CURVE('',#1029,#1023,#832,.T.);
#1330=EDGE_CURVE('',#1024,#1018,#833,.T.);
#1331=EDGE_CURVE('',#1019,#1013,#834,.T.);
#1332=EDGE_CURVE('',#1014,#1008,#835,.T.);
#1333=EDGE_CURVE('',#1009,#1003,#836,.T.);
#1334=EDGE_CURVE('',#977,#1038,#523,.T.);
#1335=EDGE_CURVE('',#1004,#1038,#837,.T.);
#1336=EDGE_CURVE('',#1039,#938,#838,.T.);
#1337=EDGE_CURVE('',#1039,#1040,#524,.T.);
#1338=EDGE_CURVE('',#1040,#939,#839,.T.);
#1339=EDGE_CURVE('',#899,#1040,#525,.T.);
#1340=EDGE_CURVE('',#974,#1041,#526,.T.);
#1341=EDGE_CURVE('',#936,#1041,#527,.T.);
#1342=EDGE_CURVE('',#976,#1042,#528,.T.);
#1343=EDGE_CURVE('',#1038,#1042,#529,.T.);
#1344=EDGE_CURVE('',#1041,#1037,#530,.T.);
#1345=EDGE_CURVE('',#1043,#937,#840,.T.);
#1346=EDGE_CURVE('',#1039,#1043,#531,.T.);
#1347=EDGE_CURVE('',#1044,#1043,#532,.T.);
#1348=EDGE_CURVE('',#975,#1044,#533,.T.);
#1349=EDGE_CURVE('',#1042,#1044,#534,.T.);
#1350=EDGE_CURVE('',#1045,#1045,#841,.T.);
#1351=EDGE_CURVE('',#1045,#980,#535,.T.);
#1352=ORIENTED_EDGE('',*,*,#1046,.F.);
#1353=ORIENTED_EDGE('',*,*,#1047,.T.);
#1354=ORIENTED_EDGE('',*,*,#1048,.F.);
#1355=ORIENTED_EDGE('',*,*,#1047,.F.);
#1356=ORIENTED_EDGE('',*,*,#1049,.F.);
#1357=ORIENTED_EDGE('',*,*,#1050,.T.);
#1358=ORIENTED_EDGE('',*,*,#1051,.F.);
#1359=ORIENTED_EDGE('',*,*,#1050,.F.);
#1360=ORIENTED_EDGE('',*,*,#1052,.F.);
#1361=ORIENTED_EDGE('',*,*,#1053,.T.);
#1362=ORIENTED_EDGE('',*,*,#1054,.F.);
#1363=ORIENTED_EDGE('',*,*,#1053,.F.);
#1364=ORIENTED_EDGE('',*,*,#1055,.F.);
#1365=ORIENTED_EDGE('',*,*,#1056,.T.);
#1366=ORIENTED_EDGE('',*,*,#1057,.F.);
#1367=ORIENTED_EDGE('',*,*,#1056,.F.);
#1368=ORIENTED_EDGE('',*,*,#1058,.F.);
#1369=ORIENTED_EDGE('',*,*,#1059,.T.);
#1370=ORIENTED_EDGE('',*,*,#1060,.F.);
#1371=ORIENTED_EDGE('',*,*,#1061,.F.);
#1372=ORIENTED_EDGE('',*,*,#1062,.F.);
#1373=ORIENTED_EDGE('',*,*,#1063,.T.);
#1374=ORIENTED_EDGE('',*,*,#1064,.F.);
#1375=ORIENTED_EDGE('',*,*,#1065,.F.);
#1376=ORIENTED_EDGE('',*,*,#1066,.F.);
#1377=ORIENTED_EDGE('',*,*,#1067,.T.);
#1378=ORIENTED_EDGE('',*,*,#1068,.F.);
#1379=ORIENTED_EDGE('',*,*,#1069,.F.);
#1380=ORIENTED_EDGE('',*,*,#1070,.F.);
#1381=ORIENTED_EDGE('',*,*,#1071,.T.);
#1382=ORIENTED_EDGE('',*,*,#1072,.F.);
#1383=ORIENTED_EDGE('',*,*,#1073,.F.);
#1384=ORIENTED_EDGE('',*,*,#1074,.F.);
#1385=ORIENTED_EDGE('',*,*,#1075,.T.);
#1386=ORIENTED_EDGE('',*,*,#1076,.F.);
#1387=ORIENTED_EDGE('',*,*,#1077,.F.);
#1388=ORIENTED_EDGE('',*,*,#1078,.F.);
#1389=ORIENTED_EDGE('',*,*,#1079,.T.);
#1390=ORIENTED_EDGE('',*,*,#1080,.F.);
#1391=ORIENTED_EDGE('',*,*,#1081,.F.);
#1392=ORIENTED_EDGE('',*,*,#1082,.F.);
#1393=ORIENTED_EDGE('',*,*,#1083,.T.);
#1394=ORIENTED_EDGE('',*,*,#1084,.F.);
#1395=ORIENTED_EDGE('',*,*,#1085,.F.);
#1396=ORIENTED_EDGE('',*,*,#1086,.F.);
#1397=ORIENTED_EDGE('',*,*,#1087,.F.);
#1398=ORIENTED_EDGE('',*,*,#1088,.F.);
#1399=ORIENTED_EDGE('',*,*,#1089,.T.);
#1400=ORIENTED_EDGE('',*,*,#1090,.F.);
#1401=ORIENTED_EDGE('',*,*,#1091,.T.);
#1402=ORIENTED_EDGE('',*,*,#1092,.T.);
#1403=ORIENTED_EDGE('',*,*,#1091,.F.);
#1404=ORIENTED_EDGE('',*,*,#1090,.T.);
#1405=ORIENTED_EDGE('',*,*,#1048,.T.);
#1406=ORIENTED_EDGE('',*,*,#1051,.T.);
#1407=ORIENTED_EDGE('',*,*,#1054,.T.);
#1408=ORIENTED_EDGE('',*,*,#1057,.T.);
#1409=ORIENTED_EDGE('',*,*,#1093,.F.);
#1410=ORIENTED_EDGE('',*,*,#1094,.F.);
#1411=ORIENTED_EDGE('',*,*,#1095,.F.);
#1412=ORIENTED_EDGE('',*,*,#1085,.T.);
#1413=ORIENTED_EDGE('',*,*,#1096,.F.);
#1414=ORIENTED_EDGE('',*,*,#1097,.F.);
#1415=ORIENTED_EDGE('',*,*,#1098,.F.);
#1416=ORIENTED_EDGE('',*,*,#1081,.T.);
#1417=ORIENTED_EDGE('',*,*,#1099,.F.);
#1418=ORIENTED_EDGE('',*,*,#1100,.F.);
#1419=ORIENTED_EDGE('',*,*,#1101,.F.);
#1420=ORIENTED_EDGE('',*,*,#1077,.T.);
#1421=ORIENTED_EDGE('',*,*,#1102,.F.);
#1422=ORIENTED_EDGE('',*,*,#1103,.F.);
#1423=ORIENTED_EDGE('',*,*,#1104,.F.);
#1424=ORIENTED_EDGE('',*,*,#1073,.T.);
#1425=ORIENTED_EDGE('',*,*,#1105,.F.);
#1426=ORIENTED_EDGE('',*,*,#1106,.F.);
#1427=ORIENTED_EDGE('',*,*,#1107,.F.);
#1428=ORIENTED_EDGE('',*,*,#1069,.T.);
#1429=ORIENTED_EDGE('',*,*,#1108,.F.);
#1430=ORIENTED_EDGE('',*,*,#1109,.F.);
#1431=ORIENTED_EDGE('',*,*,#1110,.F.);
#1432=ORIENTED_EDGE('',*,*,#1065,.T.);
#1433=ORIENTED_EDGE('',*,*,#1111,.F.);
#1434=ORIENTED_EDGE('',*,*,#1112,.F.);
#1435=ORIENTED_EDGE('',*,*,#1113,.F.);
#1436=ORIENTED_EDGE('',*,*,#1061,.T.);
#1437=ORIENTED_EDGE('',*,*,#1114,.F.);
#1438=ORIENTED_EDGE('',*,*,#1115,.F.);
#1439=ORIENTED_EDGE('',*,*,#1116,.F.);
#1440=ORIENTED_EDGE('',*,*,#1087,.T.);
#1441=ORIENTED_EDGE('',*,*,#1093,.T.);
#1442=ORIENTED_EDGE('',*,*,#1086,.T.);
#1443=ORIENTED_EDGE('',*,*,#1117,.T.);
#1444=ORIENTED_EDGE('',*,*,#1118,.T.);
#1445=ORIENTED_EDGE('',*,*,#1119,.F.);
#1446=ORIENTED_EDGE('',*,*,#1120,.F.);
#1447=ORIENTED_EDGE('',*,*,#1121,.F.);
#1448=ORIENTED_EDGE('',*,*,#1122,.F.);
#1449=ORIENTED_EDGE('',*,*,#1096,.T.);
#1450=ORIENTED_EDGE('',*,*,#1084,.T.);
#1451=ORIENTED_EDGE('',*,*,#1123,.T.);
#1452=ORIENTED_EDGE('',*,*,#1124,.T.);
#1453=ORIENTED_EDGE('',*,*,#1125,.F.);
#1454=ORIENTED_EDGE('',*,*,#1126,.F.);
#1455=ORIENTED_EDGE('',*,*,#1127,.F.);
#1456=ORIENTED_EDGE('',*,*,#1128,.F.);
#1457=ORIENTED_EDGE('',*,*,#1099,.T.);
#1458=ORIENTED_EDGE('',*,*,#1080,.T.);
#1459=ORIENTED_EDGE('',*,*,#1129,.T.);
#1460=ORIENTED_EDGE('',*,*,#1130,.T.);
#1461=ORIENTED_EDGE('',*,*,#1131,.F.);
#1462=ORIENTED_EDGE('',*,*,#1132,.F.);
#1463=ORIENTED_EDGE('',*,*,#1133,.F.);
#1464=ORIENTED_EDGE('',*,*,#1134,.F.);
#1465=ORIENTED_EDGE('',*,*,#1102,.T.);
#1466=ORIENTED_EDGE('',*,*,#1076,.T.);
#1467=ORIENTED_EDGE('',*,*,#1135,.T.);
#1468=ORIENTED_EDGE('',*,*,#1136,.T.);
#1469=ORIENTED_EDGE('',*,*,#1137,.F.);
#1470=ORIENTED_EDGE('',*,*,#1138,.F.);
#1471=ORIENTED_EDGE('',*,*,#1139,.F.);
#1472=ORIENTED_EDGE('',*,*,#1140,.F.);
#1473=ORIENTED_EDGE('',*,*,#1105,.T.);
#1474=ORIENTED_EDGE('',*,*,#1072,.T.);
#1475=ORIENTED_EDGE('',*,*,#1141,.T.);
#1476=ORIENTED_EDGE('',*,*,#1142,.T.);
#1477=ORIENTED_EDGE('',*,*,#1143,.F.);
#1478=ORIENTED_EDGE('',*,*,#1144,.F.);
#1479=ORIENTED_EDGE('',*,*,#1145,.F.);
#1480=ORIENTED_EDGE('',*,*,#1146,.F.);
#1481=ORIENTED_EDGE('',*,*,#1108,.T.);
#1482=ORIENTED_EDGE('',*,*,#1068,.T.);
#1483=ORIENTED_EDGE('',*,*,#1147,.T.);
#1484=ORIENTED_EDGE('',*,*,#1148,.T.);
#1485=ORIENTED_EDGE('',*,*,#1149,.F.);
#1486=ORIENTED_EDGE('',*,*,#1150,.F.);
#1487=ORIENTED_EDGE('',*,*,#1151,.F.);
#1488=ORIENTED_EDGE('',*,*,#1152,.F.);
#1489=ORIENTED_EDGE('',*,*,#1111,.T.);
#1490=ORIENTED_EDGE('',*,*,#1064,.T.);
#1491=ORIENTED_EDGE('',*,*,#1153,.T.);
#1492=ORIENTED_EDGE('',*,*,#1154,.T.);
#1493=ORIENTED_EDGE('',*,*,#1155,.F.);
#1494=ORIENTED_EDGE('',*,*,#1156,.F.);
#1495=ORIENTED_EDGE('',*,*,#1157,.F.);
#1496=ORIENTED_EDGE('',*,*,#1158,.F.);
#1497=ORIENTED_EDGE('',*,*,#1114,.T.);
#1498=ORIENTED_EDGE('',*,*,#1060,.T.);
#1499=ORIENTED_EDGE('',*,*,#1159,.T.);
#1500=ORIENTED_EDGE('',*,*,#1160,.T.);
#1501=ORIENTED_EDGE('',*,*,#1161,.F.);
#1502=ORIENTED_EDGE('',*,*,#1162,.F.);
#1503=ORIENTED_EDGE('',*,*,#1163,.F.);
#1504=ORIENTED_EDGE('',*,*,#1164,.F.);
#1505=ORIENTED_EDGE('',*,*,#1092,.F.);
#1506=ORIENTED_EDGE('',*,*,#1055,.T.);
#1507=ORIENTED_EDGE('',*,*,#1165,.F.);
#1508=ORIENTED_EDGE('',*,*,#1166,.F.);
#1509=ORIENTED_EDGE('',*,*,#1167,.F.);
#1510=ORIENTED_EDGE('',*,*,#1168,.F.);
#1511=ORIENTED_EDGE('',*,*,#1169,.F.);
#1512=ORIENTED_EDGE('',*,*,#1170,.F.);
#1513=ORIENTED_EDGE('',*,*,#1123,.F.);
#1514=ORIENTED_EDGE('',*,*,#1083,.F.);
#1515=ORIENTED_EDGE('',*,*,#1171,.F.);
#1516=ORIENTED_EDGE('',*,*,#1172,.F.);
#1517=ORIENTED_EDGE('',*,*,#1173,.F.);
#1518=ORIENTED_EDGE('',*,*,#1174,.F.);
#1519=ORIENTED_EDGE('',*,*,#1175,.F.);
#1520=ORIENTED_EDGE('',*,*,#1176,.F.);
#1521=ORIENTED_EDGE('',*,*,#1129,.F.);
#1522=ORIENTED_EDGE('',*,*,#1079,.F.);
#1523=ORIENTED_EDGE('',*,*,#1177,.F.);
#1524=ORIENTED_EDGE('',*,*,#1178,.F.);
#1525=ORIENTED_EDGE('',*,*,#1179,.F.);
#1526=ORIENTED_EDGE('',*,*,#1180,.F.);
#1527=ORIENTED_EDGE('',*,*,#1181,.F.);
#1528=ORIENTED_EDGE('',*,*,#1182,.F.);
#1529=ORIENTED_EDGE('',*,*,#1135,.F.);
#1530=ORIENTED_EDGE('',*,*,#1075,.F.);
#1531=ORIENTED_EDGE('',*,*,#1183,.F.);
#1532=ORIENTED_EDGE('',*,*,#1184,.F.);
#1533=ORIENTED_EDGE('',*,*,#1185,.F.);
#1534=ORIENTED_EDGE('',*,*,#1186,.F.);
#1535=ORIENTED_EDGE('',*,*,#1187,.F.);
#1536=ORIENTED_EDGE('',*,*,#1188,.F.);
#1537=ORIENTED_EDGE('',*,*,#1141,.F.);
#1538=ORIENTED_EDGE('',*,*,#1071,.F.);
#1539=ORIENTED_EDGE('',*,*,#1189,.F.);
#1540=ORIENTED_EDGE('',*,*,#1190,.F.);
#1541=ORIENTED_EDGE('',*,*,#1191,.F.);
#1542=ORIENTED_EDGE('',*,*,#1192,.F.);
#1543=ORIENTED_EDGE('',*,*,#1193,.F.);
#1544=ORIENTED_EDGE('',*,*,#1194,.F.);
#1545=ORIENTED_EDGE('',*,*,#1147,.F.);
#1546=ORIENTED_EDGE('',*,*,#1067,.F.);
#1547=ORIENTED_EDGE('',*,*,#1195,.F.);
#1548=ORIENTED_EDGE('',*,*,#1196,.F.);
#1549=ORIENTED_EDGE('',*,*,#1197,.F.);
#1550=ORIENTED_EDGE('',*,*,#1198,.F.);
#1551=ORIENTED_EDGE('',*,*,#1199,.F.);
#1552=ORIENTED_EDGE('',*,*,#1200,.F.);
#1553=ORIENTED_EDGE('',*,*,#1153,.F.);
#1554=ORIENTED_EDGE('',*,*,#1063,.F.);
#1555=ORIENTED_EDGE('',*,*,#1201,.F.);
#1556=ORIENTED_EDGE('',*,*,#1202,.F.);
#1557=ORIENTED_EDGE('',*,*,#1203,.F.);
#1558=ORIENTED_EDGE('',*,*,#1204,.F.);
#1559=ORIENTED_EDGE('',*,*,#1205,.F.);
#1560=ORIENTED_EDGE('',*,*,#1206,.F.);
#1561=ORIENTED_EDGE('',*,*,#1159,.F.);
#1562=ORIENTED_EDGE('',*,*,#1059,.F.);
#1563=ORIENTED_EDGE('',*,*,#1089,.F.);
#1564=ORIENTED_EDGE('',*,*,#1207,.F.);
#1565=ORIENTED_EDGE('',*,*,#1208,.F.);
#1566=ORIENTED_EDGE('',*,*,#1209,.F.);
#1567=ORIENTED_EDGE('',*,*,#1210,.F.);
#1568=ORIENTED_EDGE('',*,*,#1211,.F.);
#1569=ORIENTED_EDGE('',*,*,#1212,.F.);
#1570=ORIENTED_EDGE('',*,*,#1117,.F.);
#1571=ORIENTED_EDGE('',*,*,#1213,.F.);
#1572=ORIENTED_EDGE('',*,*,#1052,.T.);
#1573=ORIENTED_EDGE('',*,*,#1049,.T.);
#1574=ORIENTED_EDGE('',*,*,#1046,.T.);
#1575=ORIENTED_EDGE('',*,*,#1214,.F.);
#1576=ORIENTED_EDGE('',*,*,#1215,.T.);
#1577=ORIENTED_EDGE('',*,*,#1216,.T.);
#1578=ORIENTED_EDGE('',*,*,#1121,.T.);
#1579=ORIENTED_EDGE('',*,*,#1094,.T.);
#1580=ORIENTED_EDGE('',*,*,#1122,.T.);
#1581=ORIENTED_EDGE('',*,*,#1216,.F.);
#1582=ORIENTED_EDGE('',*,*,#1217,.F.);
#1583=ORIENTED_EDGE('',*,*,#1218,.F.);
#1584=ORIENTED_EDGE('',*,*,#1219,.T.);
#1585=ORIENTED_EDGE('',*,*,#1220,.T.);
#1586=ORIENTED_EDGE('',*,*,#1127,.T.);
#1587=ORIENTED_EDGE('',*,*,#1097,.T.);
#1588=ORIENTED_EDGE('',*,*,#1128,.T.);
#1589=ORIENTED_EDGE('',*,*,#1220,.F.);
#1590=ORIENTED_EDGE('',*,*,#1221,.F.);
#1591=ORIENTED_EDGE('',*,*,#1222,.F.);
#1592=ORIENTED_EDGE('',*,*,#1223,.T.);
#1593=ORIENTED_EDGE('',*,*,#1224,.T.);
#1594=ORIENTED_EDGE('',*,*,#1133,.T.);
#1595=ORIENTED_EDGE('',*,*,#1100,.T.);
#1596=ORIENTED_EDGE('',*,*,#1134,.T.);
#1597=ORIENTED_EDGE('',*,*,#1224,.F.);
#1598=ORIENTED_EDGE('',*,*,#1225,.F.);
#1599=ORIENTED_EDGE('',*,*,#1226,.F.);
#1600=ORIENTED_EDGE('',*,*,#1227,.T.);
#1601=ORIENTED_EDGE('',*,*,#1228,.T.);
#1602=ORIENTED_EDGE('',*,*,#1139,.T.);
#1603=ORIENTED_EDGE('',*,*,#1103,.T.);
#1604=ORIENTED_EDGE('',*,*,#1140,.T.);
#1605=ORIENTED_EDGE('',*,*,#1228,.F.);
#1606=ORIENTED_EDGE('',*,*,#1229,.F.);
#1607=ORIENTED_EDGE('',*,*,#1230,.F.);
#1608=ORIENTED_EDGE('',*,*,#1231,.T.);
#1609=ORIENTED_EDGE('',*,*,#1232,.T.);
#1610=ORIENTED_EDGE('',*,*,#1145,.T.);
#1611=ORIENTED_EDGE('',*,*,#1106,.T.);
#1612=ORIENTED_EDGE('',*,*,#1146,.T.);
#1613=ORIENTED_EDGE('',*,*,#1232,.F.);
#1614=ORIENTED_EDGE('',*,*,#1233,.F.);
#1615=ORIENTED_EDGE('',*,*,#1234,.F.);
#1616=ORIENTED_EDGE('',*,*,#1235,.T.);
#1617=ORIENTED_EDGE('',*,*,#1236,.T.);
#1618=ORIENTED_EDGE('',*,*,#1151,.T.);
#1619=ORIENTED_EDGE('',*,*,#1109,.T.);
#1620=ORIENTED_EDGE('',*,*,#1152,.T.);
#1621=ORIENTED_EDGE('',*,*,#1236,.F.);
#1622=ORIENTED_EDGE('',*,*,#1237,.F.);
#1623=ORIENTED_EDGE('',*,*,#1238,.F.);
#1624=ORIENTED_EDGE('',*,*,#1239,.T.);
#1625=ORIENTED_EDGE('',*,*,#1240,.T.);
#1626=ORIENTED_EDGE('',*,*,#1157,.T.);
#1627=ORIENTED_EDGE('',*,*,#1112,.T.);
#1628=ORIENTED_EDGE('',*,*,#1158,.T.);
#1629=ORIENTED_EDGE('',*,*,#1240,.F.);
#1630=ORIENTED_EDGE('',*,*,#1241,.F.);
#1631=ORIENTED_EDGE('',*,*,#1242,.T.);
#1632=ORIENTED_EDGE('',*,*,#1243,.F.);
#1633=ORIENTED_EDGE('',*,*,#1118,.F.);
#1634=ORIENTED_EDGE('',*,*,#1212,.T.);
#1635=ORIENTED_EDGE('',*,*,#1244,.T.);
#1636=ORIENTED_EDGE('',*,*,#1245,.F.);
#1637=ORIENTED_EDGE('',*,*,#1124,.F.);
#1638=ORIENTED_EDGE('',*,*,#1170,.T.);
#1639=ORIENTED_EDGE('',*,*,#1246,.T.);
#1640=ORIENTED_EDGE('',*,*,#1247,.F.);
#1641=ORIENTED_EDGE('',*,*,#1130,.F.);
#1642=ORIENTED_EDGE('',*,*,#1176,.T.);
#1643=ORIENTED_EDGE('',*,*,#1248,.T.);
#1644=ORIENTED_EDGE('',*,*,#1249,.F.);
#1645=ORIENTED_EDGE('',*,*,#1136,.F.);
#1646=ORIENTED_EDGE('',*,*,#1182,.T.);
#1647=ORIENTED_EDGE('',*,*,#1250,.T.);
#1648=ORIENTED_EDGE('',*,*,#1251,.F.);
#1649=ORIENTED_EDGE('',*,*,#1142,.F.);
#1650=ORIENTED_EDGE('',*,*,#1188,.T.);
#1651=ORIENTED_EDGE('',*,*,#1252,.T.);
#1652=ORIENTED_EDGE('',*,*,#1253,.F.);
#1653=ORIENTED_EDGE('',*,*,#1148,.F.);
#1654=ORIENTED_EDGE('',*,*,#1194,.T.);
#1655=ORIENTED_EDGE('',*,*,#1254,.T.);
#1656=ORIENTED_EDGE('',*,*,#1255,.F.);
#1657=ORIENTED_EDGE('',*,*,#1154,.F.);
#1658=ORIENTED_EDGE('',*,*,#1200,.T.);
#1659=ORIENTED_EDGE('',*,*,#1167,.T.);
#1660=ORIENTED_EDGE('',*,*,#1256,.T.);
#1661=ORIENTED_EDGE('',*,*,#1257,.F.);
#1662=ORIENTED_EDGE('',*,*,#1258,.F.);
#1663=ORIENTED_EDGE('',*,*,#1211,.T.);
#1664=ORIENTED_EDGE('',*,*,#1259,.F.);
#1665=ORIENTED_EDGE('',*,*,#1260,.F.);
#1666=ORIENTED_EDGE('',*,*,#1242,.F.);
#1667=ORIENTED_EDGE('',*,*,#1214,.T.);
#1668=ORIENTED_EDGE('',*,*,#1120,.T.);
#1669=ORIENTED_EDGE('',*,*,#1261,.F.);
#1670=ORIENTED_EDGE('',*,*,#1262,.F.);
#1671=ORIENTED_EDGE('',*,*,#1095,.T.);
#1672=ORIENTED_EDGE('',*,*,#1217,.T.);
#1673=ORIENTED_EDGE('',*,*,#1215,.F.);
#1674=ORIENTED_EDGE('',*,*,#1262,.T.);
#1675=ORIENTED_EDGE('',*,*,#1263,.F.);
#1676=ORIENTED_EDGE('',*,*,#1264,.F.);
#1677=ORIENTED_EDGE('',*,*,#1165,.T.);
#1678=ORIENTED_EDGE('',*,*,#1082,.T.);
#1679=ORIENTED_EDGE('',*,*,#1264,.T.);
#1680=ORIENTED_EDGE('',*,*,#1265,.F.);
#1681=ORIENTED_EDGE('',*,*,#1256,.F.);
#1682=ORIENTED_EDGE('',*,*,#1166,.T.);
#1683=ORIENTED_EDGE('',*,*,#1173,.T.);
#1684=ORIENTED_EDGE('',*,*,#1266,.T.);
#1685=ORIENTED_EDGE('',*,*,#1267,.F.);
#1686=ORIENTED_EDGE('',*,*,#1268,.F.);
#1687=ORIENTED_EDGE('',*,*,#1169,.T.);
#1688=ORIENTED_EDGE('',*,*,#1269,.F.);
#1689=ORIENTED_EDGE('',*,*,#1270,.F.);
#1690=ORIENTED_EDGE('',*,*,#1244,.F.);
#1691=ORIENTED_EDGE('',*,*,#1218,.T.);
#1692=ORIENTED_EDGE('',*,*,#1126,.T.);
#1693=ORIENTED_EDGE('',*,*,#1271,.F.);
#1694=ORIENTED_EDGE('',*,*,#1272,.F.);
#1695=ORIENTED_EDGE('',*,*,#1098,.T.);
#1696=ORIENTED_EDGE('',*,*,#1221,.T.);
#1697=ORIENTED_EDGE('',*,*,#1219,.F.);
#1698=ORIENTED_EDGE('',*,*,#1272,.T.);
#1699=ORIENTED_EDGE('',*,*,#1273,.F.);
#1700=ORIENTED_EDGE('',*,*,#1274,.F.);
#1701=ORIENTED_EDGE('',*,*,#1171,.T.);
#1702=ORIENTED_EDGE('',*,*,#1078,.T.);
#1703=ORIENTED_EDGE('',*,*,#1274,.T.);
#1704=ORIENTED_EDGE('',*,*,#1275,.F.);
#1705=ORIENTED_EDGE('',*,*,#1266,.F.);
#1706=ORIENTED_EDGE('',*,*,#1172,.T.);
#1707=ORIENTED_EDGE('',*,*,#1179,.T.);
#1708=ORIENTED_EDGE('',*,*,#1276,.T.);
#1709=ORIENTED_EDGE('',*,*,#1277,.F.);
#1710=ORIENTED_EDGE('',*,*,#1278,.F.);
#1711=ORIENTED_EDGE('',*,*,#1175,.T.);
#1712=ORIENTED_EDGE('',*,*,#1279,.F.);
#1713=ORIENTED_EDGE('',*,*,#1280,.F.);
#1714=ORIENTED_EDGE('',*,*,#1246,.F.);
#1715=ORIENTED_EDGE('',*,*,#1222,.T.);
#1716=ORIENTED_EDGE('',*,*,#1132,.T.);
#1717=ORIENTED_EDGE('',*,*,#1281,.F.);
#1718=ORIENTED_EDGE('',*,*,#1282,.F.);
#1719=ORIENTED_EDGE('',*,*,#1101,.T.);
#1720=ORIENTED_EDGE('',*,*,#1225,.T.);
#1721=ORIENTED_EDGE('',*,*,#1223,.F.);
#1722=ORIENTED_EDGE('',*,*,#1282,.T.);
#1723=ORIENTED_EDGE('',*,*,#1283,.F.);
#1724=ORIENTED_EDGE('',*,*,#1284,.F.);
#1725=ORIENTED_EDGE('',*,*,#1177,.T.);
#1726=ORIENTED_EDGE('',*,*,#1074,.T.);
#1727=ORIENTED_EDGE('',*,*,#1284,.T.);
#1728=ORIENTED_EDGE('',*,*,#1285,.F.);
#1729=ORIENTED_EDGE('',*,*,#1276,.F.);
#1730=ORIENTED_EDGE('',*,*,#1178,.T.);
#1731=ORIENTED_EDGE('',*,*,#1185,.T.);
#1732=ORIENTED_EDGE('',*,*,#1286,.T.);
#1733=ORIENTED_EDGE('',*,*,#1287,.F.);
#1734=ORIENTED_EDGE('',*,*,#1288,.F.);
#1735=ORIENTED_EDGE('',*,*,#1181,.T.);
#1736=ORIENTED_EDGE('',*,*,#1289,.F.);
#1737=ORIENTED_EDGE('',*,*,#1290,.F.);
#1738=ORIENTED_EDGE('',*,*,#1248,.F.);
#1739=ORIENTED_EDGE('',*,*,#1226,.T.);
#1740=ORIENTED_EDGE('',*,*,#1138,.T.);
#1741=ORIENTED_EDGE('',*,*,#1291,.F.);
#1742=ORIENTED_EDGE('',*,*,#1292,.F.);
#1743=ORIENTED_EDGE('',*,*,#1104,.T.);
#1744=ORIENTED_EDGE('',*,*,#1229,.T.);
#1745=ORIENTED_EDGE('',*,*,#1227,.F.);
#1746=ORIENTED_EDGE('',*,*,#1292,.T.);
#1747=ORIENTED_EDGE('',*,*,#1293,.F.);
#1748=ORIENTED_EDGE('',*,*,#1294,.F.);
#1749=ORIENTED_EDGE('',*,*,#1183,.T.);
#1750=ORIENTED_EDGE('',*,*,#1070,.T.);
#1751=ORIENTED_EDGE('',*,*,#1294,.T.);
#1752=ORIENTED_EDGE('',*,*,#1295,.F.);
#1753=ORIENTED_EDGE('',*,*,#1286,.F.);
#1754=ORIENTED_EDGE('',*,*,#1184,.T.);
#1755=ORIENTED_EDGE('',*,*,#1191,.T.);
#1756=ORIENTED_EDGE('',*,*,#1296,.T.);
#1757=ORIENTED_EDGE('',*,*,#1297,.F.);
#1758=ORIENTED_EDGE('',*,*,#1298,.F.);
#1759=ORIENTED_EDGE('',*,*,#1187,.T.);
#1760=ORIENTED_EDGE('',*,*,#1299,.F.);
#1761=ORIENTED_EDGE('',*,*,#1300,.F.);
#1762=ORIENTED_EDGE('',*,*,#1250,.F.);
#1763=ORIENTED_EDGE('',*,*,#1230,.T.);
#1764=ORIENTED_EDGE('',*,*,#1144,.T.);
#1765=ORIENTED_EDGE('',*,*,#1301,.F.);
#1766=ORIENTED_EDGE('',*,*,#1302,.F.);
#1767=ORIENTED_EDGE('',*,*,#1107,.T.);
#1768=ORIENTED_EDGE('',*,*,#1233,.T.);
#1769=ORIENTED_EDGE('',*,*,#1231,.F.);
#1770=ORIENTED_EDGE('',*,*,#1302,.T.);
#1771=ORIENTED_EDGE('',*,*,#1303,.F.);
#1772=ORIENTED_EDGE('',*,*,#1304,.F.);
#1773=ORIENTED_EDGE('',*,*,#1189,.T.);
#1774=ORIENTED_EDGE('',*,*,#1066,.T.);
#1775=ORIENTED_EDGE('',*,*,#1304,.T.);
#1776=ORIENTED_EDGE('',*,*,#1305,.F.);
#1777=ORIENTED_EDGE('',*,*,#1296,.F.);
#1778=ORIENTED_EDGE('',*,*,#1190,.T.);
#1779=ORIENTED_EDGE('',*,*,#1197,.T.);
#1780=ORIENTED_EDGE('',*,*,#1306,.T.);
#1781=ORIENTED_EDGE('',*,*,#1307,.F.);
#1782=ORIENTED_EDGE('',*,*,#1308,.F.);
#1783=ORIENTED_EDGE('',*,*,#1193,.T.);
#1784=ORIENTED_EDGE('',*,*,#1309,.F.);
#1785=ORIENTED_EDGE('',*,*,#1310,.F.);
#1786=ORIENTED_EDGE('',*,*,#1252,.F.);
#1787=ORIENTED_EDGE('',*,*,#1234,.T.);
#1788=ORIENTED_EDGE('',*,*,#1150,.T.);
#1789=ORIENTED_EDGE('',*,*,#1311,.F.);
#1790=ORIENTED_EDGE('',*,*,#1312,.F.);
#1791=ORIENTED_EDGE('',*,*,#1110,.T.);
#1792=ORIENTED_EDGE('',*,*,#1237,.T.);
#1793=ORIENTED_EDGE('',*,*,#1235,.F.);
#1794=ORIENTED_EDGE('',*,*,#1312,.T.);
#1795=ORIENTED_EDGE('',*,*,#1313,.F.);
#1796=ORIENTED_EDGE('',*,*,#1314,.F.);
#1797=ORIENTED_EDGE('',*,*,#1195,.T.);
#1798=ORIENTED_EDGE('',*,*,#1062,.T.);
#1799=ORIENTED_EDGE('',*,*,#1314,.T.);
#1800=ORIENTED_EDGE('',*,*,#1315,.F.);
#1801=ORIENTED_EDGE('',*,*,#1306,.F.);
#1802=ORIENTED_EDGE('',*,*,#1196,.T.);
#1803=ORIENTED_EDGE('',*,*,#1203,.T.);
#1804=ORIENTED_EDGE('',*,*,#1316,.T.);
#1805=ORIENTED_EDGE('',*,*,#1317,.F.);
#1806=ORIENTED_EDGE('',*,*,#1318,.F.);
#1807=ORIENTED_EDGE('',*,*,#1199,.T.);
#1808=ORIENTED_EDGE('',*,*,#1319,.F.);
#1809=ORIENTED_EDGE('',*,*,#1320,.F.);
#1810=ORIENTED_EDGE('',*,*,#1254,.F.);
#1811=ORIENTED_EDGE('',*,*,#1238,.T.);
#1812=ORIENTED_EDGE('',*,*,#1156,.T.);
#1813=ORIENTED_EDGE('',*,*,#1321,.F.);
#1814=ORIENTED_EDGE('',*,*,#1322,.F.);
#1815=ORIENTED_EDGE('',*,*,#1113,.T.);
#1816=ORIENTED_EDGE('',*,*,#1241,.T.);
#1817=ORIENTED_EDGE('',*,*,#1239,.F.);
#1818=ORIENTED_EDGE('',*,*,#1322,.T.);
#1819=ORIENTED_EDGE('',*,*,#1323,.F.);
#1820=ORIENTED_EDGE('',*,*,#1324,.F.);
#1821=ORIENTED_EDGE('',*,*,#1201,.T.);
#1822=ORIENTED_EDGE('',*,*,#1058,.T.);
#1823=ORIENTED_EDGE('',*,*,#1324,.T.);
#1824=ORIENTED_EDGE('',*,*,#1325,.F.);
#1825=ORIENTED_EDGE('',*,*,#1316,.F.);
#1826=ORIENTED_EDGE('',*,*,#1202,.T.);
#1827=ORIENTED_EDGE('',*,*,#1318,.T.);
#1828=ORIENTED_EDGE('',*,*,#1326,.F.);
#1829=ORIENTED_EDGE('',*,*,#1327,.T.);
#1830=ORIENTED_EDGE('',*,*,#1204,.T.);
#1831=ORIENTED_EDGE('',*,*,#1308,.T.);
#1832=ORIENTED_EDGE('',*,*,#1328,.F.);
#1833=ORIENTED_EDGE('',*,*,#1319,.T.);
#1834=ORIENTED_EDGE('',*,*,#1198,.T.);
#1835=ORIENTED_EDGE('',*,*,#1298,.T.);
#1836=ORIENTED_EDGE('',*,*,#1329,.F.);
#1837=ORIENTED_EDGE('',*,*,#1309,.T.);
#1838=ORIENTED_EDGE('',*,*,#1192,.T.);
#1839=ORIENTED_EDGE('',*,*,#1288,.T.);
#1840=ORIENTED_EDGE('',*,*,#1330,.F.);
#1841=ORIENTED_EDGE('',*,*,#1299,.T.);
#1842=ORIENTED_EDGE('',*,*,#1186,.T.);
#1843=ORIENTED_EDGE('',*,*,#1278,.T.);
#1844=ORIENTED_EDGE('',*,*,#1331,.F.);
#1845=ORIENTED_EDGE('',*,*,#1289,.T.);
#1846=ORIENTED_EDGE('',*,*,#1180,.T.);
#1847=ORIENTED_EDGE('',*,*,#1268,.T.);
#1848=ORIENTED_EDGE('',*,*,#1332,.F.);
#1849=ORIENTED_EDGE('',*,*,#1279,.T.);
#1850=ORIENTED_EDGE('',*,*,#1174,.T.);
#1851=ORIENTED_EDGE('',*,*,#1258,.T.);
#1852=ORIENTED_EDGE('',*,*,#1333,.F.);
#1853=ORIENTED_EDGE('',*,*,#1269,.T.);
#1854=ORIENTED_EDGE('',*,*,#1168,.T.);
#1855=ORIENTED_EDGE('',*,*,#1259,.T.);
#1856=ORIENTED_EDGE('',*,*,#1210,.T.);
#1857=ORIENTED_EDGE('',*,*,#1334,.T.);
#1858=ORIENTED_EDGE('',*,*,#1335,.F.);
#1859=ORIENTED_EDGE('',*,*,#1336,.F.);
#1860=ORIENTED_EDGE('',*,*,#1337,.T.);
#1861=ORIENTED_EDGE('',*,*,#1338,.T.);
#1862=ORIENTED_EDGE('',*,*,#1163,.T.);
#1863=ORIENTED_EDGE('',*,*,#1115,.T.);
#1864=ORIENTED_EDGE('',*,*,#1164,.T.);
#1865=ORIENTED_EDGE('',*,*,#1338,.F.);
#1866=ORIENTED_EDGE('',*,*,#1339,.F.);
#1867=ORIENTED_EDGE('',*,*,#1340,.T.);
#1868=ORIENTED_EDGE('',*,*,#1341,.F.);
#1869=ORIENTED_EDGE('',*,*,#1160,.F.);
#1870=ORIENTED_EDGE('',*,*,#1206,.T.);
#1871=ORIENTED_EDGE('',*,*,#1209,.T.);
#1872=ORIENTED_EDGE('',*,*,#1342,.T.);
#1873=ORIENTED_EDGE('',*,*,#1343,.F.);
#1874=ORIENTED_EDGE('',*,*,#1334,.F.);
#1875=ORIENTED_EDGE('',*,*,#1205,.T.);
#1876=ORIENTED_EDGE('',*,*,#1327,.F.);
#1877=ORIENTED_EDGE('',*,*,#1344,.F.);
#1878=ORIENTED_EDGE('',*,*,#1340,.F.);
#1879=ORIENTED_EDGE('',*,*,#1336,.T.);
#1880=ORIENTED_EDGE('',*,*,#1162,.T.);
#1881=ORIENTED_EDGE('',*,*,#1345,.F.);
#1882=ORIENTED_EDGE('',*,*,#1346,.F.);
#1883=ORIENTED_EDGE('',*,*,#1116,.T.);
#1884=ORIENTED_EDGE('',*,*,#1339,.T.);
#1885=ORIENTED_EDGE('',*,*,#1337,.F.);
#1886=ORIENTED_EDGE('',*,*,#1346,.T.);
#1887=ORIENTED_EDGE('',*,*,#1347,.F.);
#1888=ORIENTED_EDGE('',*,*,#1348,.F.);
#1889=ORIENTED_EDGE('',*,*,#1207,.T.);
#1890=ORIENTED_EDGE('',*,*,#1088,.T.);
#1891=ORIENTED_EDGE('',*,*,#1348,.T.);
#1892=ORIENTED_EDGE('',*,*,#1349,.F.);
#1893=ORIENTED_EDGE('',*,*,#1342,.F.);
#1894=ORIENTED_EDGE('',*,*,#1208,.T.);
#1895=ORIENTED_EDGE('',*,*,#1350,.F.);
#1896=ORIENTED_EDGE('',*,*,#1351,.T.);
#1897=ORIENTED_EDGE('',*,*,#1213,.T.);
#1898=ORIENTED_EDGE('',*,*,#1351,.F.);
#1899=ORIENTED_EDGE('',*,*,#1326,.T.);
#1900=ORIENTED_EDGE('',*,*,#1317,.T.);
#1901=ORIENTED_EDGE('',*,*,#1325,.T.);
#1902=ORIENTED_EDGE('',*,*,#1323,.T.);
#1903=ORIENTED_EDGE('',*,*,#1321,.T.);
#1904=ORIENTED_EDGE('',*,*,#1155,.T.);
#1905=ORIENTED_EDGE('',*,*,#1255,.T.);
#1906=ORIENTED_EDGE('',*,*,#1320,.T.);
#1907=ORIENTED_EDGE('',*,*,#1328,.T.);
#1908=ORIENTED_EDGE('',*,*,#1307,.T.);
#1909=ORIENTED_EDGE('',*,*,#1315,.T.);
#1910=ORIENTED_EDGE('',*,*,#1313,.T.);
#1911=ORIENTED_EDGE('',*,*,#1311,.T.);
#1912=ORIENTED_EDGE('',*,*,#1149,.T.);
#1913=ORIENTED_EDGE('',*,*,#1253,.T.);
#1914=ORIENTED_EDGE('',*,*,#1310,.T.);
#1915=ORIENTED_EDGE('',*,*,#1329,.T.);
#1916=ORIENTED_EDGE('',*,*,#1297,.T.);
#1917=ORIENTED_EDGE('',*,*,#1305,.T.);
#1918=ORIENTED_EDGE('',*,*,#1303,.T.);
#1919=ORIENTED_EDGE('',*,*,#1301,.T.);
#1920=ORIENTED_EDGE('',*,*,#1143,.T.);
#1921=ORIENTED_EDGE('',*,*,#1251,.T.);
#1922=ORIENTED_EDGE('',*,*,#1300,.T.);
#1923=ORIENTED_EDGE('',*,*,#1330,.T.);
#1924=ORIENTED_EDGE('',*,*,#1287,.T.);
#1925=ORIENTED_EDGE('',*,*,#1295,.T.);
#1926=ORIENTED_EDGE('',*,*,#1293,.T.);
#1927=ORIENTED_EDGE('',*,*,#1291,.T.);
#1928=ORIENTED_EDGE('',*,*,#1137,.T.);
#1929=ORIENTED_EDGE('',*,*,#1249,.T.);
#1930=ORIENTED_EDGE('',*,*,#1290,.T.);
#1931=ORIENTED_EDGE('',*,*,#1331,.T.);
#1932=ORIENTED_EDGE('',*,*,#1277,.T.);
#1933=ORIENTED_EDGE('',*,*,#1285,.T.);
#1934=ORIENTED_EDGE('',*,*,#1283,.T.);
#1935=ORIENTED_EDGE('',*,*,#1281,.T.);
#1936=ORIENTED_EDGE('',*,*,#1131,.T.);
#1937=ORIENTED_EDGE('',*,*,#1247,.T.);
#1938=ORIENTED_EDGE('',*,*,#1280,.T.);
#1939=ORIENTED_EDGE('',*,*,#1332,.T.);
#1940=ORIENTED_EDGE('',*,*,#1267,.T.);
#1941=ORIENTED_EDGE('',*,*,#1275,.T.);
#1942=ORIENTED_EDGE('',*,*,#1273,.T.);
#1943=ORIENTED_EDGE('',*,*,#1271,.T.);
#1944=ORIENTED_EDGE('',*,*,#1125,.T.);
#1945=ORIENTED_EDGE('',*,*,#1245,.T.);
#1946=ORIENTED_EDGE('',*,*,#1270,.T.);
#1947=ORIENTED_EDGE('',*,*,#1333,.T.);
#1948=ORIENTED_EDGE('',*,*,#1257,.T.);
#1949=ORIENTED_EDGE('',*,*,#1265,.T.);
#1950=ORIENTED_EDGE('',*,*,#1263,.T.);
#1951=ORIENTED_EDGE('',*,*,#1261,.T.);
#1952=ORIENTED_EDGE('',*,*,#1119,.T.);
#1953=ORIENTED_EDGE('',*,*,#1243,.T.);
#1954=ORIENTED_EDGE('',*,*,#1260,.T.);
#1955=ORIENTED_EDGE('',*,*,#1335,.T.);
#1956=ORIENTED_EDGE('',*,*,#1343,.T.);
#1957=ORIENTED_EDGE('',*,*,#1349,.T.);
#1958=ORIENTED_EDGE('',*,*,#1347,.T.);
#1959=ORIENTED_EDGE('',*,*,#1345,.T.);
#1960=ORIENTED_EDGE('',*,*,#1161,.T.);
#1961=ORIENTED_EDGE('',*,*,#1341,.T.);
#1962=ORIENTED_EDGE('',*,*,#1344,.T.);
#1963=ORIENTED_EDGE('',*,*,#1350,.T.);
#1964=CYLINDRICAL_SURFACE('',#2113,1.6);
#1965=CYLINDRICAL_SURFACE('',#2116,1.6);
#1966=CYLINDRICAL_SURFACE('',#2119,1.6);
#1967=CYLINDRICAL_SURFACE('',#2122,1.6);
#1968=CYLINDRICAL_SURFACE('',#2125,25.);
#1969=CYLINDRICAL_SURFACE('',#2128,25.);
#1970=CYLINDRICAL_SURFACE('',#2131,25.);
#1971=CYLINDRICAL_SURFACE('',#2134,25.);
#1972=CYLINDRICAL_SURFACE('',#2137,25.);
#1973=CYLINDRICAL_SURFACE('',#2140,25.);
#1974=CYLINDRICAL_SURFACE('',#2143,25.);
#1975=CYLINDRICAL_SURFACE('',#2146,25.);
#1976=CYLINDRICAL_SURFACE('',#2149,36.6);
#1977=CYLINDRICAL_SURFACE('',#2182,2.99000000000012);
#1978=CYLINDRICAL_SURFACE('',#2186,2.99000000000011);
#1979=CYLINDRICAL_SURFACE('',#2190,2.99000000000011);
#1980=CYLINDRICAL_SURFACE('',#2194,2.99000000000011);
#1981=CYLINDRICAL_SURFACE('',#2198,2.99000000000011);
#1982=CYLINDRICAL_SURFACE('',#2202,2.99000000000011);
#1983=CYLINDRICAL_SURFACE('',#2206,2.99000000000011);
#1984=CYLINDRICAL_SURFACE('',#2216,17.1);
#1985=CYLINDRICAL_SURFACE('',#2222,17.1);
#1986=CYLINDRICAL_SURFACE('',#2228,17.1);
#1987=CYLINDRICAL_SURFACE('',#2234,17.1);
#1988=CYLINDRICAL_SURFACE('',#2240,17.1);
#1989=CYLINDRICAL_SURFACE('',#2246,17.1);
#1990=CYLINDRICAL_SURFACE('',#2252,17.1);
#1991=CYLINDRICAL_SURFACE('',#2256,15.);
#1992=CYLINDRICAL_SURFACE('',#2258,15.);
#1993=CYLINDRICAL_SURFACE('',#2260,15.);
#1994=CYLINDRICAL_SURFACE('',#2262,15.);
#1995=CYLINDRICAL_SURFACE('',#2264,15.);
#1996=CYLINDRICAL_SURFACE('',#2266,15.);
#1997=CYLINDRICAL_SURFACE('',#2268,15.);
#1998=CYLINDRICAL_SURFACE('',#2270,15.);
#1999=CYLINDRICAL_SURFACE('',#2275,2.99000000000011);
#2000=CYLINDRICAL_SURFACE('',#2279,17.1);
#2001=CYLINDRICAL_SURFACE('',#2283,13.);
#2002=ADVANCED_FACE('',(#93),#1964,.F.);
#2003=ADVANCED_FACE('',(#94),#1965,.F.);
#2004=ADVANCED_FACE('',(#95),#1966,.F.);
#2005=ADVANCED_FACE('',(#96),#1967,.F.);
#2006=ADVANCED_FACE('',(#97),#1968,.F.);
#2007=ADVANCED_FACE('',(#98),#1969,.F.);
#2008=ADVANCED_FACE('',(#99),#1970,.F.);
#2009=ADVANCED_FACE('',(#100),#1971,.F.);
#2010=ADVANCED_FACE('',(#101),#1972,.F.);
#2011=ADVANCED_FACE('',(#102),#1973,.F.);
#2012=ADVANCED_FACE('',(#103),#1974,.F.);
#2013=ADVANCED_FACE('',(#104),#1975,.F.);
#2014=ADVANCED_FACE('',(#105),#1976,.T.);
#2015=ADVANCED_FACE('',(#106,#15,#16,#17,#18,#19),#34,.T.);
#2016=ADVANCED_FACE('',(#107),#35,.T.);
#2017=ADVANCED_FACE('',(#108),#36,.T.);
#2018=ADVANCED_FACE('',(#109),#37,.T.);
#2019=ADVANCED_FACE('',(#110),#38,.T.);
#2020=ADVANCED_FACE('',(#111),#39,.T.);
#2021=ADVANCED_FACE('',(#112),#40,.T.);
#2022=ADVANCED_FACE('',(#113),#41,.T.);
#2023=ADVANCED_FACE('',(#114),#42,.T.);
#2024=ADVANCED_FACE('',(#115,#20,#21,#22,#23,#24,#25,#26,#27,#28,#29,#30,
#31,#32),#43,.F.);
#2025=ADVANCED_FACE('',(#116),#44,.F.);
#2026=ADVANCED_FACE('',(#117),#1977,.T.);
#2027=ADVANCED_FACE('',(#118),#45,.F.);
#2028=ADVANCED_FACE('',(#119),#1978,.T.);
#2029=ADVANCED_FACE('',(#120),#46,.F.);
#2030=ADVANCED_FACE('',(#121),#1979,.T.);
#2031=ADVANCED_FACE('',(#122),#47,.F.);
#2032=ADVANCED_FACE('',(#123),#1980,.T.);
#2033=ADVANCED_FACE('',(#124),#48,.F.);
#2034=ADVANCED_FACE('',(#125),#1981,.T.);
#2035=ADVANCED_FACE('',(#126),#49,.F.);
#2036=ADVANCED_FACE('',(#127),#1982,.T.);
#2037=ADVANCED_FACE('',(#128),#50,.F.);
#2038=ADVANCED_FACE('',(#129),#1983,.T.);
#2039=ADVANCED_FACE('',(#130),#51,.T.);
#2040=ADVANCED_FACE('',(#131),#52,.T.);
#2041=ADVANCED_FACE('',(#132),#53,.T.);
#2042=ADVANCED_FACE('',(#133),#54,.T.);
#2043=ADVANCED_FACE('',(#134),#55,.T.);
#2044=ADVANCED_FACE('',(#135),#56,.T.);
#2045=ADVANCED_FACE('',(#136),#57,.T.);
#2046=ADVANCED_FACE('',(#137),#58,.T.);
#2047=ADVANCED_FACE('',(#138),#59,.T.);
#2048=ADVANCED_FACE('',(#139),#1984,.T.);
#2049=ADVANCED_FACE('',(#140),#60,.T.);
#2050=ADVANCED_FACE('',(#141),#61,.T.);
#2051=ADVANCED_FACE('',(#142),#62,.T.);
#2052=ADVANCED_FACE('',(#143),#63,.T.);
#2053=ADVANCED_FACE('',(#144),#1985,.T.);
#2054=ADVANCED_FACE('',(#145),#64,.T.);
#2055=ADVANCED_FACE('',(#146),#65,.T.);
#2056=ADVANCED_FACE('',(#147),#66,.T.);
#2057=ADVANCED_FACE('',(#148),#67,.T.);
#2058=ADVANCED_FACE('',(#149),#1986,.T.);
#2059=ADVANCED_FACE('',(#150),#68,.T.);
#2060=ADVANCED_FACE('',(#151),#69,.T.);
#2061=ADVANCED_FACE('',(#152),#70,.T.);
#2062=ADVANCED_FACE('',(#153),#71,.T.);
#2063=ADVANCED_FACE('',(#154),#1987,.T.);
#2064=ADVANCED_FACE('',(#155),#72,.T.);
#2065=ADVANCED_FACE('',(#156),#73,.T.);
#2066=ADVANCED_FACE('',(#157),#74,.T.);
#2067=ADVANCED_FACE('',(#158),#75,.T.);
#2068=ADVANCED_FACE('',(#159),#1988,.T.);
#2069=ADVANCED_FACE('',(#160),#76,.T.);
#2070=ADVANCED_FACE('',(#161),#77,.T.);
#2071=ADVANCED_FACE('',(#162),#78,.T.);
#2072=ADVANCED_FACE('',(#163),#79,.T.);
#2073=ADVANCED_FACE('',(#164),#1989,.T.);
#2074=ADVANCED_FACE('',(#165),#80,.T.);
#2075=ADVANCED_FACE('',(#166),#81,.T.);
#2076=ADVANCED_FACE('',(#167),#82,.T.);
#2077=ADVANCED_FACE('',(#168),#83,.T.);
#2078=ADVANCED_FACE('',(#169),#1990,.T.);
#2079=ADVANCED_FACE('',(#170),#84,.T.);
#2080=ADVANCED_FACE('',(#171),#85,.T.);
#2081=ADVANCED_FACE('',(#172),#1991,.T.);
#2082=ADVANCED_FACE('',(#173),#1992,.T.);
#2083=ADVANCED_FACE('',(#174),#1993,.T.);
#2084=ADVANCED_FACE('',(#175),#1994,.T.);
#2085=ADVANCED_FACE('',(#176),#1995,.T.);
#2086=ADVANCED_FACE('',(#177),#1996,.T.);
#2087=ADVANCED_FACE('',(#178),#1997,.T.);
#2088=ADVANCED_FACE('',(#179),#1998,.T.);
#2089=ADVANCED_FACE('',(#180),#86,.F.);
#2090=ADVANCED_FACE('',(#181),#1999,.T.);
#2091=ADVANCED_FACE('',(#182),#87,.T.);
#2092=ADVANCED_FACE('',(#183),#88,.T.);
#2093=ADVANCED_FACE('',(#184),#89,.T.);
#2094=ADVANCED_FACE('',(#185),#2000,.T.);
#2095=ADVANCED_FACE('',(#186),#90,.T.);
#2096=ADVANCED_FACE('',(#187),#91,.T.);
#2097=ADVANCED_FACE('',(#188),#2001,.F.);
#2098=ADVANCED_FACE('',(#189,#33),#92,.T.);
#2099=CLOSED_SHELL('',(#2002,#2003,#2004,#2005,#2006,#2007,#2008,#2009,
#2010,#2011,#2012,#2013,#2014,#2015,#2016,#2017,#2018,#2019,#2020,#2021,
#2022,#2023,#2024,#2025,#2026,#2027,#2028,#2029,#2030,#2031,#2032,#2033,
#2034,#2035,#2036,#2037,#2038,#2039,#2040,#2041,#2042,#2043,#2044,#2045,
#2046,#2047,#2048,#2049,#2050,#2051,#2052,#2053,#2054,#2055,#2056,#2057,
#2058,#2059,#2060,#2061,#2062,#2063,#2064,#2065,#2066,#2067,#2068,#2069,
#2070,#2071,#2072,#2073,#2074,#2075,#2076,#2077,#2078,#2079,#2080,#2081,
#2082,#2083,#2084,#2085,#2086,#2087,#2088,#2089,#2090,#2091,#2092,#2093,
#2094,#2095,#2096,#2097,#2098));
#2100=DERIVED_UNIT_ELEMENT(#2102,1.);
#2101=DERIVED_UNIT_ELEMENT(#3477,-3.);
#2102=(
MASS_UNIT()
NAMED_UNIT(*)
SI_UNIT(.KILO.,.GRAM.)
);
#2103=DERIVED_UNIT((#2100,#2101));
#2104=MEASURE_REPRESENTATION_ITEM('density measure',
POSITIVE_RATIO_MEASURE(7850.),#2103);
#2105=PROPERTY_DEFINITION_REPRESENTATION(#2110,#2107);
#2106=PROPERTY_DEFINITION_REPRESENTATION(#2111,#2108);
#2107=REPRESENTATION('material name',(#2109),#3474);
#2108=REPRESENTATION('density',(#2104),#3474);
#2109=DESCRIPTIVE_REPRESENTATION_ITEM('Steel','Steel');
#2110=PROPERTY_DEFINITION('material property','material name',#3484);
#2111=PROPERTY_DEFINITION('material property','density of part',#3484);
#2112=AXIS2_PLACEMENT_3D('',#2864,#2286,#2287);
#2113=AXIS2_PLACEMENT_3D('',#2865,#2288,#2289);
#2114=AXIS2_PLACEMENT_3D('',#2867,#2290,#2291);
#2115=AXIS2_PLACEMENT_3D('',#2870,#2293,#2294);
#2116=AXIS2_PLACEMENT_3D('',#2871,#2295,#2296);
#2117=AXIS2_PLACEMENT_3D('',#2873,#2297,#2298);
#2118=AXIS2_PLACEMENT_3D('',#2876,#2300,#2301);
#2119=AXIS2_PLACEMENT_3D('',#2877,#2302,#2303);
#2120=AXIS2_PLACEMENT_3D('',#2879,#2304,#2305);
#2121=AXIS2_PLACEMENT_3D('',#2882,#2307,#2308);
#2122=AXIS2_PLACEMENT_3D('',#2883,#2309,#2310);
#2123=AXIS2_PLACEMENT_3D('',#2885,#2311,#2312);
#2124=AXIS2_PLACEMENT_3D('',#2888,#2314,#2315);
#2125=AXIS2_PLACEMENT_3D('',#2889,#2316,#2317);
#2126=AXIS2_PLACEMENT_3D('',#2894,#2319,#2320);
#2127=AXIS2_PLACEMENT_3D('',#2897,#2322,#2323);
#2128=AXIS2_PLACEMENT_3D('',#2898,#2324,#2325);
#2129=AXIS2_PLACEMENT_3D('',#2903,#2327,#2328);
#2130=AXIS2_PLACEMENT_3D('',#2906,#2330,#2331);
#2131=AXIS2_PLACEMENT_3D('',#2907,#2332,#2333);
#2132=AXIS2_PLACEMENT_3D('',#2912,#2335,#2336);
#2133=AXIS2_PLACEMENT_3D('',#2915,#2338,#2339);
#2134=AXIS2_PLACEMENT_3D('',#2916,#2340,#2341);
#2135=AXIS2_PLACEMENT_3D('',#2921,#2343,#2344);
#2136=AXIS2_PLACEMENT_3D('',#2924,#2346,#2347);
#2137=AXIS2_PLACEMENT_3D('',#2925,#2348,#2349);
#2138=AXIS2_PLACEMENT_3D('',#2930,#2351,#2352);
#2139=AXIS2_PLACEMENT_3D('',#2933,#2354,#2355);
#2140=AXIS2_PLACEMENT_3D('',#2934,#2356,#2357);
#2141=AXIS2_PLACEMENT_3D('',#2939,#2359,#2360);
#2142=AXIS2_PLACEMENT_3D('',#2942,#2362,#2363);
#2143=AXIS2_PLACEMENT_3D('',#2943,#2364,#2365);
#2144=AXIS2_PLACEMENT_3D('',#2948,#2367,#2368);
#2145=AXIS2_PLACEMENT_3D('',#2951,#2370,#2371);
#2146=AXIS2_PLACEMENT_3D('',#2952,#2372,#2373);
#2147=AXIS2_PLACEMENT_3D('',#2957,#2375,#2376);
#2148=AXIS2_PLACEMENT_3D('',#2960,#2378,#2379);
#2149=AXIS2_PLACEMENT_3D('',#2961,#2380,#2381);
#2150=AXIS2_PLACEMENT_3D('',#2963,#2382,#2383);
#2151=AXIS2_PLACEMENT_3D('',#2966,#2385,#2386);
#2152=AXIS2_PLACEMENT_3D('',#2967,#2387,#2388);
#2153=AXIS2_PLACEMENT_3D('',#2971,#2390,#2391);
#2154=AXIS2_PLACEMENT_3D('',#2976,#2394,#2395);
#2155=AXIS2_PLACEMENT_3D('',#2981,#2398,#2399);
#2156=AXIS2_PLACEMENT_3D('',#2986,#2402,#2403);
#2157=AXIS2_PLACEMENT_3D('',#2991,#2406,#2407);
#2158=AXIS2_PLACEMENT_3D('',#2996,#2410,#2411);
#2159=AXIS2_PLACEMENT_3D('',#3001,#2414,#2415);
#2160=AXIS2_PLACEMENT_3D('',#3006,#2418,#2419);
#2161=AXIS2_PLACEMENT_3D('',#3008,#2421,#2422);
#2162=AXIS2_PLACEMENT_3D('',#3020,#2429,#2430);
#2163=AXIS2_PLACEMENT_3D('',#3032,#2437,#2438);
#2164=AXIS2_PLACEMENT_3D('',#3044,#2445,#2446);
#2165=AXIS2_PLACEMENT_3D('',#3056,#2453,#2454);
#2166=AXIS2_PLACEMENT_3D('',#3068,#2461,#2462);
#2167=AXIS2_PLACEMENT_3D('',#3080,#2469,#2470);
#2168=AXIS2_PLACEMENT_3D('',#3092,#2477,#2478);
#2169=AXIS2_PLACEMENT_3D('',#3104,#2485,#2486);
#2170=AXIS2_PLACEMENT_3D('',#3112,#2490,#2491);
#2171=AXIS2_PLACEMENT_3D('',#3123,#2497,#2498);
#2172=AXIS2_PLACEMENT_3D('',#3134,#2504,#2505);
#2173=AXIS2_PLACEMENT_3D('',#3145,#2511,#2512);
#2174=AXIS2_PLACEMENT_3D('',#3156,#2518,#2519);
#2175=AXIS2_PLACEMENT_3D('',#3167,#2525,#2526);
#2176=AXIS2_PLACEMENT_3D('',#3178,#2532,#2533);
#2177=AXIS2_PLACEMENT_3D('',#3189,#2539,#2540);
#2178=AXIS2_PLACEMENT_3D('',#3194,#2543,#2544);
#2179=AXIS2_PLACEMENT_3D('',#3195,#2545,#2546);
#2180=AXIS2_PLACEMENT_3D('',#3197,#2547,#2548);
#2181=AXIS2_PLACEMENT_3D('',#3200,#2550,#2551);
#2182=AXIS2_PLACEMENT_3D('',#3201,#2552,#2553);
#2183=AXIS2_PLACEMENT_3D('',#3203,#2555,#2556);
#2184=AXIS2_PLACEMENT_3D('',#3205,#2557,#2558);
#2185=AXIS2_PLACEMENT_3D('',#3208,#2560,#2561);
#2186=AXIS2_PLACEMENT_3D('',#3209,#2562,#2563);
#2187=AXIS2_PLACEMENT_3D('',#3211,#2565,#2566);
#2188=AXIS2_PLACEMENT_3D('',#3213,#2567,#2568);
#2189=AXIS2_PLACEMENT_3D('',#3216,#2570,#2571);
#2190=AXIS2_PLACEMENT_3D('',#3217,#2572,#2573);
#2191=AXIS2_PLACEMENT_3D('',#3219,#2575,#2576);
#2192=AXIS2_PLACEMENT_3D('',#3221,#2577,#2578);
#2193=AXIS2_PLACEMENT_3D('',#3224,#2580,#2581);
#2194=AXIS2_PLACEMENT_3D('',#3225,#2582,#2583);
#2195=AXIS2_PLACEMENT_3D('',#3227,#2585,#2586);
#2196=AXIS2_PLACEMENT_3D('',#3229,#2587,#2588);
#2197=AXIS2_PLACEMENT_3D('',#3232,#2590,#2591);
#2198=AXIS2_PLACEMENT_3D('',#3233,#2592,#2593);
#2199=AXIS2_PLACEMENT_3D('',#3235,#2595,#2596);
#2200=AXIS2_PLACEMENT_3D('',#3237,#2597,#2598);
#2201=AXIS2_PLACEMENT_3D('',#3240,#2600,#2601);
#2202=AXIS2_PLACEMENT_3D('',#3241,#2602,#2603);
#2203=AXIS2_PLACEMENT_3D('',#3243,#2605,#2606);
#2204=AXIS2_PLACEMENT_3D('',#3245,#2607,#2608);
#2205=AXIS2_PLACEMENT_3D('',#3248,#2610,#2611);
#2206=AXIS2_PLACEMENT_3D('',#3249,#2612,#2613);
#2207=AXIS2_PLACEMENT_3D('',#3251,#2615,#2616);
#2208=AXIS2_PLACEMENT_3D('',#3255,#2619,#2620);
#2209=AXIS2_PLACEMENT_3D('',#3259,#2623,#2624);
#2210=AXIS2_PLACEMENT_3D('',#3263,#2627,#2628);
#2211=AXIS2_PLACEMENT_3D('',#3267,#2631,#2632);
#2212=AXIS2_PLACEMENT_3D('',#3271,#2635,#2636);
#2213=AXIS2_PLACEMENT_3D('',#3275,#2639,#2640);
#2214=AXIS2_PLACEMENT_3D('',#3279,#2643,#2644);
#2215=AXIS2_PLACEMENT_3D('',#3285,#2648,#2649);
#2216=AXIS2_PLACEMENT_3D('',#3289,#2652,#2653);
#2217=AXIS2_PLACEMENT_3D('',#3291,#2654,#2655);
#2218=AXIS2_PLACEMENT_3D('',#3293,#2657,#2658);
#2219=AXIS2_PLACEMENT_3D('',#3297,#2661,#2662);
#2220=AXIS2_PLACEMENT_3D('',#3299,#2664,#2665);
#2221=AXIS2_PLACEMENT_3D('',#3305,#2669,#2670);
#2222=AXIS2_PLACEMENT_3D('',#3309,#2673,#2674);
#2223=AXIS2_PLACEMENT_3D('',#3311,#2675,#2676);
#2224=AXIS2_PLACEMENT_3D('',#3313,#2678,#2679);
#2225=AXIS2_PLACEMENT_3D('',#3317,#2682,#2683);
#2226=AXIS2_PLACEMENT_3D('',#3319,#2685,#2686);
#2227=AXIS2_PLACEMENT_3D('',#3325,#2690,#2691);
#2228=AXIS2_PLACEMENT_3D('',#3329,#2694,#2695);
#2229=AXIS2_PLACEMENT_3D('',#3331,#2696,#2697);
#2230=AXIS2_PLACEMENT_3D('',#3333,#2699,#2700);
#2231=AXIS2_PLACEMENT_3D('',#3337,#2703,#2704);
#2232=AXIS2_PLACEMENT_3D('',#3339,#2706,#2707);
#2233=AXIS2_PLACEMENT_3D('',#3345,#2711,#2712);
#2234=AXIS2_PLACEMENT_3D('',#3349,#2715,#2716);
#2235=AXIS2_PLACEMENT_3D('',#3351,#2717,#2718);
#2236=AXIS2_PLACEMENT_3D('',#3353,#2720,#2721);
#2237=AXIS2_PLACEMENT_3D('',#3357,#2724,#2725);
#2238=AXIS2_PLACEMENT_3D('',#3359,#2727,#2728);
#2239=AXIS2_PLACEMENT_3D('',#3365,#2732,#2733);
#2240=AXIS2_PLACEMENT_3D('',#3369,#2736,#2737);
#2241=AXIS2_PLACEMENT_3D('',#3371,#2738,#2739);
#2242=AXIS2_PLACEMENT_3D('',#3373,#2741,#2742);
#2243=AXIS2_PLACEMENT_3D('',#3377,#2745,#2746);
#2244=AXIS2_PLACEMENT_3D('',#3379,#2748,#2749);
#2245=AXIS2_PLACEMENT_3D('',#3385,#2753,#2754);
#2246=AXIS2_PLACEMENT_3D('',#3389,#2757,#2758);
#2247=AXIS2_PLACEMENT_3D('',#3391,#2759,#2760);
#2248=AXIS2_PLACEMENT_3D('',#3393,#2762,#2763);
#2249=AXIS2_PLACEMENT_3D('',#3397,#2766,#2767);
#2250=AXIS2_PLACEMENT_3D('',#3399,#2769,#2770);
#2251=AXIS2_PLACEMENT_3D('',#3405,#2774,#2775);
#2252=AXIS2_PLACEMENT_3D('',#3409,#2778,#2779);
#2253=AXIS2_PLACEMENT_3D('',#3411,#2780,#2781);
#2254=AXIS2_PLACEMENT_3D('',#3413,#2783,#2784);
#2255=AXIS2_PLACEMENT_3D('',#3417,#2787,#2788);
#2256=AXIS2_PLACEMENT_3D('',#3419,#2790,#2791);
#2257=AXIS2_PLACEMENT_3D('',#3421,#2792,#2793);
#2258=AXIS2_PLACEMENT_3D('',#3423,#2795,#2796);
#2259=AXIS2_PLACEMENT_3D('',#3424,#2797,#2798);
#2260=AXIS2_PLACEMENT_3D('',#3425,#2799,#2800);
#2261=AXIS2_PLACEMENT_3D('',#3426,#2801,#2802);
#2262=AXIS2_PLACEMENT_3D('',#3427,#2803,#2804);
#2263=AXIS2_PLACEMENT_3D('',#3428,#2805,#2806);
#2264=AXIS2_PLACEMENT_3D('',#3429,#2807,#2808);
#2265=AXIS2_PLACEMENT_3D('',#3430,#2809,#2810);
#2266=AXIS2_PLACEMENT_3D('',#3431,#2811,#2812);
#2267=AXIS2_PLACEMENT_3D('',#3432,#2813,#2814);
#2268=AXIS2_PLACEMENT_3D('',#3433,#2815,#2816);
#2269=AXIS2_PLACEMENT_3D('',#3434,#2817,#2818);
#2270=AXIS2_PLACEMENT_3D('',#3435,#2819,#2820);
#2271=AXIS2_PLACEMENT_3D('',#3438,#2822,#2823);
#2272=AXIS2_PLACEMENT_3D('',#3439,#2824,#2825);
#2273=AXIS2_PLACEMENT_3D('',#3441,#2826,#2827);
#2274=AXIS2_PLACEMENT_3D('',#3444,#2829,#2830);
#2275=AXIS2_PLACEMENT_3D('',#3445,#2831,#2832);
#2276=AXIS2_PLACEMENT_3D('',#3447,#2834,#2835);
#2277=AXIS2_PLACEMENT_3D('',#3451,#2838,#2839);
#2278=AXIS2_PLACEMENT_3D('',#3455,#2842,#2843);
#2279=AXIS2_PLACEMENT_3D('',#3457,#2845,#2846);
#2280=AXIS2_PLACEMENT_3D('',#3459,#2847,#2848);
#2281=AXIS2_PLACEMENT_3D('',#3461,#2850,#2851);
#2282=AXIS2_PLACEMENT_3D('',#3465,#2854,#2855);
#2283=AXIS2_PLACEMENT_3D('',#3467,#2857,#2858);
#2284=AXIS2_PLACEMENT_3D('',#3469,#2859,#2860);
#2285=AXIS2_PLACEMENT_3D('',#3471,#2862,#2863);
#2286=DIRECTION('axis',(0.,0.,1.));
#2287=DIRECTION('refdir',(1.,0.,0.));
#2288=DIRECTION('center_axis',(0.,0.,1.));
#2289=DIRECTION('ref_axis',(-1.83697019872103E-16,-1.,0.));
#2290=DIRECTION('center_axis',(0.,0.,1.));
#2291=DIRECTION('ref_axis',(-1.83697019872103E-16,-1.,0.));
#2292=DIRECTION('',(0.,0.,1.));
#2293=DIRECTION('center_axis',(0.,0.,-1.));
#2294=DIRECTION('ref_axis',(-1.83697019872103E-16,-1.,0.));
#2295=DIRECTION('center_axis',(0.,0.,1.));
#2296=DIRECTION('ref_axis',(-1.,1.22464679914735E-16,0.));
#2297=DIRECTION('center_axis',(0.,0.,1.));
#2298=DIRECTION('ref_axis',(-1.,1.22464679914735E-16,0.));
#2299=DIRECTION('',(0.,0.,1.));
#2300=DIRECTION('center_axis',(0.,0.,-1.));
#2301=DIRECTION('ref_axis',(-1.,1.22464679914735E-16,0.));
#2302=DIRECTION('center_axis',(0.,0.,1.));
#2303=DIRECTION('ref_axis',(6.12323399573677E-17,1.,0.));
#2304=DIRECTION('center_axis',(0.,0.,1.));
#2305=DIRECTION('ref_axis',(6.12323399573677E-17,1.,0.));
#2306=DIRECTION('',(0.,0.,1.));
#2307=DIRECTION('center_axis',(0.,0.,-1.));
#2308=DIRECTION('ref_axis',(6.12323399573677E-17,1.,0.));
#2309=DIRECTION('center_axis',(0.,0.,1.));
#2310=DIRECTION('ref_axis',(1.,0.,0.));
#2311=DIRECTION('center_axis',(0.,0.,1.));
#2312=DIRECTION('ref_axis',(1.,0.,0.));
#2313=DIRECTION('',(0.,0.,1.));
#2314=DIRECTION('center_axis',(0.,0.,-1.));
#2315=DIRECTION('ref_axis',(1.,0.,0.));
#2316=DIRECTION('center_axis',(0.,0.,1.));
#2317=DIRECTION('ref_axis',(1.,0.,0.));
#2318=DIRECTION('',(0.,0.,1.));
#2319=DIRECTION('center_axis',(0.,0.,-1.));
#2320=DIRECTION('ref_axis',(1.,0.,0.));
#2321=DIRECTION('',(0.,0.,-1.));
#2322=DIRECTION('center_axis',(0.,0.,-1.));
#2323=DIRECTION('ref_axis',(1.,0.,0.));
#2324=DIRECTION('center_axis',(0.,0.,1.));
#2325=DIRECTION('ref_axis',(1.,0.,0.));
#2326=DIRECTION('',(0.,0.,1.));
#2327=DIRECTION('center_axis',(0.,0.,-1.));
#2328=DIRECTION('ref_axis',(1.,0.,0.));
#2329=DIRECTION('',(0.,0.,-1.));
#2330=DIRECTION('center_axis',(0.,0.,-1.));
#2331=DIRECTION('ref_axis',(1.,0.,0.));
#2332=DIRECTION('center_axis',(0.,0.,1.));
#2333=DIRECTION('ref_axis',(-0.999999999586736,2.87494063741206E-5,0.));
#2334=DIRECTION('',(0.,0.,1.));
#2335=DIRECTION('center_axis',(0.,0.,-1.));
#2336=DIRECTION('ref_axis',(1.,0.,0.));
#2337=DIRECTION('',(0.,0.,-1.));
#2338=DIRECTION('center_axis',(0.,0.,-1.));
#2339=DIRECTION('ref_axis',(1.,0.,0.));
#2340=DIRECTION('center_axis',(0.,0.,1.));
#2341=DIRECTION('ref_axis',(1.,0.,0.));
#2342=DIRECTION('',(0.,0.,1.));
#2343=DIRECTION('center_axis',(0.,0.,-1.));
#2344=DIRECTION('ref_axis',(1.,0.,0.));
#2345=DIRECTION('',(0.,0.,-1.));
#2346=DIRECTION('center_axis',(0.,0.,-1.));
#2347=DIRECTION('ref_axis',(1.,0.,0.));
#2348=DIRECTION('center_axis',(0.,0.,1.));
#2349=DIRECTION('ref_axis',(1.,0.,0.));
#2350=DIRECTION('',(0.,0.,1.));
#2351=DIRECTION('center_axis',(0.,0.,-1.));
#2352=DIRECTION('ref_axis',(1.,0.,0.));
#2353=DIRECTION('',(0.,0.,-1.));
#2354=DIRECTION('center_axis',(0.,0.,-1.));
#2355=DIRECTION('ref_axis',(1.,0.,0.));
#2356=DIRECTION('center_axis',(0.,0.,1.));
#2357=DIRECTION('ref_axis',(1.,0.,0.));
#2358=DIRECTION('',(0.,0.,1.));
#2359=DIRECTION('center_axis',(0.,0.,-1.));
#2360=DIRECTION('ref_axis',(1.,0.,0.));
#2361=DIRECTION('',(0.,0.,-1.));
#2362=DIRECTION('center_axis',(0.,0.,-1.));
#2363=DIRECTION('ref_axis',(1.,0.,0.));
#2364=DIRECTION('center_axis',(0.,0.,1.));
#2365=DIRECTION('ref_axis',(1.,0.,0.));
#2366=DIRECTION('',(0.,0.,1.));
#2367=DIRECTION('center_axis',(0.,0.,-1.));
#2368=DIRECTION('ref_axis',(1.,0.,0.));
#2369=DIRECTION('',(0.,0.,-1.));
#2370=DIRECTION('center_axis',(0.,0.,-1.));
#2371=DIRECTION('ref_axis',(1.,0.,0.));
#2372=DIRECTION('center_axis',(0.,0.,1.));
#2373=DIRECTION('ref_axis',(1.,0.,0.));
#2374=DIRECTION('',(0.,0.,-1.));
#2375=DIRECTION('center_axis',(0.,0.,-1.));
#2376=DIRECTION('ref_axis',(1.,0.,0.));
#2377=DIRECTION('',(0.,0.,1.));
#2378=DIRECTION('center_axis',(0.,0.,-1.));
#2379=DIRECTION('ref_axis',(1.,0.,0.));
#2380=DIRECTION('center_axis',(0.,0.,1.));
#2381=DIRECTION('ref_axis',(1.,0.,0.));
#2382=DIRECTION('center_axis',(0.,0.,1.));
#2383=DIRECTION('ref_axis',(1.,0.,0.));
#2384=DIRECTION('',(0.,0.,-1.));
#2385=DIRECTION('center_axis',(0.,0.,1.));
#2386=DIRECTION('ref_axis',(1.,0.,0.));
#2387=DIRECTION('center_axis',(0.,0.,1.));
#2388=DIRECTION('ref_axis',(1.,0.,0.));
#2389=DIRECTION('',(-0.90556879901114,-0.42419942274539,0.));
#2390=DIRECTION('center_axis',(0.,0.,1.));
#2391=DIRECTION('ref_axis',(0.391453538637005,-0.920197873877443,0.));
#2392=DIRECTION('',(0.940288127010504,0.340379550212816,0.));
#2393=DIRECTION('',(-0.940288127010419,0.34037955021305,0.));
#2394=DIRECTION('center_axis',(0.,0.,1.));
#2395=DIRECTION('ref_axis',(-0.373878704962487,-0.92747760834188,0.));
#2396=DIRECTION('',(0.905568799011034,-0.424199422745616,0.));
#2397=DIRECTION('',(-0.42419942274539,0.90556879901114,0.));
#2398=DIRECTION('center_axis',(0.,0.,1.));
#2399=DIRECTION('ref_axis',(-0.920197873877443,-0.391453538637005,0.));
#2400=DIRECTION('',(0.340379550212816,-0.940288127010504,0.));
#2401=DIRECTION('',(0.34037955021305,0.940288127010419,0.));
#2402=DIRECTION('center_axis',(0.,0.,1.));
#2403=DIRECTION('ref_axis',(-0.92747760834188,0.373878704962487,0.));
#2404=DIRECTION('',(-0.424199422745616,-0.905568799011034,0.));
#2405=DIRECTION('',(0.90556879901114,0.42419942274539,0.));
#2406=DIRECTION('center_axis',(0.,0.,1.));
#2407=DIRECTION('ref_axis',(-0.391453538637005,0.920197873877443,0.));
#2408=DIRECTION('',(-0.940288127010504,-0.340379550212816,0.));
#2409=DIRECTION('',(0.940288127010419,-0.34037955021305,0.));
#2410=DIRECTION('center_axis',(0.,0.,1.));
#2411=DIRECTION('ref_axis',(0.373878704962487,0.92747760834188,0.));
#2412=DIRECTION('',(-0.905568799011034,0.424199422745616,0.));
#2413=DIRECTION('',(0.42419942274539,-0.90556879901114,0.));
#2414=DIRECTION('center_axis',(0.,0.,1.));
#2415=DIRECTION('ref_axis',(0.920197873877443,0.391453538637005,0.));
#2416=DIRECTION('',(-0.340379550212816,0.940288127010504,0.));
#2417=DIRECTION('',(-0.34037955021305,-0.940288127010419,0.));
#2418=DIRECTION('center_axis',(0.,0.,1.));
#2419=DIRECTION('ref_axis',(0.92747760834188,-0.373878704962487,0.));
#2420=DIRECTION('',(0.424199422745616,0.905568799011034,0.));
#2421=DIRECTION('center_axis',(-0.42419942274539,0.90556879901114,0.));
#2422=DIRECTION('ref_axis',(-0.90556879901114,-0.42419942274539,0.));
#2423=DIRECTION('',(-0.90556879901114,-0.42419942274539,0.));
#2424=DIRECTION('',(0.,0.,1.));
#2425=DIRECTION('',(-0.90556879901114,-0.42419942274539,0.));
#2426=DIRECTION('',(0.,0.,1.));
#2427=DIRECTION('',(-0.905568799011146,-0.424199422745377,0.));
#2428=DIRECTION('',(0.,0.,1.));
#2429=DIRECTION('center_axis',(0.34037955021305,0.940288127010419,0.));
#2430=DIRECTION('ref_axis',(-0.940288127010419,0.34037955021305,0.));
#2431=DIRECTION('',(-0.940288127010419,0.34037955021305,0.));
#2432=DIRECTION('',(0.,0.,1.));
#2433=DIRECTION('',(-0.940288127010419,0.34037955021305,0.));
#2434=DIRECTION('',(0.,0.,1.));
#2435=DIRECTION('',(-0.940288127010414,0.340379550213064,0.));
#2436=DIRECTION('',(0.,0.,1.));
#2437=DIRECTION('center_axis',(0.90556879901114,0.42419942274539,0.));
#2438=DIRECTION('ref_axis',(-0.42419942274539,0.90556879901114,0.));
#2439=DIRECTION('',(-0.42419942274539,0.90556879901114,0.));
#2440=DIRECTION('',(0.,0.,1.));
#2441=DIRECTION('',(-0.42419942274539,0.90556879901114,0.));
#2442=DIRECTION('',(0.,0.,1.));
#2443=DIRECTION('',(-0.424199422745377,0.905568799011146,0.));
#2444=DIRECTION('',(0.,0.,1.));
#2445=DIRECTION('center_axis',(0.940288127010419,-0.34037955021305,0.));
#2446=DIRECTION('ref_axis',(0.34037955021305,0.940288127010419,0.));
#2447=DIRECTION('',(0.34037955021305,0.940288127010419,0.));
#2448=DIRECTION('',(0.,0.,1.));
#2449=DIRECTION('',(0.34037955021305,0.940288127010419,0.));
#2450=DIRECTION('',(0.,0.,1.));
#2451=DIRECTION('',(0.340379550213064,0.940288127010414,0.));
#2452=DIRECTION('',(0.,0.,1.));
#2453=DIRECTION('center_axis',(0.42419942274539,-0.90556879901114,0.));
#2454=DIRECTION('ref_axis',(0.90556879901114,0.42419942274539,0.));
#2455=DIRECTION('',(0.90556879901114,0.42419942274539,0.));
#2456=DIRECTION('',(0.,0.,1.));
#2457=DIRECTION('',(0.90556879901114,0.42419942274539,0.));
#2458=DIRECTION('',(0.,0.,1.));
#2459=DIRECTION('',(0.905568799011146,0.424199422745377,0.));
#2460=DIRECTION('',(0.,0.,1.));
#2461=DIRECTION('center_axis',(-0.34037955021305,-0.940288127010419,0.));
#2462=DIRECTION('ref_axis',(0.940288127010419,-0.34037955021305,0.));
#2463=DIRECTION('',(0.940288127010419,-0.34037955021305,0.));
#2464=DIRECTION('',(0.,0.,1.));
#2465=DIRECTION('',(0.940288127010419,-0.34037955021305,0.));
#2466=DIRECTION('',(0.,0.,1.));
#2467=DIRECTION('',(0.940288127010414,-0.340379550213064,0.));
#2468=DIRECTION('',(0.,0.,1.));
#2469=DIRECTION('center_axis',(-0.90556879901114,-0.42419942274539,0.));
#2470=DIRECTION('ref_axis',(0.42419942274539,-0.90556879901114,0.));
#2471=DIRECTION('',(0.42419942274539,-0.90556879901114,0.));
#2472=DIRECTION('',(0.,0.,1.));
#2473=DIRECTION('',(0.42419942274539,-0.90556879901114,0.));
#2474=DIRECTION('',(0.,0.,1.));
#2475=DIRECTION('',(0.424199422745377,-0.905568799011146,0.));
#2476=DIRECTION('',(0.,0.,1.));
#2477=DIRECTION('center_axis',(-0.940288127010419,0.34037955021305,0.));
#2478=DIRECTION('ref_axis',(-0.34037955021305,-0.940288127010419,0.));
#2479=DIRECTION('',(-0.34037955021305,-0.940288127010419,0.));
#2480=DIRECTION('',(0.,0.,1.));
#2481=DIRECTION('',(-0.34037955021305,-0.940288127010419,0.));
#2482=DIRECTION('',(0.,0.,1.));
#2483=DIRECTION('',(-0.340379550213063,-0.940288127010414,0.));
#2484=DIRECTION('',(0.,0.,1.));
#2485=DIRECTION('center_axis',(0.,0.,1.));
#2486=DIRECTION('ref_axis',(1.,0.,0.));
#2487=DIRECTION('',(0.940288127010504,0.340379550212816,0.));
#2488=DIRECTION('',(0.340379550213061,-0.940288127010415,0.));
#2489=DIRECTION('',(0.940288127010421,0.340379550213044,0.));
#2490=DIRECTION('center_axis',(0.,0.,1.));
#2491=DIRECTION('ref_axis',(1.,0.,0.));
#2492=DIRECTION('',(-0.940288127010419,0.340379550213051,0.));
#2493=DIRECTION('',(-0.340379550213052,-0.940288127010418,0.));
#2494=DIRECTION('',(0.905568799011034,-0.424199422745616,0.));
#2495=DIRECTION('',(-0.424199422745379,-0.905568799011145,0.));
#2496=DIRECTION('',(0.905568799011137,-0.424199422745396,0.));
#2497=DIRECTION('center_axis',(0.,0.,1.));
#2498=DIRECTION('ref_axis',(1.,0.,0.));
#2499=DIRECTION('',(-0.42419942274539,0.90556879901114,0.));
#2500=DIRECTION('',(-0.905568799011141,-0.424199422745388,0.));
#2501=DIRECTION('',(0.340379550212816,-0.940288127010504,0.));
#2502=DIRECTION('',(-0.940288127010415,-0.340379550213061,0.));
#2503=DIRECTION('',(0.340379550213044,-0.940288127010421,0.));
#2504=DIRECTION('center_axis',(0.,0.,1.));
#2505=DIRECTION('ref_axis',(1.,0.,0.));
#2506=DIRECTION('',(0.340379550213051,0.940288127010419,0.));
#2507=DIRECTION('',(-0.940288127010418,0.340379550213052,0.));
#2508=DIRECTION('',(-0.424199422745616,-0.905568799011034,0.));
#2509=DIRECTION('',(-0.905568799011145,0.424199422745379,0.));
#2510=DIRECTION('',(-0.424199422745396,-0.905568799011137,0.));
#2511=DIRECTION('center_axis',(0.,0.,1.));
#2512=DIRECTION('ref_axis',(1.,0.,0.));
#2513=DIRECTION('',(0.90556879901114,0.42419942274539,0.));
#2514=DIRECTION('',(-0.424199422745388,0.905568799011141,0.));
#2515=DIRECTION('',(-0.940288127010504,-0.340379550212816,0.));
#2516=DIRECTION('',(-0.340379550213061,0.940288127010415,0.));
#2517=DIRECTION('',(-0.940288127010421,-0.340379550213044,0.));
#2518=DIRECTION('center_axis',(0.,0.,1.));
#2519=DIRECTION('ref_axis',(1.,0.,0.));
#2520=DIRECTION('',(0.940288127010419,-0.34037955021305,0.));
#2521=DIRECTION('',(0.340379550213052,0.940288127010418,0.));
#2522=DIRECTION('',(-0.905568799011034,0.424199422745616,0.));
#2523=DIRECTION('',(0.424199422745379,0.905568799011145,0.));
#2524=DIRECTION('',(-0.905568799011137,0.424199422745396,0.));
#2525=DIRECTION('center_axis',(0.,0.,1.));
#2526=DIRECTION('ref_axis',(1.,0.,0.));
#2527=DIRECTION('',(0.42419942274539,-0.90556879901114,0.));
#2528=DIRECTION('',(0.905568799011141,0.424199422745388,0.));
#2529=DIRECTION('',(-0.340379550212816,0.940288127010504,0.));
#2530=DIRECTION('',(0.940288127010415,0.340379550213061,0.));
#2531=DIRECTION('',(-0.340379550213044,0.940288127010421,0.));
#2532=DIRECTION('center_axis',(0.,0.,1.));
#2533=DIRECTION('ref_axis',(1.,0.,0.));
#2534=DIRECTION('',(-0.34037955021305,-0.940288127010419,0.));
#2535=DIRECTION('',(0.940288127010418,-0.340379550213052,0.));
#2536=DIRECTION('',(0.424199422745616,0.905568799011034,0.));
#2537=DIRECTION('',(0.905568799011145,-0.424199422745379,0.));
#2538=DIRECTION('',(0.424199422745396,0.905568799011137,0.));
#2539=DIRECTION('center_axis',(0.,0.,1.));
#2540=DIRECTION('ref_axis',(1.,0.,0.));
#2541=DIRECTION('',(-0.90556879901114,-0.42419942274539,0.));
#2542=DIRECTION('',(0.424199422745388,-0.905568799011141,0.));
#2543=DIRECTION('center_axis',(0.,0.,-1.));
#2544=DIRECTION('ref_axis',(1.,0.,0.));
#2545=DIRECTION('center_axis',(0.,0.,-1.));
#2546=DIRECTION('ref_axis',(-0.707106781186547,0.707106781186548,0.));
#2547=DIRECTION('center_axis',(0.,0.,1.));
#2548=DIRECTION('ref_axis',(0.96858435195062,0.248685249173323,0.));
#2549=DIRECTION('',(0.940288127010415,0.340379550213061,0.));
#2550=DIRECTION('center_axis',(0.,0.,1.));
#2551=DIRECTION('ref_axis',(0.391453538637005,-0.920197873877443,0.));
#2552=DIRECTION('center_axis',(0.,0.,1.));
#2553=DIRECTION('ref_axis',(0.391453538637005,-0.920197873877443,0.));
#2554=DIRECTION('',(0.,0.,1.));
#2555=DIRECTION('center_axis',(0.,0.,-1.));
#2556=DIRECTION('ref_axis',(2.22044604925031E-16,1.,0.));
#2557=DIRECTION('center_axis',(0.,0.,1.));
#2558=DIRECTION('ref_axis',(0.860739589486984,-0.509045537343938,0.));
#2559=DIRECTION('',(0.905568799011145,-0.42419942274538,0.));
#2560=DIRECTION('center_axis',(0.,0.,1.));
#2561=DIRECTION('ref_axis',(-0.373878704962487,-0.92747760834188,0.));
#2562=DIRECTION('center_axis',(0.,0.,1.));
#2563=DIRECTION('ref_axis',(-0.373878704962487,-0.92747760834188,0.));
#2564=DIRECTION('',(0.,0.,1.));
#2565=DIRECTION('center_axis',(0.,0.,-1.));
#2566=DIRECTION('ref_axis',(0.707106781186548,0.707106781186547,0.));
#2567=DIRECTION('center_axis',(0.,0.,1.));
#2568=DIRECTION('ref_axis',(0.248685249173323,-0.96858435195062,0.));
#2569=DIRECTION('',(0.340379550213061,-0.940288127010415,0.));
#2570=DIRECTION('center_axis',(0.,0.,1.));
#2571=DIRECTION('ref_axis',(-0.920197873877443,-0.391453538637005,0.));
#2572=DIRECTION('center_axis',(0.,0.,1.));
#2573=DIRECTION('ref_axis',(-0.920197873877443,-0.391453538637005,0.));
#2574=DIRECTION('',(0.,0.,1.));
#2575=DIRECTION('center_axis',(0.,0.,-1.));
#2576=DIRECTION('ref_axis',(1.,-2.22044604925031E-16,0.));
#2577=DIRECTION('center_axis',(0.,0.,1.));
#2578=DIRECTION('ref_axis',(-0.509045537343938,-0.860739589486984,0.));
#2579=DIRECTION('',(-0.42419942274538,-0.905568799011145,0.));
#2580=DIRECTION('center_axis',(0.,0.,1.));
#2581=DIRECTION('ref_axis',(-0.92747760834188,0.373878704962487,0.));
#2582=DIRECTION('center_axis',(0.,0.,1.));
#2583=DIRECTION('ref_axis',(-0.92747760834188,0.373878704962487,0.));
#2584=DIRECTION('',(0.,0.,1.));
#2585=DIRECTION('center_axis',(0.,0.,-1.));
#2586=DIRECTION('ref_axis',(0.707106781186547,-0.707106781186548,0.));
#2587=DIRECTION('center_axis',(0.,0.,1.));
#2588=DIRECTION('ref_axis',(-0.96858435195062,-0.248685249173323,0.));
#2589=DIRECTION('',(-0.940288127010415,-0.340379550213061,0.));
#2590=DIRECTION('center_axis',(0.,0.,1.));
#2591=DIRECTION('ref_axis',(-0.391453538637005,0.920197873877443,0.));
#2592=DIRECTION('center_axis',(0.,0.,1.));
#2593=DIRECTION('ref_axis',(-0.391453538637005,0.920197873877443,0.));
#2594=DIRECTION('',(0.,0.,1.));
#2595=DIRECTION('center_axis',(0.,0.,-1.));
#2596=DIRECTION('ref_axis',(0.,-1.,0.));
#2597=DIRECTION('center_axis',(0.,0.,1.));
#2598=DIRECTION('ref_axis',(-0.860739589486984,0.509045537343938,0.));
#2599=DIRECTION('',(-0.905568799011145,0.42419942274538,0.));
#2600=DIRECTION('center_axis',(0.,0.,1.));
#2601=DIRECTION('ref_axis',(0.373878704962487,0.92747760834188,0.));
#2602=DIRECTION('center_axis',(0.,0.,1.));
#2603=DIRECTION('ref_axis',(0.373878704962487,0.92747760834188,0.));
#2604=DIRECTION('',(0.,0.,1.));
#2605=DIRECTION('center_axis',(0.,0.,-1.));
#2606=DIRECTION('ref_axis',(-0.707106781186548,-0.707106781186547,0.));
#2607=DIRECTION('center_axis',(0.,0.,1.));
#2608=DIRECTION('ref_axis',(-0.248685249173323,0.96858435195062,0.));
#2609=DIRECTION('',(-0.340379550213061,0.940288127010415,0.));
#2610=DIRECTION('center_axis',(0.,0.,1.));
#2611=DIRECTION('ref_axis',(0.920197873877443,0.391453538637005,0.));
#2612=DIRECTION('center_axis',(0.,0.,1.));
#2613=DIRECTION('ref_axis',(0.920197873877443,0.391453538637005,0.));
#2614=DIRECTION('',(0.,0.,1.));
#2615=DIRECTION('center_axis',(-0.905568799011141,-0.424199422745388,0.));
#2616=DIRECTION('ref_axis',(0.424199422745388,-0.905568799011141,0.));
#2617=DIRECTION('',(0.,0.,1.));
#2618=DIRECTION('',(0.424199422745388,-0.905568799011141,0.));
#2619=DIRECTION('center_axis',(-0.940288127010418,0.340379550213052,0.));
#2620=DIRECTION('ref_axis',(-0.340379550213052,-0.940288127010418,0.));
#2621=DIRECTION('',(0.,0.,1.));
#2622=DIRECTION('',(-0.340379550213052,-0.940288127010418,0.));
#2623=DIRECTION('center_axis',(-0.424199422745388,0.905568799011141,0.));
#2624=DIRECTION('ref_axis',(-0.905568799011141,-0.424199422745388,0.));
#2625=DIRECTION('',(0.,0.,1.));
#2626=DIRECTION('',(-0.905568799011141,-0.424199422745388,0.));
#2627=DIRECTION('center_axis',(0.340379550213052,0.940288127010418,0.));
#2628=DIRECTION('ref_axis',(-0.940288127010418,0.340379550213052,0.));
#2629=DIRECTION('',(0.,0.,1.));
#2630=DIRECTION('',(-0.940288127010418,0.340379550213052,0.));
#2631=DIRECTION('center_axis',(0.905568799011141,0.424199422745388,0.));
#2632=DIRECTION('ref_axis',(-0.424199422745388,0.905568799011141,0.));
#2633=DIRECTION('',(0.,0.,1.));
#2634=DIRECTION('',(-0.424199422745388,0.905568799011141,0.));
#2635=DIRECTION('center_axis',(0.940288127010418,-0.340379550213052,0.));
#2636=DIRECTION('ref_axis',(0.340379550213052,0.940288127010418,0.));
#2637=DIRECTION('',(0.,0.,1.));
#2638=DIRECTION('',(0.340379550213052,0.940288127010418,0.));
#2639=DIRECTION('center_axis',(0.424199422745388,-0.905568799011141,0.));
#2640=DIRECTION('ref_axis',(0.905568799011141,0.424199422745388,0.));
#2641=DIRECTION('',(0.,0.,1.));
#2642=DIRECTION('',(0.905568799011141,0.424199422745388,0.));
#2643=DIRECTION('center_axis',(0.340379550213044,-0.940288127010421,0.));
#2644=DIRECTION('ref_axis',(0.940288127010421,0.340379550213044,0.));
#2645=DIRECTION('',(0.,0.,1.));
#2646=DIRECTION('',(0.940288127010421,0.340379550213044,0.));
#2647=DIRECTION('',(0.,0.,1.));
#2648=DIRECTION('center_axis',(-0.42419942274539,0.90556879901114,0.));
#2649=DIRECTION('ref_axis',(-0.90556879901114,-0.42419942274539,0.));
#2650=DIRECTION('',(0.,0.,-1.));
#2651=DIRECTION('',(-0.90556879901114,-0.42419942274539,0.));
#2652=DIRECTION('center_axis',(0.,0.,1.));
#2653=DIRECTION('ref_axis',(0.96858435195062,0.248685249173323,0.));
#2654=DIRECTION('center_axis',(0.,0.,1.));
#2655=DIRECTION('ref_axis',(0.96858435195062,0.248685249173323,0.));
#2656=DIRECTION('',(0.,0.,1.));
#2657=DIRECTION('center_axis',(0.340379550212816,-0.940288127010504,0.));
#2658=DIRECTION('ref_axis',(0.940288127010504,0.340379550212816,0.));
#2659=DIRECTION('',(0.940288127010504,0.340379550212816,0.));
#2660=DIRECTION('',(0.,0.,1.));
#2661=DIRECTION('center_axis',(-0.940288127010415,-0.340379550213061,0.));
#2662=DIRECTION('ref_axis',(0.340379550213061,-0.940288127010415,0.));
#2663=DIRECTION('',(0.340379550213061,-0.940288127010415,0.));
#2664=DIRECTION('center_axis',(-0.424199422745396,-0.905568799011137,0.));
#2665=DIRECTION('ref_axis',(0.905568799011137,-0.424199422745396,0.));
#2666=DIRECTION('',(0.,0.,1.));
#2667=DIRECTION('',(0.905568799011137,-0.424199422745396,0.));
#2668=DIRECTION('',(0.,0.,1.));
#2669=DIRECTION('center_axis',(0.340379550213051,0.940288127010419,0.));
#2670=DIRECTION('ref_axis',(-0.940288127010419,0.340379550213051,0.));
#2671=DIRECTION('',(0.,0.,-1.));
#2672=DIRECTION('',(-0.940288127010419,0.340379550213051,0.));
#2673=DIRECTION('center_axis',(0.,0.,1.));
#2674=DIRECTION('ref_axis',(0.860739589486984,-0.509045537343938,0.));
#2675=DIRECTION('center_axis',(0.,0.,1.));
#2676=DIRECTION('ref_axis',(0.860739589486984,-0.509045537343938,0.));
#2677=DIRECTION('',(0.,0.,1.));
#2678=DIRECTION('center_axis',(-0.424199422745616,-0.905568799011034,0.));
#2679=DIRECTION('ref_axis',(0.905568799011034,-0.424199422745616,0.));
#2680=DIRECTION('',(0.905568799011034,-0.424199422745616,0.));
#2681=DIRECTION('',(0.,0.,1.));
#2682=DIRECTION('center_axis',(-0.905568799011145,0.424199422745379,0.));
#2683=DIRECTION('ref_axis',(-0.424199422745379,-0.905568799011145,0.));
#2684=DIRECTION('',(-0.424199422745379,-0.905568799011145,0.));
#2685=DIRECTION('center_axis',(-0.940288127010421,-0.340379550213044,0.));
#2686=DIRECTION('ref_axis',(0.340379550213044,-0.940288127010421,0.));
#2687=DIRECTION('',(0.,0.,1.));
#2688=DIRECTION('',(0.340379550213044,-0.940288127010421,0.));
#2689=DIRECTION('',(0.,0.,1.));
#2690=DIRECTION('center_axis',(0.90556879901114,0.42419942274539,0.));
#2691=DIRECTION('ref_axis',(-0.42419942274539,0.90556879901114,0.));
#2692=DIRECTION('',(0.,0.,-1.));
#2693=DIRECTION('',(-0.42419942274539,0.90556879901114,0.));
#2694=DIRECTION('center_axis',(0.,0.,1.));
#2695=DIRECTION('ref_axis',(0.248685249173323,-0.96858435195062,0.));
#2696=DIRECTION('center_axis',(0.,0.,1.));
#2697=DIRECTION('ref_axis',(0.248685249173323,-0.96858435195062,0.));
#2698=DIRECTION('',(0.,0.,1.));
#2699=DIRECTION('center_axis',(-0.940288127010504,-0.340379550212816,0.));
#2700=DIRECTION('ref_axis',(0.340379550212816,-0.940288127010504,0.));
#2701=DIRECTION('',(0.340379550212816,-0.940288127010504,0.));
#2702=DIRECTION('',(0.,0.,1.));
#2703=DIRECTION('center_axis',(-0.340379550213061,0.940288127010415,0.));
#2704=DIRECTION('ref_axis',(-0.940288127010415,-0.340379550213061,0.));
#2705=DIRECTION('',(-0.940288127010415,-0.340379550213061,0.));
#2706=DIRECTION('center_axis',(-0.905568799011137,0.424199422745396,0.));
#2707=DIRECTION('ref_axis',(-0.424199422745396,-0.905568799011137,0.));
#2708=DIRECTION('',(0.,0.,1.));
#2709=DIRECTION('',(-0.424199422745396,-0.905568799011137,0.));
#2710=DIRECTION('',(0.,0.,1.));
#2711=DIRECTION('center_axis',(0.940288127010419,-0.340379550213051,0.));
#2712=DIRECTION('ref_axis',(0.340379550213051,0.940288127010419,0.));
#2713=DIRECTION('',(0.,0.,-1.));
#2714=DIRECTION('',(0.340379550213051,0.940288127010419,0.));
#2715=DIRECTION('center_axis',(0.,0.,1.));
#2716=DIRECTION('ref_axis',(-0.509045537343938,-0.860739589486984,0.));
#2717=DIRECTION('center_axis',(0.,0.,1.));
#2718=DIRECTION('ref_axis',(-0.509045537343938,-0.860739589486984,0.));
#2719=DIRECTION('',(0.,0.,1.));
#2720=DIRECTION('center_axis',(-0.905568799011034,0.424199422745616,0.));
#2721=DIRECTION('ref_axis',(-0.424199422745616,-0.905568799011034,0.));
#2722=DIRECTION('',(-0.424199422745616,-0.905568799011034,0.));
#2723=DIRECTION('',(0.,0.,1.));
#2724=DIRECTION('center_axis',(0.424199422745379,0.905568799011145,0.));
#2725=DIRECTION('ref_axis',(-0.905568799011145,0.424199422745379,0.));
#2726=DIRECTION('',(-0.905568799011145,0.424199422745379,0.));
#2727=DIRECTION('center_axis',(-0.340379550213044,0.940288127010421,0.));
#2728=DIRECTION('ref_axis',(-0.940288127010421,-0.340379550213044,0.));
#2729=DIRECTION('',(0.,0.,1.));
#2730=DIRECTION('',(-0.940288127010421,-0.340379550213044,0.));
#2731=DIRECTION('',(0.,0.,1.));
#2732=DIRECTION('center_axis',(0.42419942274539,-0.90556879901114,0.));
#2733=DIRECTION('ref_axis',(0.90556879901114,0.42419942274539,0.));
#2734=DIRECTION('',(0.,0.,-1.));
#2735=DIRECTION('',(0.90556879901114,0.42419942274539,0.));
#2736=DIRECTION('center_axis',(0.,0.,1.));
#2737=DIRECTION('ref_axis',(-0.96858435195062,-0.248685249173323,0.));
#2738=DIRECTION('center_axis',(0.,0.,1.));
#2739=DIRECTION('ref_axis',(-0.96858435195062,-0.248685249173323,0.));
#2740=DIRECTION('',(0.,0.,1.));
#2741=DIRECTION('center_axis',(-0.340379550212816,0.940288127010504,0.));
#2742=DIRECTION('ref_axis',(-0.940288127010504,-0.340379550212816,0.));
#2743=DIRECTION('',(-0.940288127010504,-0.340379550212816,0.));
#2744=DIRECTION('',(0.,0.,1.));
#2745=DIRECTION('center_axis',(0.940288127010415,0.340379550213061,0.));
#2746=DIRECTION('ref_axis',(-0.340379550213061,0.940288127010415,0.));
#2747=DIRECTION('',(-0.340379550213061,0.940288127010415,0.));
#2748=DIRECTION('center_axis',(0.424199422745396,0.905568799011137,0.));
#2749=DIRECTION('ref_axis',(-0.905568799011137,0.424199422745396,0.));
#2750=DIRECTION('',(0.,0.,1.));
#2751=DIRECTION('',(-0.905568799011137,0.424199422745396,0.));
#2752=DIRECTION('',(0.,0.,1.));
#2753=DIRECTION('center_axis',(-0.34037955021305,-0.940288127010419,0.));
#2754=DIRECTION('ref_axis',(0.940288127010419,-0.34037955021305,0.));
#2755=DIRECTION('',(0.,0.,-1.));
#2756=DIRECTION('',(0.940288127010419,-0.34037955021305,0.));
#2757=DIRECTION('center_axis',(0.,0.,1.));
#2758=DIRECTION('ref_axis',(-0.860739589486984,0.509045537343938,0.));
#2759=DIRECTION('center_axis',(0.,0.,1.));
#2760=DIRECTION('ref_axis',(-0.860739589486984,0.509045537343938,0.));
#2761=DIRECTION('',(0.,0.,1.));
#2762=DIRECTION('center_axis',(0.424199422745616,0.905568799011034,0.));
#2763=DIRECTION('ref_axis',(-0.905568799011034,0.424199422745616,0.));
#2764=DIRECTION('',(-0.905568799011034,0.424199422745616,0.));
#2765=DIRECTION('',(0.,0.,1.));
#2766=DIRECTION('center_axis',(0.905568799011145,-0.424199422745379,0.));
#2767=DIRECTION('ref_axis',(0.424199422745379,0.905568799011145,0.));
#2768=DIRECTION('',(0.424199422745379,0.905568799011145,0.));
#2769=DIRECTION('center_axis',(0.940288127010421,0.340379550213044,0.));
#2770=DIRECTION('ref_axis',(-0.340379550213044,0.940288127010421,0.));
#2771=DIRECTION('',(0.,0.,1.));
#2772=DIRECTION('',(-0.340379550213044,0.940288127010421,0.));
#2773=DIRECTION('',(0.,0.,1.));
#2774=DIRECTION('center_axis',(-0.90556879901114,-0.42419942274539,0.));
#2775=DIRECTION('ref_axis',(0.42419942274539,-0.90556879901114,0.));
#2776=DIRECTION('',(0.,0.,-1.));
#2777=DIRECTION('',(0.42419942274539,-0.90556879901114,0.));
#2778=DIRECTION('center_axis',(0.,0.,1.));
#2779=DIRECTION('ref_axis',(-0.248685249173323,0.96858435195062,0.));
#2780=DIRECTION('center_axis',(0.,0.,1.));
#2781=DIRECTION('ref_axis',(-0.248685249173323,0.96858435195062,0.));
#2782=DIRECTION('',(0.,0.,1.));
#2783=DIRECTION('center_axis',(0.940288127010504,0.340379550212816,0.));
#2784=DIRECTION('ref_axis',(-0.340379550212816,0.940288127010504,0.));
#2785=DIRECTION('',(-0.340379550212816,0.940288127010504,0.));
#2786=DIRECTION('',(0.,0.,1.));
#2787=DIRECTION('center_axis',(0.340379550213061,-0.940288127010415,0.));
#2788=DIRECTION('ref_axis',(0.940288127010415,0.340379550213061,0.));
#2789=DIRECTION('',(0.940288127010415,0.340379550213061,0.));
#2790=DIRECTION('center_axis',(0.,0.,1.));
#2791=DIRECTION('ref_axis',(1.,0.,0.));
#2792=DIRECTION('center_axis',(0.,0.,1.));
#2793=DIRECTION('ref_axis',(1.,0.,0.));
#2794=DIRECTION('',(0.,0.,-1.));
#2795=DIRECTION('center_axis',(0.,0.,1.));
#2796=DIRECTION('ref_axis',(1.,0.,0.));
#2797=DIRECTION('center_axis',(0.,0.,1.));
#2798=DIRECTION('ref_axis',(1.,0.,0.));
#2799=DIRECTION('center_axis',(0.,0.,1.));
#2800=DIRECTION('ref_axis',(-0.999999998856862,4.78150109305174E-5,0.));
#2801=DIRECTION('center_axis',(0.,0.,1.));
#2802=DIRECTION('ref_axis',(1.,0.,0.));
#2803=DIRECTION('center_axis',(0.,0.,1.));
#2804=DIRECTION('ref_axis',(1.,0.,0.));
#2805=DIRECTION('center_axis',(0.,0.,1.));
#2806=DIRECTION('ref_axis',(1.,0.,0.));
#2807=DIRECTION('center_axis',(0.,0.,1.));
#2808=DIRECTION('ref_axis',(1.,0.,0.));
#2809=DIRECTION('center_axis',(0.,0.,1.));
#2810=DIRECTION('ref_axis',(1.,0.,0.));
#2811=DIRECTION('center_axis',(0.,0.,1.));
#2812=DIRECTION('ref_axis',(1.,0.,0.));
#2813=DIRECTION('center_axis',(0.,0.,1.));
#2814=DIRECTION('ref_axis',(1.,0.,0.));
#2815=DIRECTION('center_axis',(0.,0.,1.));
#2816=DIRECTION('ref_axis',(1.,0.,0.));
#2817=DIRECTION('center_axis',(0.,0.,1.));
#2818=DIRECTION('ref_axis',(1.,0.,0.));
#2819=DIRECTION('center_axis',(0.,0.,1.));
#2820=DIRECTION('ref_axis',(1.,0.,0.));
#2821=DIRECTION('',(0.,0.,1.));
#2822=DIRECTION('center_axis',(0.,0.,1.));
#2823=DIRECTION('ref_axis',(1.,0.,0.));
#2824=DIRECTION('center_axis',(0.,0.,-1.));
#2825=DIRECTION('ref_axis',(-1.,0.,0.));
#2826=DIRECTION('center_axis',(0.,0.,1.));
#2827=DIRECTION('ref_axis',(0.509045537343938,0.860739589486984,0.));
#2828=DIRECTION('',(0.424199422745379,0.905568799011145,0.));
#2829=DIRECTION('center_axis',(0.,0.,1.));
#2830=DIRECTION('ref_axis',(0.92747760834188,-0.373878704962487,0.));
#2831=DIRECTION('center_axis',(0.,0.,1.));
#2832=DIRECTION('ref_axis',(0.92747760834188,-0.373878704962487,0.));
#2833=DIRECTION('',(0.,0.,1.));
#2834=DIRECTION('center_axis',(-0.340379550213052,-0.940288127010418,0.));
#2835=DIRECTION('ref_axis',(0.940288127010418,-0.340379550213052,0.));
#2836=DIRECTION('',(0.,0.,1.));
#2837=DIRECTION('',(0.940288127010418,-0.340379550213052,0.));
#2838=DIRECTION('center_axis',(0.905568799011137,-0.424199422745396,0.));
#2839=DIRECTION('ref_axis',(0.424199422745396,0.905568799011137,0.));
#2840=DIRECTION('',(0.,0.,1.));
#2841=DIRECTION('',(0.424199422745396,0.905568799011137,0.));
#2842=DIRECTION('center_axis',(-0.940288127010419,0.34037955021305,0.));
#2843=DIRECTION('ref_axis',(-0.34037955021305,-0.940288127010419,0.));
#2844=DIRECTION('',(-0.34037955021305,-0.940288127010419,0.));
#2845=DIRECTION('center_axis',(0.,0.,1.));
#2846=DIRECTION('ref_axis',(0.509045537343938,0.860739589486984,0.));
#2847=DIRECTION('center_axis',(0.,0.,1.));
#2848=DIRECTION('ref_axis',(0.509045537343938,0.860739589486984,0.));
#2849=DIRECTION('',(0.,0.,1.));
#2850=DIRECTION('center_axis',(0.905568799011034,-0.424199422745616,0.));
#2851=DIRECTION('ref_axis',(0.424199422745616,0.905568799011034,0.));
#2852=DIRECTION('',(0.424199422745616,0.905568799011034,0.));
#2853=DIRECTION('',(0.,0.,1.));
#2854=DIRECTION('center_axis',(-0.424199422745379,-0.905568799011145,0.));
#2855=DIRECTION('ref_axis',(0.905568799011145,-0.424199422745379,0.));
#2856=DIRECTION('',(0.905568799011145,-0.424199422745379,0.));
#2857=DIRECTION('center_axis',(0.,0.,1.));
#2858=DIRECTION('ref_axis',(1.,0.,0.));
#2859=DIRECTION('center_axis',(0.,0.,-1.));
#2860=DIRECTION('ref_axis',(1.,0.,0.));
#2861=DIRECTION('',(0.,0.,-1.));
#2862=DIRECTION('center_axis',(0.,0.,1.));
#2863=DIRECTION('ref_axis',(1.,0.,0.));
#2864=CARTESIAN_POINT('',(0.,0.,0.));
#2865=CARTESIAN_POINT('Origin',(32.,-5.87830463590729E-15,0.));
#2866=CARTESIAN_POINT('',(32.,1.59999999999999,0.));
#2867=CARTESIAN_POINT('Origin',(32.,-5.87830463590729E-15,0.));
#2868=CARTESIAN_POINT('',(32.,1.59999999999999,2.));
#2869=CARTESIAN_POINT('',(32.,1.59999999999999,0.));
#2870=CARTESIAN_POINT('Origin',(32.,-5.87830463590729E-15,2.));
#2871=CARTESIAN_POINT('Origin',(-3.91886975727153E-15,-32.,0.));
#2872=CARTESIAN_POINT('',(1.6,-32.,0.));
#2873=CARTESIAN_POINT('Origin',(-3.91886975727153E-15,-32.,0.));
#2874=CARTESIAN_POINT('',(1.6,-32.,2.));
#2875=CARTESIAN_POINT('',(1.6,-32.,0.));
#2876=CARTESIAN_POINT('Origin',(-3.91886975727153E-15,-32.,2.));
#2877=CARTESIAN_POINT('Origin',(-32.,1.95943487863577E-15,0.));
#2878=CARTESIAN_POINT('',(-32.,-1.6,0.));
#2879=CARTESIAN_POINT('Origin',(-32.,1.95943487863577E-15,0.));
#2880=CARTESIAN_POINT('',(-32.,-1.6,2.));
#2881=CARTESIAN_POINT('',(-32.,-1.6,0.));
#2882=CARTESIAN_POINT('Origin',(-32.,1.95943487863577E-15,2.));
#2883=CARTESIAN_POINT('Origin',(0.,32.,0.));
#2884=CARTESIAN_POINT('',(-1.6,32.,0.));
#2885=CARTESIAN_POINT('Origin',(0.,32.,0.));
#2886=CARTESIAN_POINT('',(-1.6,32.,2.));
#2887=CARTESIAN_POINT('',(-1.6,32.,0.));
#2888=CARTESIAN_POINT('Origin',(0.,32.,2.));
#2889=CARTESIAN_POINT('Origin',(0.,0.,0.));
#2890=CARTESIAN_POINT('',(-6.95299584348543,24.0136596294791,0.));
#2891=CARTESIAN_POINT('',(-6.95299584348543,24.0136596294791,2.));
#2892=CARTESIAN_POINT('',(-6.95299584348543,24.0136596294791,0.));
#2893=CARTESIAN_POINT('',(6.95437658890959,24.0132598007773,0.));
#2894=CARTESIAN_POINT('Origin',(0.,0.,0.));
#2895=CARTESIAN_POINT('',(6.95437658890959,24.0132598007773,2.));
#2896=CARTESIAN_POINT('',(6.95437658890959,24.0132598007773,0.));
#2897=CARTESIAN_POINT('Origin',(0.,0.,2.));
#2898=CARTESIAN_POINT('Origin',(0.,0.,0.));
#2899=CARTESIAN_POINT('',(-21.8967320756007,12.0637110546199,0.));
#2900=CARTESIAN_POINT('',(-21.8967320756007,12.0637110546199,2.));
#2901=CARTESIAN_POINT('',(-21.8967320756007,12.0637110546199,0.));
#2902=CARTESIAN_POINT('',(-12.062451998581,21.8974256884669,0.));
#2903=CARTESIAN_POINT('Origin',(0.,0.,0.));
#2904=CARTESIAN_POINT('',(-12.062451998581,21.8974256884669,2.));
#2905=CARTESIAN_POINT('',(-12.062451998581,21.8974256884669,0.));
#2906=CARTESIAN_POINT('Origin',(0.,0.,2.));
#2907=CARTESIAN_POINT('Origin',(0.,0.,0.));
#2908=CARTESIAN_POINT('',(-24.0136596294791,-6.95299584348543,0.));
#2909=CARTESIAN_POINT('',(-24.0136596294791,-6.95299584348543,2.));
#2910=CARTESIAN_POINT('',(-24.0136596294791,-6.95299584348543,0.));
#2911=CARTESIAN_POINT('',(-24.0132598007773,6.95437658890959,0.));
#2912=CARTESIAN_POINT('Origin',(0.,0.,0.));
#2913=CARTESIAN_POINT('',(-24.0132598007773,6.95437658890959,2.));
#2914=CARTESIAN_POINT('',(-24.0132598007773,6.95437658890959,0.));
#2915=CARTESIAN_POINT('Origin',(0.,0.,2.));
#2916=CARTESIAN_POINT('Origin',(0.,0.,0.));
#2917=CARTESIAN_POINT('',(-12.0637110546199,-21.8967320756007,0.));
#2918=CARTESIAN_POINT('',(-12.0637110546199,-21.8967320756007,2.));
#2919=CARTESIAN_POINT('',(-12.0637110546199,-21.8967320756007,0.));
#2920=CARTESIAN_POINT('',(-21.8974256884669,-12.062451998581,0.));
#2921=CARTESIAN_POINT('Origin',(0.,0.,0.));
#2922=CARTESIAN_POINT('',(-21.8974256884669,-12.062451998581,2.));
#2923=CARTESIAN_POINT('',(-21.8974256884669,-12.062451998581,0.));
#2924=CARTESIAN_POINT('Origin',(0.,0.,2.));
#2925=CARTESIAN_POINT('Origin',(0.,0.,0.));
#2926=CARTESIAN_POINT('',(6.95299584348543,-24.0136596294791,0.));
#2927=CARTESIAN_POINT('',(6.95299584348543,-24.0136596294791,2.));
#2928=CARTESIAN_POINT('',(6.95299584348543,-24.0136596294791,0.));
#2929=CARTESIAN_POINT('',(-6.95437658890959,-24.0132598007773,0.));
#2930=CARTESIAN_POINT('Origin',(0.,0.,0.));
#2931=CARTESIAN_POINT('',(-6.95437658890959,-24.0132598007773,2.));
#2932=CARTESIAN_POINT('',(-6.95437658890959,-24.0132598007773,0.));
#2933=CARTESIAN_POINT('Origin',(0.,0.,2.));
#2934=CARTESIAN_POINT('Origin',(0.,0.,0.));
#2935=CARTESIAN_POINT('',(21.8967320756007,-12.0637110546199,0.));
#2936=CARTESIAN_POINT('',(21.8967320756007,-12.0637110546199,2.));
#2937=CARTESIAN_POINT('',(21.8967320756007,-12.0637110546199,0.));
#2938=CARTESIAN_POINT('',(12.062451998581,-21.8974256884669,0.));
#2939=CARTESIAN_POINT('Origin',(0.,0.,0.));
#2940=CARTESIAN_POINT('',(12.062451998581,-21.8974256884669,2.));
#2941=CARTESIAN_POINT('',(12.062451998581,-21.8974256884669,0.));
#2942=CARTESIAN_POINT('Origin',(0.,0.,2.));
#2943=CARTESIAN_POINT('Origin',(0.,0.,0.));
#2944=CARTESIAN_POINT('',(24.0136596294791,6.95299584348543,0.));
#2945=CARTESIAN_POINT('',(24.0136596294791,6.95299584348543,2.));
#2946=CARTESIAN_POINT('',(24.0136596294791,6.95299584348543,0.));
#2947=CARTESIAN_POINT('',(24.0132598007773,-6.95437658890959,0.));
#2948=CARTESIAN_POINT('Origin',(0.,0.,0.));
#2949=CARTESIAN_POINT('',(24.0132598007773,-6.95437658890959,2.));
#2950=CARTESIAN_POINT('',(24.0132598007773,-6.95437658890959,0.));
#2951=CARTESIAN_POINT('Origin',(0.,0.,2.));
#2952=CARTESIAN_POINT('Origin',(0.,0.,0.));
#2953=CARTESIAN_POINT('',(21.8974256884669,12.062451998581,2.));
#2954=CARTESIAN_POINT('',(21.8974256884669,12.062451998581,0.));
#2955=CARTESIAN_POINT('',(21.8974256884669,12.062451998581,0.));
#2956=CARTESIAN_POINT('',(12.0637110546199,21.8967320756007,2.));
#2957=CARTESIAN_POINT('Origin',(0.,0.,2.));
#2958=CARTESIAN_POINT('',(12.0637110546199,21.8967320756007,0.));
#2959=CARTESIAN_POINT('',(12.0637110546199,21.8967320756007,0.));
#2960=CARTESIAN_POINT('Origin',(0.,0.,0.));
#2961=CARTESIAN_POINT('Origin',(0.,0.,0.));
#2962=CARTESIAN_POINT('',(-36.6,-4.48220728487931E-15,2.));
#2963=CARTESIAN_POINT('Origin',(0.,0.,2.));
#2964=CARTESIAN_POINT('',(-36.6,-4.48220728487931E-15,0.));
#2965=CARTESIAN_POINT('',(-36.6,-4.48220728487931E-15,0.));
#2966=CARTESIAN_POINT('Origin',(0.,0.,0.));
#2967=CARTESIAN_POINT('Origin',(0.,0.,2.));
#2968=CARTESIAN_POINT('',(26.3826049681206,14.1634634992158,2.));
#2969=CARTESIAN_POINT('',(7.0489841671091,5.10693373325794,2.));
#2970=CARTESIAN_POINT('',(28.6708760422905,8.63888464959005,2.));
#2971=CARTESIAN_POINT('Origin',(27.5004299617658,11.3902762924837,2.));
#2972=CARTESIAN_POINT('',(8.12587007354058,1.20169631350018,2.));
#2973=CARTESIAN_POINT('',(28.6703999637076,-8.64023779294029,2.));
#2974=CARTESIAN_POINT('',(8.59553197889647,-1.37323703118244,2.));
#2975=CARTESIAN_POINT('',(26.381984789676,-14.1647569544491,2.));
#2976=CARTESIAN_POINT('Origin',(27.4998821175139,-11.3915989055067,2.));
#2977=CARTESIAN_POINT('',(6.59558544424422,-4.89613021983852,2.));
#2978=CARTESIAN_POINT('',(14.1634634992158,-26.3826049681206,2.));
#2979=CARTESIAN_POINT('',(5.10693373325794,-7.0489841671091,2.));
#2980=CARTESIAN_POINT('',(8.63888464959006,-28.6708760422905,2.));
#2981=CARTESIAN_POINT('Origin',(11.3902762924837,-27.5004299617658,2.));
#2982=CARTESIAN_POINT('',(1.20169631350018,-8.12587007354058,2.));
#2983=CARTESIAN_POINT('',(-8.64023779294029,-28.6703999637076,2.));
#2984=CARTESIAN_POINT('',(-1.37323703118244,-8.59553197889647,2.));
#2985=CARTESIAN_POINT('',(-14.1647569544491,-26.381984789676,2.));
#2986=CARTESIAN_POINT('Origin',(-11.3915989055067,-27.4998821175139,2.));
#2987=CARTESIAN_POINT('',(-4.89613021983852,-6.59558544424422,2.));
#2988=CARTESIAN_POINT('',(-26.3826049681206,-14.1634634992158,2.));
#2989=CARTESIAN_POINT('',(-7.0489841671091,-5.10693373325794,2.));
#2990=CARTESIAN_POINT('',(-28.6708760422905,-8.63888464959006,2.));
#2991=CARTESIAN_POINT('Origin',(-27.5004299617658,-11.3902762924837,2.));
#2992=CARTESIAN_POINT('',(-8.12587007354058,-1.20169631350018,2.));
#2993=CARTESIAN_POINT('',(-28.6703999637076,8.64023779294028,2.));
#2994=CARTESIAN_POINT('',(-8.59553197889647,1.37323703118243,2.));
#2995=CARTESIAN_POINT('',(-26.381984789676,14.164756954449,2.));
#2996=CARTESIAN_POINT('Origin',(-27.4998821175139,11.3915989055067,2.));
#2997=CARTESIAN_POINT('',(-6.59558544424422,4.89613021983852,2.));
#2998=CARTESIAN_POINT('',(-14.1634634992158,26.3826049681206,2.));
#2999=CARTESIAN_POINT('',(-5.10693373325794,7.0489841671091,2.));
#3000=CARTESIAN_POINT('',(-8.63888464959006,28.6708760422905,2.));
#3001=CARTESIAN_POINT('Origin',(-11.3902762924837,27.5004299617658,2.));
#3002=CARTESIAN_POINT('',(-1.20169631350018,8.12587007354058,2.));
#3003=CARTESIAN_POINT('',(8.64023779294028,28.6703999637076,2.));
#3004=CARTESIAN_POINT('',(1.37323703118243,8.59553197889647,2.));
#3005=CARTESIAN_POINT('',(14.164756954449,26.381984789676,2.));
#3006=CARTESIAN_POINT('Origin',(11.3915989055067,27.4998821175139,2.));
#3007=CARTESIAN_POINT('',(4.89613021983852,6.59558544424423,2.));
#3008=CARTESIAN_POINT('Origin',(14.7913243407779,8.73371088807501,0.));
#3009=CARTESIAN_POINT('',(13.8857555417667,8.30951146532962,0.));
#3010=CARTESIAN_POINT('',(13.9934387586857,8.35995397009158,0.));
#3011=CARTESIAN_POINT('',(13.8857555417667,8.30951146532962,168.));
#3012=CARTESIAN_POINT('',(13.8857555417667,8.30951146532962,0.));
#3013=CARTESIAN_POINT('',(14.7913243407779,8.73371088807502,168.));
#3014=CARTESIAN_POINT('',(13.9934387586857,8.35995397009158,168.));
#3015=CARTESIAN_POINT('',(14.7913243407779,8.733710888075,4.));
#3016=CARTESIAN_POINT('',(14.7913243407779,8.73371088807502,0.));
#3017=CARTESIAN_POINT('',(26.3826049681206,14.1634634992158,4.));
#3018=CARTESIAN_POINT('',(17.4545629978734,9.98126303674304,4.));
#3019=CARTESIAN_POINT('',(26.3826049681206,14.1634634992158,0.));
#3020=CARTESIAN_POINT('Origin',(16.6347119379743,-4.28337955021305,0.));
#3021=CARTESIAN_POINT('',(15.6944238109639,-3.943,0.));
#3022=CARTESIAN_POINT('',(15.8062355810445,-3.98347529572618,0.));
#3023=CARTESIAN_POINT('',(15.6944238109639,-3.943,168.));
#3024=CARTESIAN_POINT('',(15.6944238109639,-3.943,0.));
#3025=CARTESIAN_POINT('',(16.6347119379743,-4.28337955021305,168.));
#3026=CARTESIAN_POINT('',(15.8062355810445,-3.98347529572618,168.));
#3027=CARTESIAN_POINT('',(16.6347119379743,-4.28337955021307,4.));
#3028=CARTESIAN_POINT('',(16.6347119379743,-4.28337955021305,0.));
#3029=CARTESIAN_POINT('',(28.6703999637076,-8.64023779294029,4.));
#3030=CARTESIAN_POINT('',(19.4000586365317,-5.28442108035645,4.));
#3031=CARTESIAN_POINT('',(28.6703999637076,-8.64023779294029,0.));
#3032=CARTESIAN_POINT('Origin',(8.73371088807501,-14.7913243407779,0.));
#3033=CARTESIAN_POINT('',(8.30951146532962,-13.8857555417667,0.));
#3034=CARTESIAN_POINT('',(8.35995397009158,-13.9934387586857,0.));
#3035=CARTESIAN_POINT('',(8.30951146532962,-13.8857555417667,168.));
#3036=CARTESIAN_POINT('',(8.30951146532962,-13.8857555417667,0.));
#3037=CARTESIAN_POINT('',(8.73371088807502,-14.7913243407779,168.));
#3038=CARTESIAN_POINT('',(8.35995397009158,-13.9934387586857,168.));
#3039=CARTESIAN_POINT('',(8.733710888075,-14.7913243407779,4.));
#3040=CARTESIAN_POINT('',(8.73371088807502,-14.7913243407779,0.));
#3041=CARTESIAN_POINT('',(14.1634634992158,-26.3826049681206,4.));
#3042=CARTESIAN_POINT('',(9.98126303674305,-17.4545629978734,4.));
#3043=CARTESIAN_POINT('',(14.1634634992158,-26.3826049681206,0.));
#3044=CARTESIAN_POINT('Origin',(-4.28337955021305,-16.6347119379743,0.));
#3045=CARTESIAN_POINT('',(-3.943,-15.6944238109639,0.));
#3046=CARTESIAN_POINT('',(-3.98347529572618,-15.8062355810445,0.));
#3047=CARTESIAN_POINT('',(-3.943,-15.6944238109639,168.));
#3048=CARTESIAN_POINT('',(-3.943,-15.6944238109639,0.));
#3049=CARTESIAN_POINT('',(-4.28337955021305,-16.6347119379743,168.));
#3050=CARTESIAN_POINT('',(-3.98347529572618,-15.8062355810445,168.));
#3051=CARTESIAN_POINT('',(-4.28337955021307,-16.6347119379743,4.));
#3052=CARTESIAN_POINT('',(-4.28337955021305,-16.6347119379743,0.));
#3053=CARTESIAN_POINT('',(-8.64023779294029,-28.6703999637076,4.));
#3054=CARTESIAN_POINT('',(-5.28442108035645,-19.4000586365317,4.));
#3055=CARTESIAN_POINT('',(-8.64023779294029,-28.6703999637076,0.));
#3056=CARTESIAN_POINT('Origin',(-14.7913243407779,-8.73371088807501,0.));
#3057=CARTESIAN_POINT('',(-13.8857555417667,-8.30951146532962,0.));
#3058=CARTESIAN_POINT('',(-13.9934387586857,-8.35995397009158,0.));
#3059=CARTESIAN_POINT('',(-13.8857555417667,-8.30951146532962,168.));
#3060=CARTESIAN_POINT('',(-13.8857555417667,-8.30951146532962,0.));
#3061=CARTESIAN_POINT('',(-14.7913243407779,-8.73371088807502,168.));
#3062=CARTESIAN_POINT('',(-13.9934387586857,-8.35995397009158,168.));
#3063=CARTESIAN_POINT('',(-14.7913243407779,-8.733710888075,4.));
#3064=CARTESIAN_POINT('',(-14.7913243407779,-8.73371088807502,0.));
#3065=CARTESIAN_POINT('',(-26.3826049681206,-14.1634634992158,4.));
#3066=CARTESIAN_POINT('',(-17.4545629978734,-9.98126303674305,4.));
#3067=CARTESIAN_POINT('',(-26.3826049681206,-14.1634634992158,0.));
#3068=CARTESIAN_POINT('Origin',(-16.6347119379743,4.28337955021305,0.));
#3069=CARTESIAN_POINT('',(-15.6944238109639,3.943,0.));
#3070=CARTESIAN_POINT('',(-15.8062355810445,3.98347529572618,0.));
#3071=CARTESIAN_POINT('',(-15.6944238109639,3.943,168.));
#3072=CARTESIAN_POINT('',(-15.6944238109639,3.943,0.));
#3073=CARTESIAN_POINT('',(-16.6347119379743,4.28337955021304,168.));
#3074=CARTESIAN_POINT('',(-15.8062355810445,3.98347529572618,168.));
#3075=CARTESIAN_POINT('',(-16.6347119379743,4.28337955021306,4.));
#3076=CARTESIAN_POINT('',(-16.6347119379743,4.28337955021304,0.));
#3077=CARTESIAN_POINT('',(-28.6703999637076,8.64023779294028,4.));
#3078=CARTESIAN_POINT('',(-19.4000586365317,5.28442108035644,4.));
#3079=CARTESIAN_POINT('',(-28.6703999637076,8.64023779294028,0.));
#3080=CARTESIAN_POINT('Origin',(-8.73371088807501,14.7913243407779,0.));
#3081=CARTESIAN_POINT('',(-8.30951146532962,13.8857555417667,0.));
#3082=CARTESIAN_POINT('',(-8.35995397009158,13.9934387586857,0.));
#3083=CARTESIAN_POINT('',(-8.30951146532962,13.8857555417667,168.));
#3084=CARTESIAN_POINT('',(-8.30951146532962,13.8857555417667,0.));
#3085=CARTESIAN_POINT('',(-8.73371088807502,14.7913243407779,168.));
#3086=CARTESIAN_POINT('',(-8.35995397009158,13.9934387586857,168.));
#3087=CARTESIAN_POINT('',(-8.733710888075,14.7913243407779,4.));
#3088=CARTESIAN_POINT('',(-8.73371088807502,14.7913243407779,0.));
#3089=CARTESIAN_POINT('',(-14.1634634992158,26.3826049681206,4.));
#3090=CARTESIAN_POINT('',(-9.98126303674305,17.4545629978734,4.));
#3091=CARTESIAN_POINT('',(-14.1634634992158,26.3826049681206,0.));
#3092=CARTESIAN_POINT('Origin',(4.28337955021305,16.6347119379743,0.));
#3093=CARTESIAN_POINT('',(3.943,15.6944238109639,0.));
#3094=CARTESIAN_POINT('',(3.98347529572618,15.8062355810445,0.));
#3095=CARTESIAN_POINT('',(3.943,15.6944238109639,168.));
#3096=CARTESIAN_POINT('',(3.943,15.6944238109639,0.));
#3097=CARTESIAN_POINT('',(4.28337955021304,16.6347119379743,168.));
#3098=CARTESIAN_POINT('',(3.98347529572618,15.8062355810445,168.));
#3099=CARTESIAN_POINT('',(4.28337955021307,16.6347119379743,4.));
#3100=CARTESIAN_POINT('',(4.28337955021304,16.6347119379743,0.));
#3101=CARTESIAN_POINT('',(8.64023779294028,28.6703999637076,4.));
#3102=CARTESIAN_POINT('',(5.28442108035644,19.4000586365317,4.));
#3103=CARTESIAN_POINT('',(8.64023779294028,28.6703999637076,0.));
#3104=CARTESIAN_POINT('Origin',(0.,0.,0.));
#3105=CARTESIAN_POINT('',(15.6948998895468,3.94164685664981,0.));
#3106=CARTESIAN_POINT('',(16.2805131894768,4.15363591181588,0.));
#3107=CARTESIAN_POINT('',(15.1843305642272,5.35207904716542,0.));
#3108=CARTESIAN_POINT('',(15.3047452185273,5.0194372369111,0.));
#3109=CARTESIAN_POINT('',(14.1500136245157,4.97766154193107,0.));
#3110=CARTESIAN_POINT('',(15.2997998006522,5.3938783272252,0.));
#3111=CARTESIAN_POINT('',(14.1495375459328,-4.97901468528127,0.));
#3112=CARTESIAN_POINT('Origin',(0.,0.,0.));
#3113=CARTESIAN_POINT('',(15.1838544856443,-5.35343219051563,0.));
#3114=CARTESIAN_POINT('',(14.7785077858692,-5.20669873362464,0.));
#3115=CARTESIAN_POINT('',(15.0201206618671,-5.80574188535874,0.));
#3116=CARTESIAN_POINT('',(13.8851353633222,-8.31080492056281,0.));
#3117=CARTESIAN_POINT('',(14.4491253973011,-8.57499715765111,0.));
#3118=CARTESIAN_POINT('',(14.5214344974403,-6.95245172204611,0.));
#3119=CARTESIAN_POINT('',(14.3713672363131,-7.27281102039292,0.));
#3120=CARTESIAN_POINT('',(13.5253088185281,-6.48583235702617,0.));
#3121=CARTESIAN_POINT('',(14.6326401319139,-7.0045442477617,0.));
#3122=CARTESIAN_POINT('',(6.48453890179298,-13.5259289969726,0.));
#3123=CARTESIAN_POINT('Origin',(0.,0.,0.));
#3124=CARTESIAN_POINT('',(6.95115826681291,-14.5220546758848,0.));
#3125=CARTESIAN_POINT('',(6.76829108906491,-14.1316750533477,0.));
#3126=CARTESIAN_POINT('',(6.51554971729048,-14.7261086312024,0.));
#3127=CARTESIAN_POINT('',(3.94164685664981,-15.6948998895468,0.));
#3128=CARTESIAN_POINT('',(4.15363591181588,-16.2805131894768,0.));
#3129=CARTESIAN_POINT('',(5.35207904716542,-15.1843305642272,0.));
#3130=CARTESIAN_POINT('',(5.0194372369111,-15.3047452185273,0.));
#3131=CARTESIAN_POINT('',(4.97766154193107,-14.1500136245157,0.));
#3132=CARTESIAN_POINT('',(5.39387832722521,-15.2997998006522,0.));
#3133=CARTESIAN_POINT('',(-4.97901468528127,-14.1495375459328,0.));
#3134=CARTESIAN_POINT('Origin',(0.,0.,0.));
#3135=CARTESIAN_POINT('',(-5.35343219051563,-15.1838544856443,0.));
#3136=CARTESIAN_POINT('',(-5.20669873362464,-14.7785077858692,0.));
#3137=CARTESIAN_POINT('',(-5.80574188535874,-15.0201206618671,0.));
#3138=CARTESIAN_POINT('',(-8.31080492056281,-13.8851353633222,0.));
#3139=CARTESIAN_POINT('',(-8.57499715765111,-14.4491253973011,0.));
#3140=CARTESIAN_POINT('',(-6.95245172204611,-14.5214344974403,0.));
#3141=CARTESIAN_POINT('',(-7.27281102039292,-14.3713672363131,0.));
#3142=CARTESIAN_POINT('',(-6.48583235702617,-13.5253088185281,0.));
#3143=CARTESIAN_POINT('',(-7.0045442477617,-14.6326401319139,0.));
#3144=CARTESIAN_POINT('',(-13.5259289969726,-6.48453890179298,0.));
#3145=CARTESIAN_POINT('Origin',(0.,0.,0.));
#3146=CARTESIAN_POINT('',(-14.5220546758848,-6.95115826681291,0.));
#3147=CARTESIAN_POINT('',(-14.1316750533477,-6.76829108906491,0.));
#3148=CARTESIAN_POINT('',(-14.7261086312024,-6.51554971729048,0.));
#3149=CARTESIAN_POINT('',(-15.6948998895468,-3.94164685664981,0.));
#3150=CARTESIAN_POINT('',(-16.2805131894768,-4.15363591181588,0.));
#3151=CARTESIAN_POINT('',(-15.1843305642272,-5.35207904716542,0.));
#3152=CARTESIAN_POINT('',(-15.3047452185273,-5.0194372369111,0.));
#3153=CARTESIAN_POINT('',(-14.1500136245157,-4.97766154193107,0.));
#3154=CARTESIAN_POINT('',(-15.2997998006522,-5.39387832722521,0.));
#3155=CARTESIAN_POINT('',(-14.1495375459328,4.97901468528127,0.));
#3156=CARTESIAN_POINT('Origin',(0.,0.,0.));
#3157=CARTESIAN_POINT('',(-15.1838544856443,5.35343219051563,0.));
#3158=CARTESIAN_POINT('',(-14.7785077858692,5.20669873362463,0.));
#3159=CARTESIAN_POINT('',(-15.0201206618671,5.80574188535874,0.));
#3160=CARTESIAN_POINT('',(-13.8851353633222,8.3108049205628,0.));
#3161=CARTESIAN_POINT('',(-14.4491253973011,8.57499715765111,0.));
#3162=CARTESIAN_POINT('',(-14.5214344974403,6.9524517220461,0.));
#3163=CARTESIAN_POINT('',(-14.3713672363131,7.27281102039291,0.));
#3164=CARTESIAN_POINT('',(-13.5253088185281,6.48583235702617,0.));
#3165=CARTESIAN_POINT('',(-14.6326401319139,7.00454424776169,0.));
#3166=CARTESIAN_POINT('',(-6.48453890179298,13.5259289969726,0.));
#3167=CARTESIAN_POINT('Origin',(0.,0.,0.));
#3168=CARTESIAN_POINT('',(-6.95115826681291,14.5220546758848,0.));
#3169=CARTESIAN_POINT('',(-6.76829108906491,14.1316750533477,0.));
#3170=CARTESIAN_POINT('',(-6.51554971729048,14.7261086312024,0.));
#3171=CARTESIAN_POINT('',(-3.94164685664981,15.6948998895468,0.));
#3172=CARTESIAN_POINT('',(-4.15363591181588,16.2805131894768,0.));
#3173=CARTESIAN_POINT('',(-5.35207904716542,15.1843305642272,0.));
#3174=CARTESIAN_POINT('',(-5.0194372369111,15.3047452185273,0.));
#3175=CARTESIAN_POINT('',(-4.97766154193107,14.1500136245157,0.));
#3176=CARTESIAN_POINT('',(-5.39387832722521,15.2997998006522,0.));
#3177=CARTESIAN_POINT('',(4.97901468528127,14.1495375459328,0.));
#3178=CARTESIAN_POINT('Origin',(0.,0.,0.));
#3179=CARTESIAN_POINT('',(5.35343219051563,15.1838544856443,0.));
#3180=CARTESIAN_POINT('',(5.20669873362463,14.7785077858692,0.));
#3181=CARTESIAN_POINT('',(5.80574188535874,15.0201206618671,0.));
#3182=CARTESIAN_POINT('',(8.3108049205628,13.8851353633223,0.));
#3183=CARTESIAN_POINT('',(8.57499715765111,14.4491253973011,0.));
#3184=CARTESIAN_POINT('',(6.9524517220461,14.5214344974403,0.));
#3185=CARTESIAN_POINT('',(7.27281102039291,14.3713672363131,0.));
#3186=CARTESIAN_POINT('',(6.48583235702617,13.5253088185281,0.));
#3187=CARTESIAN_POINT('',(7.00454424776169,14.6326401319139,0.));
#3188=CARTESIAN_POINT('',(13.5259289969726,6.48453890179298,0.));
#3189=CARTESIAN_POINT('Origin',(0.,0.,0.));
#3190=CARTESIAN_POINT('',(14.5220546758848,6.95115826681291,0.));
#3191=CARTESIAN_POINT('',(14.1316750533477,6.7682910890649,0.));
#3192=CARTESIAN_POINT('',(14.7261086312024,6.51554971729048,0.));
#3193=CARTESIAN_POINT('',(-13.,-1.59204083889156E-15,0.));
#3194=CARTESIAN_POINT('Origin',(0.,0.,0.));
#3195=CARTESIAN_POINT('Origin',(22.1676619622892,9.21021381368173,4.));
#3196=CARTESIAN_POINT('',(16.6351880165572,4.28202640686288,4.));
#3197=CARTESIAN_POINT('Origin',(0.0723955982016871,0.029508645998805,4.));
#3198=CARTESIAN_POINT('',(28.6708760422905,8.63888464959005,4.));
#3199=CARTESIAN_POINT('',(25.887422800157,7.63128864217393,4.));
#3200=CARTESIAN_POINT('Origin',(27.5004299617658,11.3902762924837,4.));
#3201=CARTESIAN_POINT('Origin',(27.5004299617658,11.3902762924837,0.));
#3202=CARTESIAN_POINT('',(28.6708760422905,8.63888464959005,0.));
#3203=CARTESIAN_POINT('Origin',(22.1875087404181,-9.16229945275342,4.));
#3204=CARTESIAN_POINT('',(14.7907041623334,-8.7350043433082,4.));
#3205=CARTESIAN_POINT('Origin',(0.0720571821058579,-0.0303256547270812,
4.));
#3206=CARTESIAN_POINT('',(26.381984789676,-14.1647569544491,4.));
#3207=CARTESIAN_POINT('',(23.7013081575073,-12.9090362613612,4.));
#3208=CARTESIAN_POINT('Origin',(27.4998821175139,-11.3915989055067,4.));
#3209=CARTESIAN_POINT('Origin',(27.4998821175139,-11.3915989055067,0.));
#3210=CARTESIAN_POINT('',(26.381984789676,-14.1647569544491,0.));
#3211=CARTESIAN_POINT('Origin',(9.21021381368173,-22.1676619622892,4.));
#3212=CARTESIAN_POINT('',(4.28202640686288,-16.6351880165572,4.));
#3213=CARTESIAN_POINT('Origin',(0.029508645998805,-0.0723955982016871,4.));
#3214=CARTESIAN_POINT('',(8.63888464959006,-28.6708760422905,4.));
#3215=CARTESIAN_POINT('',(7.63128864217393,-25.887422800157,4.));
#3216=CARTESIAN_POINT('Origin',(11.3902762924837,-27.5004299617658,4.));
#3217=CARTESIAN_POINT('Origin',(11.3902762924837,-27.5004299617658,0.));
#3218=CARTESIAN_POINT('',(8.63888464959006,-28.6708760422905,0.));
#3219=CARTESIAN_POINT('Origin',(-9.16229945275342,-22.1875087404181,4.));
#3220=CARTESIAN_POINT('',(-8.7350043433082,-14.7907041623334,4.));
#3221=CARTESIAN_POINT('Origin',(-0.0303256547270812,-0.0720571821058579,
4.));
#3222=CARTESIAN_POINT('',(-14.1647569544491,-26.381984789676,4.));
#3223=CARTESIAN_POINT('',(-12.9090362613612,-23.7013081575073,4.));
#3224=CARTESIAN_POINT('Origin',(-11.3915989055067,-27.4998821175139,4.));
#3225=CARTESIAN_POINT('Origin',(-11.3915989055067,-27.4998821175139,0.));
#3226=CARTESIAN_POINT('',(-14.1647569544491,-26.381984789676,0.));
#3227=CARTESIAN_POINT('Origin',(-22.1676619622892,-9.21021381368173,4.));
#3228=CARTESIAN_POINT('',(-16.6351880165572,-4.28202640686288,4.));
#3229=CARTESIAN_POINT('Origin',(-0.0723955982016871,-0.029508645998805,
4.));
#3230=CARTESIAN_POINT('',(-28.6708760422905,-8.63888464959006,4.));
#3231=CARTESIAN_POINT('',(-25.887422800157,-7.63128864217393,4.));
#3232=CARTESIAN_POINT('Origin',(-27.5004299617658,-11.3902762924837,4.));
#3233=CARTESIAN_POINT('Origin',(-27.5004299617658,-11.3902762924837,0.));
#3234=CARTESIAN_POINT('',(-28.6708760422905,-8.63888464959006,0.));
#3235=CARTESIAN_POINT('Origin',(-22.1875087404181,9.16229945275341,4.));
#3236=CARTESIAN_POINT('',(-14.7907041623334,8.73500434330819,4.));
#3237=CARTESIAN_POINT('Origin',(-0.0720571821058579,0.0303256547270812,
4.));
#3238=CARTESIAN_POINT('',(-26.381984789676,14.164756954449,4.));
#3239=CARTESIAN_POINT('',(-23.7013081575073,12.9090362613612,4.));
#3240=CARTESIAN_POINT('Origin',(-27.4998821175139,11.3915989055067,4.));
#3241=CARTESIAN_POINT('Origin',(-27.4998821175139,11.3915989055067,0.));
#3242=CARTESIAN_POINT('',(-26.381984789676,14.164756954449,0.));
#3243=CARTESIAN_POINT('Origin',(-9.21021381368173,22.1676619622892,4.));
#3244=CARTESIAN_POINT('',(-4.28202640686288,16.6351880165572,4.));
#3245=CARTESIAN_POINT('Origin',(-0.029508645998805,0.0723955982016871,4.));
#3246=CARTESIAN_POINT('',(-8.63888464959006,28.6708760422905,4.));
#3247=CARTESIAN_POINT('',(-7.63128864217393,25.887422800157,4.));
#3248=CARTESIAN_POINT('Origin',(-11.3902762924837,27.5004299617658,4.));
#3249=CARTESIAN_POINT('Origin',(-11.3902762924837,27.5004299617658,0.));
#3250=CARTESIAN_POINT('',(-8.63888464959006,28.6708760422905,0.));
#3251=CARTESIAN_POINT('Origin',(13.8857555417667,8.30951146532962,0.));
#3252=CARTESIAN_POINT('',(14.5220546758848,6.95115826681291,168.));
#3253=CARTESIAN_POINT('',(14.5220546758848,6.95115826681291,0.));
#3254=CARTESIAN_POINT('',(14.7261086312024,6.51554971729048,168.));
#3255=CARTESIAN_POINT('Origin',(15.6944238109639,-3.943,0.));
#3256=CARTESIAN_POINT('',(15.1838544856443,-5.35343219051563,168.));
#3257=CARTESIAN_POINT('',(15.1838544856443,-5.35343219051563,0.));
#3258=CARTESIAN_POINT('',(15.0201206618671,-5.80574188535874,168.));
#3259=CARTESIAN_POINT('Origin',(8.30951146532962,-13.8857555417667,0.));
#3260=CARTESIAN_POINT('',(6.95115826681291,-14.5220546758848,168.));
#3261=CARTESIAN_POINT('',(6.95115826681291,-14.5220546758848,0.));
#3262=CARTESIAN_POINT('',(6.51554971729048,-14.7261086312024,168.));
#3263=CARTESIAN_POINT('Origin',(-3.943,-15.6944238109639,0.));
#3264=CARTESIAN_POINT('',(-5.35343219051563,-15.1838544856443,168.));
#3265=CARTESIAN_POINT('',(-5.35343219051563,-15.1838544856443,0.));
#3266=CARTESIAN_POINT('',(-5.80574188535874,-15.0201206618671,168.));
#3267=CARTESIAN_POINT('Origin',(-13.8857555417667,-8.30951146532962,0.));
#3268=CARTESIAN_POINT('',(-14.5220546758848,-6.95115826681291,168.));
#3269=CARTESIAN_POINT('',(-14.5220546758848,-6.95115826681291,0.));
#3270=CARTESIAN_POINT('',(-14.7261086312024,-6.51554971729048,168.));
#3271=CARTESIAN_POINT('Origin',(-15.6944238109639,3.943,0.));
#3272=CARTESIAN_POINT('',(-15.1838544856443,5.35343219051563,168.));
#3273=CARTESIAN_POINT('',(-15.1838544856443,5.35343219051563,0.));
#3274=CARTESIAN_POINT('',(-15.0201206618671,5.80574188535874,168.));
#3275=CARTESIAN_POINT('Origin',(-8.30951146532962,13.8857555417667,0.));
#3276=CARTESIAN_POINT('',(-6.95115826681291,14.5220546758848,168.));
#3277=CARTESIAN_POINT('',(-6.95115826681291,14.5220546758848,0.));
#3278=CARTESIAN_POINT('',(-6.51554971729048,14.7261086312024,168.));
#3279=CARTESIAN_POINT('Origin',(14.1500136245157,4.97766154193107,0.));
#3280=CARTESIAN_POINT('',(15.1843305642272,5.35207904716542,168.));
#3281=CARTESIAN_POINT('',(15.1843305642272,5.35207904716542,0.));
#3282=CARTESIAN_POINT('',(14.1500136245157,4.97766154193107,168.));
#3283=CARTESIAN_POINT('',(15.2997998006522,5.3938783272252,168.));
#3284=CARTESIAN_POINT('',(14.1500136245157,4.97766154193106,0.));
#3285=CARTESIAN_POINT('Origin',(14.5220546758848,6.95115826681291,0.));
#3286=CARTESIAN_POINT('',(13.5259289969726,6.48453890179298,168.));
#3287=CARTESIAN_POINT('',(13.5259289969723,6.48453890179284,0.));
#3288=CARTESIAN_POINT('',(14.1316750533477,6.7682910890649,168.));
#3289=CARTESIAN_POINT('Origin',(0.0723955982016871,0.029508645998805,0.));
#3290=CARTESIAN_POINT('',(16.6351880165573,4.28202640686263,168.));
#3291=CARTESIAN_POINT('Origin',(0.0723955982016871,0.029508645998805,168.));
#3292=CARTESIAN_POINT('',(16.6351880165573,4.28202640686263,0.));
#3293=CARTESIAN_POINT('Origin',(15.6948998895468,3.94164685664981,0.));
#3294=CARTESIAN_POINT('',(15.6948998895468,3.94164685664981,168.));
#3295=CARTESIAN_POINT('',(16.2805131894768,4.15363591181588,168.));
#3296=CARTESIAN_POINT('',(15.6948998895468,3.94164685664981,0.));
#3297=CARTESIAN_POINT('Origin',(15.1843305642272,5.35207904716542,0.));
#3298=CARTESIAN_POINT('',(15.3047452185273,5.0194372369111,168.));
#3299=CARTESIAN_POINT('Origin',(13.5253088185281,-6.48583235702617,0.));
#3300=CARTESIAN_POINT('',(14.5214344974403,-6.95245172204611,168.));
#3301=CARTESIAN_POINT('',(14.5214344974403,-6.95245172204611,0.));
#3302=CARTESIAN_POINT('',(13.5253088185281,-6.48583235702617,168.));
#3303=CARTESIAN_POINT('',(14.6326401319139,-7.0045442477617,168.));
#3304=CARTESIAN_POINT('',(13.525308818528,-6.48583235702616,0.));
#3305=CARTESIAN_POINT('Origin',(15.1838544856443,-5.35343219051563,0.));
#3306=CARTESIAN_POINT('',(14.1495375459328,-4.97901468528127,168.));
#3307=CARTESIAN_POINT('',(14.1495375459325,-4.97901468528116,0.));
#3308=CARTESIAN_POINT('',(14.7785077858692,-5.20669873362464,168.));
#3309=CARTESIAN_POINT('Origin',(0.0720571821058579,-0.0303256547270812,
0.));
#3310=CARTESIAN_POINT('',(14.7907041623333,-8.73500434330842,168.));
#3311=CARTESIAN_POINT('Origin',(0.0720571821058579,-0.0303256547270812,
168.));
#3312=CARTESIAN_POINT('',(14.7907041623333,-8.73500434330842,0.));
#3313=CARTESIAN_POINT('Origin',(13.8851353633222,-8.31080492056281,0.));
#3314=CARTESIAN_POINT('',(13.8851353633222,-8.31080492056281,168.));
#3315=CARTESIAN_POINT('',(14.4491253973011,-8.57499715765111,168.));
#3316=CARTESIAN_POINT('',(13.8851353633222,-8.31080492056281,0.));
#3317=CARTESIAN_POINT('Origin',(14.5214344974403,-6.95245172204611,0.));
#3318=CARTESIAN_POINT('',(14.3713672363131,-7.27281102039292,168.));
#3319=CARTESIAN_POINT('Origin',(4.97766154193107,-14.1500136245157,0.));
#3320=CARTESIAN_POINT('',(5.35207904716542,-15.1843305642272,168.));
#3321=CARTESIAN_POINT('',(5.35207904716542,-15.1843305642272,0.));
#3322=CARTESIAN_POINT('',(4.97766154193107,-14.1500136245157,168.));
#3323=CARTESIAN_POINT('',(5.39387832722521,-15.2997998006522,168.));
#3324=CARTESIAN_POINT('',(4.97766154193106,-14.1500136245157,0.));
#3325=CARTESIAN_POINT('Origin',(6.95115826681291,-14.5220546758848,0.));
#3326=CARTESIAN_POINT('',(6.48453890179298,-13.5259289969726,168.));
#3327=CARTESIAN_POINT('',(6.48453890179284,-13.5259289969723,0.));
#3328=CARTESIAN_POINT('',(6.76829108906491,-14.1316750533477,168.));
#3329=CARTESIAN_POINT('Origin',(0.029508645998805,-0.0723955982016871,0.));
#3330=CARTESIAN_POINT('',(4.28202640686263,-16.6351880165573,168.));
#3331=CARTESIAN_POINT('Origin',(0.029508645998805,-0.0723955982016871,168.));
#3332=CARTESIAN_POINT('',(4.28202640686263,-16.6351880165573,0.));
#3333=CARTESIAN_POINT('Origin',(3.94164685664981,-15.6948998895468,0.));
#3334=CARTESIAN_POINT('',(3.94164685664981,-15.6948998895468,168.));
#3335=CARTESIAN_POINT('',(4.15363591181588,-16.2805131894768,168.));
#3336=CARTESIAN_POINT('',(3.94164685664981,-15.6948998895468,0.));
#3337=CARTESIAN_POINT('Origin',(5.35207904716542,-15.1843305642272,0.));
#3338=CARTESIAN_POINT('',(5.0194372369111,-15.3047452185273,168.));
#3339=CARTESIAN_POINT('Origin',(-6.48583235702617,-13.5253088185281,0.));
#3340=CARTESIAN_POINT('',(-6.95245172204611,-14.5214344974403,168.));
#3341=CARTESIAN_POINT('',(-6.95245172204611,-14.5214344974403,0.));
#3342=CARTESIAN_POINT('',(-6.48583235702617,-13.5253088185281,168.));
#3343=CARTESIAN_POINT('',(-7.0045442477617,-14.6326401319139,168.));
#3344=CARTESIAN_POINT('',(-6.48583235702616,-13.525308818528,0.));
#3345=CARTESIAN_POINT('Origin',(-5.35343219051563,-15.1838544856443,0.));
#3346=CARTESIAN_POINT('',(-4.97901468528127,-14.1495375459328,168.));
#3347=CARTESIAN_POINT('',(-4.97901468528116,-14.1495375459325,0.));
#3348=CARTESIAN_POINT('',(-5.20669873362464,-14.7785077858692,168.));
#3349=CARTESIAN_POINT('Origin',(-0.0303256547270812,-0.0720571821058579,
0.));
#3350=CARTESIAN_POINT('',(-8.73500434330842,-14.7907041623333,168.));
#3351=CARTESIAN_POINT('Origin',(-0.0303256547270812,-0.0720571821058579,
168.));
#3352=CARTESIAN_POINT('',(-8.73500434330842,-14.7907041623333,0.));
#3353=CARTESIAN_POINT('Origin',(-8.31080492056281,-13.8851353633222,0.));
#3354=CARTESIAN_POINT('',(-8.31080492056281,-13.8851353633222,168.));
#3355=CARTESIAN_POINT('',(-8.57499715765111,-14.4491253973011,168.));
#3356=CARTESIAN_POINT('',(-8.31080492056281,-13.8851353633222,0.));
#3357=CARTESIAN_POINT('Origin',(-6.95245172204611,-14.5214344974403,0.));
#3358=CARTESIAN_POINT('',(-7.27281102039292,-14.3713672363131,168.));
#3359=CARTESIAN_POINT('Origin',(-14.1500136245157,-4.97766154193107,0.));
#3360=CARTESIAN_POINT('',(-15.1843305642272,-5.35207904716542,168.));
#3361=CARTESIAN_POINT('',(-15.1843305642272,-5.35207904716542,0.));
#3362=CARTESIAN_POINT('',(-14.1500136245157,-4.97766154193107,168.));
#3363=CARTESIAN_POINT('',(-15.2997998006522,-5.39387832722521,168.));
#3364=CARTESIAN_POINT('',(-14.1500136245157,-4.97766154193106,0.));
#3365=CARTESIAN_POINT('Origin',(-14.5220546758848,-6.95115826681291,0.));
#3366=CARTESIAN_POINT('',(-13.5259289969726,-6.48453890179298,168.));
#3367=CARTESIAN_POINT('',(-13.5259289969723,-6.48453890179284,0.));
#3368=CARTESIAN_POINT('',(-14.1316750533477,-6.76829108906491,168.));
#3369=CARTESIAN_POINT('Origin',(-0.0723955982016871,-0.029508645998805,
0.));
#3370=CARTESIAN_POINT('',(-16.6351880165573,-4.28202640686263,168.));
#3371=CARTESIAN_POINT('Origin',(-0.0723955982016871,-0.029508645998805,
168.));
#3372=CARTESIAN_POINT('',(-16.6351880165573,-4.28202640686263,0.));
#3373=CARTESIAN_POINT('Origin',(-15.6948998895468,-3.94164685664981,0.));
#3374=CARTESIAN_POINT('',(-15.6948998895468,-3.94164685664981,168.));
#3375=CARTESIAN_POINT('',(-16.2805131894768,-4.15363591181588,168.));
#3376=CARTESIAN_POINT('',(-15.6948998895468,-3.94164685664981,0.));
#3377=CARTESIAN_POINT('Origin',(-15.1843305642272,-5.35207904716542,0.));
#3378=CARTESIAN_POINT('',(-15.3047452185273,-5.0194372369111,168.));
#3379=CARTESIAN_POINT('Origin',(-13.5253088185281,6.48583235702616,0.));
#3380=CARTESIAN_POINT('',(-14.5214344974403,6.9524517220461,168.));
#3381=CARTESIAN_POINT('',(-14.5214344974403,6.9524517220461,0.));
#3382=CARTESIAN_POINT('',(-13.5253088185281,6.48583235702617,168.));
#3383=CARTESIAN_POINT('',(-14.6326401319139,7.00454424776169,168.));
#3384=CARTESIAN_POINT('',(-13.525308818528,6.48583235702616,0.));
#3385=CARTESIAN_POINT('Origin',(-15.1838544856443,5.35343219051563,0.));
#3386=CARTESIAN_POINT('',(-14.1495375459328,4.97901468528127,168.));
#3387=CARTESIAN_POINT('',(-14.1495375459325,4.97901468528116,0.));
#3388=CARTESIAN_POINT('',(-14.7785077858692,5.20669873362463,168.));
#3389=CARTESIAN_POINT('Origin',(-0.0720571821058579,0.0303256547270812,
0.));
#3390=CARTESIAN_POINT('',(-14.7907041623333,8.73500434330842,168.));
#3391=CARTESIAN_POINT('Origin',(-0.0720571821058579,0.0303256547270812,
168.));
#3392=CARTESIAN_POINT('',(-14.7907041623333,8.73500434330842,0.));
#3393=CARTESIAN_POINT('Origin',(-13.8851353633222,8.3108049205628,0.));
#3394=CARTESIAN_POINT('',(-13.8851353633222,8.3108049205628,168.));
#3395=CARTESIAN_POINT('',(-14.4491253973011,8.57499715765111,168.));
#3396=CARTESIAN_POINT('',(-13.8851353633222,8.3108049205628,0.));
#3397=CARTESIAN_POINT('Origin',(-14.5214344974403,6.9524517220461,0.));
#3398=CARTESIAN_POINT('',(-14.3713672363131,7.27281102039291,168.));
#3399=CARTESIAN_POINT('Origin',(-4.97766154193107,14.1500136245157,0.));
#3400=CARTESIAN_POINT('',(-5.35207904716542,15.1843305642272,168.));
#3401=CARTESIAN_POINT('',(-5.35207904716542,15.1843305642272,0.));
#3402=CARTESIAN_POINT('',(-4.97766154193107,14.1500136245157,168.));
#3403=CARTESIAN_POINT('',(-5.39387832722521,15.2997998006522,168.));
#3404=CARTESIAN_POINT('',(-4.97766154193106,14.1500136245157,0.));
#3405=CARTESIAN_POINT('Origin',(-6.95115826681291,14.5220546758848,0.));
#3406=CARTESIAN_POINT('',(-6.48453890179298,13.5259289969726,168.));
#3407=CARTESIAN_POINT('',(-6.48453890179284,13.5259289969723,0.));
#3408=CARTESIAN_POINT('',(-6.76829108906491,14.1316750533477,168.));
#3409=CARTESIAN_POINT('Origin',(-0.029508645998805,0.0723955982016871,0.));
#3410=CARTESIAN_POINT('',(-4.28202640686263,16.6351880165573,168.));
#3411=CARTESIAN_POINT('Origin',(-0.029508645998805,0.0723955982016871,168.));
#3412=CARTESIAN_POINT('',(-4.28202640686263,16.6351880165573,0.));
#3413=CARTESIAN_POINT('Origin',(-3.94164685664981,15.6948998895468,0.));
#3414=CARTESIAN_POINT('',(-3.94164685664981,15.6948998895468,168.));
#3415=CARTESIAN_POINT('',(-4.15363591181588,16.2805131894768,168.));
#3416=CARTESIAN_POINT('',(-3.94164685664981,15.6948998895468,0.));
#3417=CARTESIAN_POINT('Origin',(-5.35207904716542,15.1843305642272,0.));
#3418=CARTESIAN_POINT('',(-5.0194372369111,15.3047452185273,168.));
#3419=CARTESIAN_POINT('Origin',(0.,0.,0.));
#3420=CARTESIAN_POINT('',(4.97901468528127,14.1495375459328,168.));
#3421=CARTESIAN_POINT('Origin',(0.,0.,168.));
#3422=CARTESIAN_POINT('',(4.97901468528116,14.1495375459325,0.));
#3423=CARTESIAN_POINT('Origin',(0.,0.,0.));
#3424=CARTESIAN_POINT('Origin',(0.,0.,168.));
#3425=CARTESIAN_POINT('Origin',(0.,0.,0.));
#3426=CARTESIAN_POINT('Origin',(0.,0.,168.));
#3427=CARTESIAN_POINT('Origin',(0.,0.,0.));
#3428=CARTESIAN_POINT('Origin',(0.,0.,168.));
#3429=CARTESIAN_POINT('Origin',(0.,0.,0.));
#3430=CARTESIAN_POINT('Origin',(0.,0.,168.));
#3431=CARTESIAN_POINT('Origin',(0.,0.,0.));
#3432=CARTESIAN_POINT('Origin',(0.,0.,168.));
#3433=CARTESIAN_POINT('Origin',(0.,0.,0.));
#3434=CARTESIAN_POINT('Origin',(0.,0.,168.));
#3435=CARTESIAN_POINT('Origin',(0.,0.,0.));
#3436=CARTESIAN_POINT('',(6.48583235702617,13.5253088185281,168.));
#3437=CARTESIAN_POINT('',(6.48583235702616,13.525308818528,0.));
#3438=CARTESIAN_POINT('Origin',(0.,0.,168.));
#3439=CARTESIAN_POINT('Origin',(9.16229945275341,22.1875087404181,4.));
#3440=CARTESIAN_POINT('',(8.73500434330819,14.7907041623334,4.));
#3441=CARTESIAN_POINT('Origin',(0.0303256547270812,0.0720571821058579,4.));
#3442=CARTESIAN_POINT('',(14.164756954449,26.381984789676,4.));
#3443=CARTESIAN_POINT('',(12.9090362613612,23.7013081575073,4.));
#3444=CARTESIAN_POINT('Origin',(11.3915989055067,27.4998821175139,4.));
#3445=CARTESIAN_POINT('Origin',(11.3915989055067,27.4998821175139,0.));
#3446=CARTESIAN_POINT('',(14.164756954449,26.381984789676,0.));
#3447=CARTESIAN_POINT('Origin',(3.943,15.6944238109639,0.));
#3448=CARTESIAN_POINT('',(5.35343219051563,15.1838544856443,168.));
#3449=CARTESIAN_POINT('',(5.35343219051563,15.1838544856443,0.));
#3450=CARTESIAN_POINT('',(5.80574188535874,15.0201206618671,168.));
#3451=CARTESIAN_POINT('Origin',(6.48583235702617,13.5253088185281,0.));
#3452=CARTESIAN_POINT('',(6.9524517220461,14.5214344974403,168.));
#3453=CARTESIAN_POINT('',(6.9524517220461,14.5214344974403,0.));
#3454=CARTESIAN_POINT('',(7.00454424776169,14.6326401319139,168.));
#3455=CARTESIAN_POINT('Origin',(5.35343219051563,15.1838544856443,0.));
#3456=CARTESIAN_POINT('',(5.20669873362463,14.7785077858692,168.));
#3457=CARTESIAN_POINT('Origin',(0.0303256547270812,0.0720571821058579,0.));
#3458=CARTESIAN_POINT('',(8.73500434330842,14.7907041623333,168.));
#3459=CARTESIAN_POINT('Origin',(0.0303256547270812,0.0720571821058579,168.));
#3460=CARTESIAN_POINT('',(8.73500434330842,14.7907041623333,0.));
#3461=CARTESIAN_POINT('Origin',(8.31080492056281,13.8851353633223,0.));
#3462=CARTESIAN_POINT('',(8.3108049205628,13.8851353633223,168.));
#3463=CARTESIAN_POINT('',(8.57499715765111,14.4491253973011,168.));
#3464=CARTESIAN_POINT('',(8.3108049205628,13.8851353633223,0.));
#3465=CARTESIAN_POINT('Origin',(6.9524517220461,14.5214344974403,0.));
#3466=CARTESIAN_POINT('',(7.27281102039291,14.3713672363131,168.));
#3467=CARTESIAN_POINT('Origin',(0.,0.,0.));
#3468=CARTESIAN_POINT('',(-13.,-1.59204083889156E-15,168.));
#3469=CARTESIAN_POINT('Origin',(0.,0.,168.));
#3470=CARTESIAN_POINT('',(-13.,-1.59204083889156E-15,0.));
#3471=CARTESIAN_POINT('Origin',(0.,0.,168.));
#3472=UNCERTAINTY_MEASURE_WITH_UNIT(LENGTH_MEASURE(0.01),#3476,
'DISTANCE_ACCURACY_VALUE',
'Maximum model space distance between geometric entities at asserted c
onnectivities');
#3473=UNCERTAINTY_MEASURE_WITH_UNIT(LENGTH_MEASURE(0.01),#3476,
'DISTANCE_ACCURACY_VALUE',
'Maximum model space distance between geometric entities at asserted c
onnectivities');
#3474=(
GEOMETRIC_REPRESENTATION_CONTEXT(3)
GLOBAL_UNCERTAINTY_ASSIGNED_CONTEXT((#3472))
GLOBAL_UNIT_ASSIGNED_CONTEXT((#3476,#3478,#3479))
REPRESENTATION_CONTEXT('','3D')
);
#3475=(
GEOMETRIC_REPRESENTATION_CONTEXT(3)
GLOBAL_UNCERTAINTY_ASSIGNED_CONTEXT((#3473))
GLOBAL_UNIT_ASSIGNED_CONTEXT((#3476,#3478,#3479))
REPRESENTATION_CONTEXT('','3D')
);
#3476=(
LENGTH_UNIT()
NAMED_UNIT(*)
SI_UNIT(.MILLI.,.METRE.)
);
#3477=(
LENGTH_UNIT()
NAMED_UNIT(*)
SI_UNIT($,.METRE.)
);
#3478=(
NAMED_UNIT(*)
PLANE_ANGLE_UNIT()
SI_UNIT($,.RADIAN.)
);
#3479=(
NAMED_UNIT(*)
SI_UNIT($,.STERADIAN.)
SOLID_ANGLE_UNIT()
);
#3480=SHAPE_DEFINITION_REPRESENTATION(#3481,#3482);
#3481=PRODUCT_DEFINITION_SHAPE('',$,#3484);
#3482=SHAPE_REPRESENTATION('',(#2112),#3474);
#3483=PRODUCT_DEFINITION_CONTEXT('part definition',#3488,'design');
#3484=PRODUCT_DEFINITION('2026-05-20-20-38-45-437',
'lamp_core by satwik',#3485,#3483);
#3485=PRODUCT_DEFINITION_FORMATION('',$,#3490);
#3486=PRODUCT_RELATED_PRODUCT_CATEGORY('lamp_core by satwik',
'lamp_core by satwik',(#3490));
#3487=APPLICATION_PROTOCOL_DEFINITION('international standard',
'automotive_design',2009,#3488);
#3488=APPLICATION_CONTEXT(
'Core Data for Automotive Mechanical Design Process');
#3489=PRODUCT_CONTEXT('part definition',#3488,'mechanical');
#3490=PRODUCT('2026-05-20-20-38-45-437','lamp_core by satwik',$,(#3489));
#3491=PRESENTATION_STYLE_ASSIGNMENT((#3492));
#3492=SURFACE_STYLE_USAGE(.BOTH.,#3493);
#3493=SURFACE_SIDE_STYLE('',(#3494));
#3494=SURFACE_STYLE_FILL_AREA(#3495);
#3495=FILL_AREA_STYLE('Steel - Satin',(#3496));
#3496=FILL_AREA_STYLE_COLOUR('Steel - Satin',#3497);
#3497=COLOUR_RGB('Steel - Satin',0.627450980392157,0.627450980392157,0.627450980392157);
ENDSEC;
END-ISO-10303-21;
