ISO-10303-21;
HEADER;
/* Generated by software containing ST-Developer
 * from STEP Tools, Inc. (www.steptools.com) 
 */

FILE_DESCRIPTION(
/* description */ (''),
/* implementation_level */ '2;1');

FILE_NAME(
/* name */ 'LAMP - BASE.step',
/* time_stamp */ '2026-05-21T14:18:52+05:30',
/* author */ (''),
/* organization */ (''),
/* preprocessor_version */ 'ST-DEVELOPER v20.1',
/* originating_system */ 'Autodesk Translation Framework v15.8.0.0',
/* authorisation */ '');

FILE_SCHEMA (('AUTOMOTIVE_DESIGN { 1 0 10303 214 3 1 1 }'));
ENDSEC;

DATA;
#10=MECHANICAL_DESIGN_GEOMETRIC_PRESENTATION_REPRESENTATION('',(#13),#2863);
#11=SHAPE_REPRESENTATION_RELATIONSHIP('SRR','None',#2870,#12);
#12=ADVANCED_BREP_SHAPE_REPRESENTATION('',(#14),#2862);
#13=STYLED_ITEM('',(#2879),#14);
#14=MANIFOLD_SOLID_BREP('Body1',#1446);
#15=CONICAL_SURFACE('',#1511,1.725,0.645771823237902);
#16=CONICAL_SURFACE('',#1514,1.725,0.645771823237902);
#17=FACE_BOUND('',#199,.T.);
#18=FACE_BOUND('',#200,.T.);
#19=FACE_BOUND('',#201,.T.);
#20=FACE_BOUND('',#202,.T.);
#21=FACE_BOUND('',#203,.T.);
#22=FACE_BOUND('',#204,.T.);
#23=FACE_BOUND('',#205,.T.);
#24=FACE_BOUND('',#206,.T.);
#25=FACE_BOUND('',#207,.T.);
#26=FACE_BOUND('',#209,.T.);
#27=FACE_BOUND('',#215,.T.);
#28=FACE_BOUND('',#226,.T.);
#29=FACE_BOUND('',#242,.T.);
#30=FACE_BOUND('',#246,.T.);
#31=FACE_BOUND('',#250,.T.);
#32=FACE_BOUND('',#259,.T.);
#33=FACE_BOUND('',#261,.T.);
#34=FACE_BOUND('',#262,.T.);
#35=FACE_BOUND('',#263,.T.);
#36=FACE_BOUND('',#264,.T.);
#37=FACE_BOUND('',#268,.T.);
#38=FACE_BOUND('',#273,.T.);
#39=FACE_BOUND('',#278,.T.);
#40=FACE_BOUND('',#283,.T.);
#41=FACE_BOUND('',#289,.T.);
#42=FACE_BOUND('',#290,.T.);
#43=FACE_BOUND('',#291,.T.);
#44=FACE_BOUND('',#292,.T.);
#45=FACE_BOUND('',#293,.T.);
#46=FACE_BOUND('',#294,.T.);
#47=FACE_BOUND('',#295,.T.);
#48=FACE_BOUND('',#296,.T.);
#49=FACE_BOUND('',#297,.T.);
#50=FACE_BOUND('',#298,.T.);
#51=FACE_BOUND('',#299,.T.);
#52=FACE_BOUND('',#300,.T.);
#53=FACE_BOUND('',#302,.T.);
#54=ELLIPSE('',#1480,5.75296746744914,5.22380665953173);
#55=ELLIPSE('',#1481,5.23643354322341,5.22380665953173);
#56=PLANE('',#1478);
#57=PLANE('',#1485);
#58=PLANE('',#1486);
#59=PLANE('',#1487);
#60=PLANE('',#1488);
#61=PLANE('',#1489);
#62=PLANE('',#1495);
#63=PLANE('',#1496);
#64=PLANE('',#1497);
#65=PLANE('',#1498);
#66=PLANE('',#1510);
#67=PLANE('',#1513);
#68=PLANE('',#1516);
#69=PLANE('',#1518);
#70=PLANE('',#1522);
#71=PLANE('',#1527);
#72=PLANE('',#1532);
#73=PLANE('',#1533);
#74=PLANE('',#1534);
#75=PLANE('',#1535);
#76=PLANE('',#1536);
#77=PLANE('',#1537);
#78=PLANE('',#1546);
#79=PLANE('',#1553);
#80=PLANE('',#1560);
#81=PLANE('',#1561);
#82=PLANE('',#1562);
#83=PLANE('',#1563);
#84=PLANE('',#1564);
#85=PLANE('',#1565);
#86=PLANE('',#1572);
#87=PLANE('',#1573);
#88=PLANE('',#1584);
#89=PLANE('',#1585);
#90=PLANE('',#1591);
#91=PLANE('',#1592);
#92=PLANE('',#1598);
#93=PLANE('',#1599);
#94=PLANE('',#1605);
#95=PLANE('',#1606);
#96=PLANE('',#1608);
#97=PLANE('',#1614);
#98=PLANE('',#1615);
#99=FACE_OUTER_BOUND('',#183,.T.);
#100=FACE_OUTER_BOUND('',#184,.T.);
#101=FACE_OUTER_BOUND('',#185,.T.);
#102=FACE_OUTER_BOUND('',#186,.T.);
#103=FACE_OUTER_BOUND('',#187,.T.);
#104=FACE_OUTER_BOUND('',#188,.T.);
#105=FACE_OUTER_BOUND('',#189,.T.);
#106=FACE_OUTER_BOUND('',#190,.T.);
#107=FACE_OUTER_BOUND('',#191,.T.);
#108=FACE_OUTER_BOUND('',#192,.T.);
#109=FACE_OUTER_BOUND('',#193,.T.);
#110=FACE_OUTER_BOUND('',#194,.T.);
#111=FACE_OUTER_BOUND('',#195,.T.);
#112=FACE_OUTER_BOUND('',#196,.T.);
#113=FACE_OUTER_BOUND('',#197,.T.);
#114=FACE_OUTER_BOUND('',#198,.T.);
#115=FACE_OUTER_BOUND('',#208,.T.);
#116=FACE_OUTER_BOUND('',#210,.T.);
#117=FACE_OUTER_BOUND('',#211,.T.);
#118=FACE_OUTER_BOUND('',#212,.T.);
#119=FACE_OUTER_BOUND('',#213,.T.);
#120=FACE_OUTER_BOUND('',#214,.T.);
#121=FACE_OUTER_BOUND('',#216,.T.);
#122=FACE_OUTER_BOUND('',#217,.T.);
#123=FACE_OUTER_BOUND('',#218,.T.);
#124=FACE_OUTER_BOUND('',#219,.T.);
#125=FACE_OUTER_BOUND('',#220,.T.);
#126=FACE_OUTER_BOUND('',#221,.T.);
#127=FACE_OUTER_BOUND('',#222,.T.);
#128=FACE_OUTER_BOUND('',#223,.T.);
#129=FACE_OUTER_BOUND('',#224,.T.);
#130=FACE_OUTER_BOUND('',#225,.T.);
#131=FACE_OUTER_BOUND('',#227,.T.);
#132=FACE_OUTER_BOUND('',#228,.T.);
#133=FACE_OUTER_BOUND('',#229,.T.);
#134=FACE_OUTER_BOUND('',#230,.T.);
#135=FACE_OUTER_BOUND('',#231,.T.);
#136=FACE_OUTER_BOUND('',#232,.T.);
#137=FACE_OUTER_BOUND('',#233,.T.);
#138=FACE_OUTER_BOUND('',#234,.T.);
#139=FACE_OUTER_BOUND('',#235,.T.);
#140=FACE_OUTER_BOUND('',#236,.T.);
#141=FACE_OUTER_BOUND('',#237,.T.);
#142=FACE_OUTER_BOUND('',#238,.T.);
#143=FACE_OUTER_BOUND('',#239,.T.);
#144=FACE_OUTER_BOUND('',#240,.T.);
#145=FACE_OUTER_BOUND('',#241,.T.);
#146=FACE_OUTER_BOUND('',#243,.T.);
#147=FACE_OUTER_BOUND('',#244,.T.);
#148=FACE_OUTER_BOUND('',#245,.T.);
#149=FACE_OUTER_BOUND('',#247,.T.);
#150=FACE_OUTER_BOUND('',#248,.T.);
#151=FACE_OUTER_BOUND('',#249,.T.);
#152=FACE_OUTER_BOUND('',#251,.T.);
#153=FACE_OUTER_BOUND('',#252,.T.);
#154=FACE_OUTER_BOUND('',#253,.T.);
#155=FACE_OUTER_BOUND('',#254,.T.);
#156=FACE_OUTER_BOUND('',#255,.T.);
#157=FACE_OUTER_BOUND('',#256,.T.);
#158=FACE_OUTER_BOUND('',#257,.T.);
#159=FACE_OUTER_BOUND('',#258,.T.);
#160=FACE_OUTER_BOUND('',#260,.T.);
#161=FACE_OUTER_BOUND('',#265,.T.);
#162=FACE_OUTER_BOUND('',#266,.T.);
#163=FACE_OUTER_BOUND('',#267,.T.);
#164=FACE_OUTER_BOUND('',#269,.T.);
#165=FACE_OUTER_BOUND('',#270,.T.);
#166=FACE_OUTER_BOUND('',#271,.T.);
#167=FACE_OUTER_BOUND('',#272,.T.);
#168=FACE_OUTER_BOUND('',#274,.T.);
#169=FACE_OUTER_BOUND('',#275,.T.);
#170=FACE_OUTER_BOUND('',#276,.T.);
#171=FACE_OUTER_BOUND('',#277,.T.);
#172=FACE_OUTER_BOUND('',#279,.T.);
#173=FACE_OUTER_BOUND('',#280,.T.);
#174=FACE_OUTER_BOUND('',#281,.T.);
#175=FACE_OUTER_BOUND('',#282,.T.);
#176=FACE_OUTER_BOUND('',#284,.T.);
#177=FACE_OUTER_BOUND('',#285,.T.);
#178=FACE_OUTER_BOUND('',#286,.T.);
#179=FACE_OUTER_BOUND('',#287,.T.);
#180=FACE_OUTER_BOUND('',#288,.T.);
#181=FACE_OUTER_BOUND('',#301,.T.);
#182=FACE_OUTER_BOUND('',#303,.T.);
#183=EDGE_LOOP('',(#931,#932,#933,#934));
#184=EDGE_LOOP('',(#935,#936,#937,#938));
#185=EDGE_LOOP('',(#939,#940,#941,#942));
#186=EDGE_LOOP('',(#943,#944,#945,#946));
#187=EDGE_LOOP('',(#947,#948,#949,#950));
#188=EDGE_LOOP('',(#951,#952,#953,#954));
#189=EDGE_LOOP('',(#955,#956,#957,#958));
#190=EDGE_LOOP('',(#959,#960,#961,#962));
#191=EDGE_LOOP('',(#963,#964,#965,#966));
#192=EDGE_LOOP('',(#967,#968,#969));
#193=EDGE_LOOP('',(#970,#971,#972,#973,#974));
#194=EDGE_LOOP('',(#975,#976,#977,#978,#979,#980));
#195=EDGE_LOOP('',(#981,#982,#983));
#196=EDGE_LOOP('',(#984,#985,#986,#987));
#197=EDGE_LOOP('',(#988,#989,#990,#991));
#198=EDGE_LOOP('',(#992,#993,#994,#995,#996,#997));
#199=EDGE_LOOP('',(#998));
#200=EDGE_LOOP('',(#999));
#201=EDGE_LOOP('',(#1000));
#202=EDGE_LOOP('',(#1001));
#203=EDGE_LOOP('',(#1002));
#204=EDGE_LOOP('',(#1003));
#205=EDGE_LOOP('',(#1004));
#206=EDGE_LOOP('',(#1005));
#207=EDGE_LOOP('',(#1006));
#208=EDGE_LOOP('',(#1007,#1008,#1009,#1010,#1011,#1012));
#209=EDGE_LOOP('',(#1013,#1014,#1015,#1016));
#210=EDGE_LOOP('',(#1017,#1018,#1019,#1020,#1021,#1022,#1023));
#211=EDGE_LOOP('',(#1024,#1025,#1026,#1027));
#212=EDGE_LOOP('',(#1028,#1029,#1030,#1031));
#213=EDGE_LOOP('',(#1032,#1033,#1034,#1035));
#214=EDGE_LOOP('',(#1036));
#215=EDGE_LOOP('',(#1037,#1038,#1039,#1040,#1041,#1042,#1043,#1044,#1045,
#1046,#1047,#1048,#1049,#1050,#1051,#1052,#1053,#1054,#1055,#1056,#1057,
#1058,#1059,#1060,#1061,#1062,#1063,#1064,#1065));
#216=EDGE_LOOP('',(#1066,#1067,#1068,#1069));
#217=EDGE_LOOP('',(#1070,#1071,#1072,#1073));
#218=EDGE_LOOP('',(#1074,#1075,#1076,#1077));
#219=EDGE_LOOP('',(#1078,#1079,#1080,#1081));
#220=EDGE_LOOP('',(#1082,#1083,#1084,#1085));
#221=EDGE_LOOP('',(#1086,#1087,#1088,#1089));
#222=EDGE_LOOP('',(#1090,#1091,#1092,#1093));
#223=EDGE_LOOP('',(#1094,#1095,#1096,#1097));
#224=EDGE_LOOP('',(#1098,#1099,#1100,#1101));
#225=EDGE_LOOP('',(#1102,#1103,#1104,#1105));
#226=EDGE_LOOP('',(#1106));
#227=EDGE_LOOP('',(#1107,#1108,#1109,#1110));
#228=EDGE_LOOP('',(#1111,#1112,#1113,#1114));
#229=EDGE_LOOP('',(#1115,#1116,#1117,#1118,#1119,#1120,#1121,#1122));
#230=EDGE_LOOP('',(#1123,#1124,#1125,#1126));
#231=EDGE_LOOP('',(#1127,#1128,#1129,#1130));
#232=EDGE_LOOP('',(#1131,#1132,#1133,#1134));
#233=EDGE_LOOP('',(#1135,#1136,#1137,#1138));
#234=EDGE_LOOP('',(#1139,#1140,#1141,#1142));
#235=EDGE_LOOP('',(#1143,#1144,#1145,#1146));
#236=EDGE_LOOP('',(#1147,#1148,#1149,#1150));
#237=EDGE_LOOP('',(#1151,#1152,#1153,#1154));
#238=EDGE_LOOP('',(#1155,#1156,#1157,#1158));
#239=EDGE_LOOP('',(#1159,#1160,#1161,#1162));
#240=EDGE_LOOP('',(#1163,#1164,#1165,#1166,#1167,#1168,#1169));
#241=EDGE_LOOP('',(#1170));
#242=EDGE_LOOP('',(#1171));
#243=EDGE_LOOP('',(#1172,#1173,#1174,#1175));
#244=EDGE_LOOP('',(#1176,#1177,#1178,#1179,#1180,#1181,#1182));
#245=EDGE_LOOP('',(#1183));
#246=EDGE_LOOP('',(#1184));
#247=EDGE_LOOP('',(#1185,#1186,#1187,#1188));
#248=EDGE_LOOP('',(#1189,#1190,#1191,#1192,#1193,#1194,#1195));
#249=EDGE_LOOP('',(#1196));
#250=EDGE_LOOP('',(#1197));
#251=EDGE_LOOP('',(#1198));
#252=EDGE_LOOP('',(#1199));
#253=EDGE_LOOP('',(#1200));
#254=EDGE_LOOP('',(#1201,#1202,#1203,#1204));
#255=EDGE_LOOP('',(#1205,#1206,#1207,#1208));
#256=EDGE_LOOP('',(#1209,#1210,#1211,#1212));
#257=EDGE_LOOP('',(#1213,#1214,#1215,#1216,#1217,#1218,#1219));
#258=EDGE_LOOP('',(#1220));
#259=EDGE_LOOP('',(#1221));
#260=EDGE_LOOP('',(#1222,#1223,#1224,#1225,#1226,#1227,#1228,#1229,#1230,
#1231,#1232,#1233,#1234,#1235,#1236,#1237,#1238,#1239,#1240,#1241,#1242,
#1243));
#261=EDGE_LOOP('',(#1244));
#262=EDGE_LOOP('',(#1245));
#263=EDGE_LOOP('',(#1246));
#264=EDGE_LOOP('',(#1247));
#265=EDGE_LOOP('',(#1248,#1249,#1250,#1251));
#266=EDGE_LOOP('',(#1252,#1253,#1254,#1255));
#267=EDGE_LOOP('',(#1256));
#268=EDGE_LOOP('',(#1257));
#269=EDGE_LOOP('',(#1258));
#270=EDGE_LOOP('',(#1259,#1260,#1261,#1262));
#271=EDGE_LOOP('',(#1263,#1264,#1265,#1266));
#272=EDGE_LOOP('',(#1267));
#273=EDGE_LOOP('',(#1268));
#274=EDGE_LOOP('',(#1269));
#275=EDGE_LOOP('',(#1270,#1271,#1272,#1273));
#276=EDGE_LOOP('',(#1274,#1275,#1276,#1277));
#277=EDGE_LOOP('',(#1278));
#278=EDGE_LOOP('',(#1279));
#279=EDGE_LOOP('',(#1280));
#280=EDGE_LOOP('',(#1281,#1282,#1283,#1284));
#281=EDGE_LOOP('',(#1285,#1286,#1287,#1288));
#282=EDGE_LOOP('',(#1289));
#283=EDGE_LOOP('',(#1290));
#284=EDGE_LOOP('',(#1291));
#285=EDGE_LOOP('',(#1292,#1293,#1294,#1295));
#286=EDGE_LOOP('',(#1296));
#287=EDGE_LOOP('',(#1297,#1298,#1299,#1300));
#288=EDGE_LOOP('',(#1301,#1302,#1303,#1304));
#289=EDGE_LOOP('',(#1305));
#290=EDGE_LOOP('',(#1306));
#291=EDGE_LOOP('',(#1307));
#292=EDGE_LOOP('',(#1308));
#293=EDGE_LOOP('',(#1309));
#294=EDGE_LOOP('',(#1310));
#295=EDGE_LOOP('',(#1311));
#296=EDGE_LOOP('',(#1312));
#297=EDGE_LOOP('',(#1313));
#298=EDGE_LOOP('',(#1314));
#299=EDGE_LOOP('',(#1315,#1316,#1317,#1318));
#300=EDGE_LOOP('',(#1319));
#301=EDGE_LOOP('',(#1320));
#302=EDGE_LOOP('',(#1321));
#303=EDGE_LOOP('',(#1322));
#304=B_SPLINE_CURVE_WITH_KNOTS('',3,(#2046,#2047,#2048,#2049,#2050,#2051,
#2052,#2053,#2054,#2055,#2056,#2057,#2058,#2059,#2060,#2061,#2062,#2063,
#2064,#2065,#2066,#2067,#2068,#2069,#2070,#2071,#2072,#2073,#2074,#2075,
#2076,#2077,#2078,#2079),.UNSPECIFIED.,.T.,.F.,(4,2,2,2,2,2,2,2,2,2,2,2,
2,2,2,2,4),(0.,0.0226007293155125,0.045201458631025,0.0678398934797664,
0.0904783283285078,0.113103455072179,0.135728581815851,0.15832798405505,
0.180927386294249,0.203526788533448,0.226126190772648,0.248751317516319,
0.27137644425999,0.294014879108732,0.316653313957473,0.339254043272986,
0.361854772588498),.UNSPECIFIED.);
#305=B_SPLINE_CURVE_WITH_KNOTS('',3,(#2085,#2086,#2087,#2088,#2089,#2090,
#2091,#2092,#2093,#2094,#2095,#2096,#2097,#2098,#2099,#2100,#2101,#2102,
#2103,#2104,#2105,#2106,#2107,#2108,#2109,#2110,#2111,#2112,#2113,#2114,
#2115,#2116,#2117,#2118),.UNSPECIFIED.,.T.,.F.,(4,2,2,2,2,2,2,2,2,2,2,2,
2,2,2,2,4),(0.,0.0225981549855354,0.0451963099710708,0.0678404740613866,
0.0904846381517024,0.113146177242245,0.135807716332787,0.158407607531002,
0.181007498729217,0.203607389927431,0.226207281125646,0.248868820216188,
0.271530359306731,0.294174523397047,0.316818687487362,0.339416842472898,
0.362014997458433),.UNSPECIFIED.);
#306=B_SPLINE_CURVE_WITH_KNOTS('',3,(#2124,#2125,#2126,#2127,#2128,#2129,
#2130,#2131,#2132,#2133,#2134,#2135,#2136,#2137,#2138,#2139,#2140,#2141,
#2142,#2143,#2144,#2145,#2146,#2147,#2148,#2149,#2150,#2151,#2152,#2153,
#2154,#2155,#2156,#2157),.UNSPECIFIED.,.T.,.F.,(4,2,2,2,2,2,2,2,2,2,2,2,
2,2,2,2,4),(0.,0.0226014316585642,0.0452028633171285,0.0678041153008,0.0904053672844716,
0.113008620364935,0.135611873445399,0.158213504072018,0.180815134698637,
0.203416765325256,0.226018395951875,0.248621649032339,0.271224902112802,
0.293826154096474,0.316427406080145,0.33902883773871,0.361630269397274),
 .UNSPECIFIED.);
#307=B_SPLINE_CURVE_WITH_KNOTS('',3,(#2163,#2164,#2165,#2166,#2167,#2168,
#2169,#2170,#2171,#2172,#2173,#2174,#2175,#2176,#2177,#2178,#2179,#2180,
#2181,#2182,#2183,#2184,#2185,#2186,#2187,#2188,#2189,#2190,#2191,#2192,
#2193,#2194,#2195,#2196),.UNSPECIFIED.,.T.,.F.,(4,2,2,2,2,2,2,2,2,2,2,2,
2,2,2,2,4),(0.,0.0225981549855354,0.0451963099710708,0.0678404740613866,
0.0904846381517024,0.113146177242245,0.135807716332787,0.158407607531002,
0.181007498729217,0.203607389927431,0.226207281125646,0.248868820216188,
0.271530359306731,0.294174523397047,0.316818687487362,0.339416842472898,
0.362014997458433),.UNSPECIFIED.);
#308=B_SPLINE_CURVE_WITH_KNOTS('',3,(#2202,#2203,#2204,#2205,#2206,#2207,
#2208,#2209,#2210,#2211,#2212,#2213,#2214,#2215,#2216,#2217,#2218,#2219,
#2220,#2221,#2222,#2223,#2224,#2225,#2226,#2227,#2228,#2229,#2230,#2231,
#2232,#2233,#2234,#2235),.UNSPECIFIED.,.T.,.F.,(4,2,2,2,2,2,2,2,2,2,2,2,
2,2,2,2,4),(0.,0.0226014316585644,0.0452028633171287,0.0678041153008002,
0.0904053672844717,0.113008620364935,0.135611873445399,0.158213504072018,
0.180815134698637,0.203416765325256,0.226018395951875,0.248621649032339,
0.271224902112802,0.293826154096474,0.316427406080145,0.33902883773871,
0.361630269397274),.UNSPECIFIED.);
#309=B_SPLINE_CURVE_WITH_KNOTS('',3,(#2241,#2242,#2243,#2244,#2245,#2246,
#2247,#2248,#2249,#2250,#2251,#2252,#2253,#2254,#2255,#2256,#2257,#2258,
#2259,#2260,#2261,#2262,#2263,#2264,#2265,#2266,#2267,#2268,#2269,#2270,
#2271,#2272,#2273,#2274),.UNSPECIFIED.,.T.,.F.,(4,2,2,2,2,2,2,2,2,2,2,2,
2,2,2,2,4),(0.,0.0226007293155125,0.045201458631025,0.0678398934797664,
0.0904783283285078,0.113103455072179,0.13572858181585,0.15832798405505,
0.180927386294249,0.203526788533449,0.226126190772648,0.248751317516319,
0.271376444259991,0.294014879108732,0.316653313957473,0.339254043272986,
0.361854772588498),.UNSPECIFIED.);
#310=B_SPLINE_CURVE_WITH_KNOTS('',3,(#2280,#2281,#2282,#2283,#2284,#2285,
#2286,#2287,#2288,#2289,#2290,#2291,#2292,#2293,#2294,#2295,#2296,#2297,
#2298,#2299,#2300,#2301,#2302,#2303,#2304,#2305,#2306,#2307,#2308,#2309,
#2310,#2311,#2312,#2313),.UNSPECIFIED.,.T.,.F.,(4,2,2,2,2,2,2,2,2,2,2,2,
2,2,2,2,4),(0.,0.0226007293155125,0.045201458631025,0.0678398934797664,
0.0904783283285078,0.113103455072179,0.13572858181585,0.15832798405505,
0.180927386294249,0.203526788533449,0.226126190772648,0.248751317516319,
0.271376444259991,0.294014879108732,0.316653313957473,0.339254043272986,
0.361854772588498),.UNSPECIFIED.);
#311=B_SPLINE_CURVE_WITH_KNOTS('',3,(#2319,#2320,#2321,#2322,#2323,#2324,
#2325,#2326,#2327,#2328,#2329,#2330,#2331,#2332,#2333,#2334,#2335,#2336,
#2337,#2338,#2339,#2340,#2341,#2342,#2343,#2344,#2345,#2346,#2347,#2348,
#2349,#2350,#2351,#2352),.UNSPECIFIED.,.T.,.F.,(4,2,2,2,2,2,2,2,2,2,2,2,
2,2,2,2,4),(0.,0.0226014316585642,0.0452028633171285,0.0678041153008,0.0904053672844716,
0.113008620364935,0.135611873445399,0.158213504072018,0.180815134698637,
0.203416765325256,0.226018395951875,0.248621649032339,0.271224902112802,
0.293826154096474,0.316427406080145,0.33902883773871,0.361630269397274),
 .UNSPECIFIED.);
#312=B_SPLINE_CURVE_WITH_KNOTS('',3,(#2358,#2359,#2360,#2361,#2362,#2363,
#2364,#2365,#2366,#2367,#2368,#2369,#2370,#2371,#2372,#2373,#2374,#2375,
#2376,#2377,#2378,#2379,#2380,#2381,#2382,#2383,#2384,#2385,#2386,#2387,
#2388,#2389,#2390,#2391),.UNSPECIFIED.,.T.,.F.,(4,2,2,2,2,2,2,2,2,2,2,2,
2,2,2,2,4),(0.,0.0225981549855354,0.0451963099710708,0.0678404740613866,
0.0904846381517024,0.113146177242245,0.135807716332787,0.158407607531002,
0.181007498729217,0.203607389927432,0.226207281125646,0.248868820216189,
0.271530359306731,0.294174523397047,0.316818687487363,0.339416842472898,
0.362014997458434),.UNSPECIFIED.);
#313=B_SPLINE_CURVE_WITH_KNOTS('',3,(#2401,#2402,#2403,#2404,#2405,#2406,
#2407,#2408,#2409,#2410,#2411,#2412,#2413,#2414,#2415,#2416),
 .UNSPECIFIED.,.F.,.F.,(4,2,2,2,2,2,2,4),(-1.22720971922235,-1.18459042477798,
-0.986073932696344,-0.787557440614711,-0.590728903964477,-0.393900367314244,
-0.196950183657122,0.),.UNSPECIFIED.);
#314=B_SPLINE_CURVE_WITH_KNOTS('',3,(#2472,#2473,#2474,#2475,#2476,#2477,
#2478,#2479,#2480,#2481,#2482,#2483,#2484,#2485,#2486,#2487,#2488,#2489,
#2490,#2491,#2492,#2493,#2494,#2495,#2496,#2497,#2498,#2499,#2500,#2501,
#2502,#2503,#2504,#2505),.UNSPECIFIED.,.T.,.F.,(4,2,2,2,2,2,2,2,2,2,2,2,
2,2,2,2,4),(0.,0.131912874300228,0.263825748600457,0.395738360283984,0.527650971967511,
0.659563583651039,0.791476195334566,0.923389069634794,1.05530194393502,
1.18721481823525,1.31912769253548,1.45104030421901,1.58295291590253,1.71486552758606,
1.84677813926959,1.97869101356982,2.11060388787005),.UNSPECIFIED.);
#315=B_SPLINE_CURVE_WITH_KNOTS('',3,(#2575,#2576,#2577,#2578,#2579,#2580,
#2581,#2582,#2583,#2584,#2585,#2586,#2587,#2588,#2589,#2590,#2591,#2592),
 .UNSPECIFIED.,.F.,.F.,(4,2,2,2,2,2,2,2,4),(0.,0.171490121452985,0.34298024290597,
0.51611594242602,0.68925164194607,0.862387341466121,1.03552304098617,1.20701316243916,
1.37850328389214),.UNSPECIFIED.);
#316=B_SPLINE_CURVE_WITH_KNOTS('',3,(#2603,#2604,#2605,#2606,#2607,#2608,
#2609,#2610,#2611,#2612,#2613,#2614,#2615,#2616,#2617,#2618,#2619,#2620),
 .UNSPECIFIED.,.F.,.F.,(4,2,2,2,2,2,2,2,4),(-1.37850328389214,-1.20701316243915,
-1.03552304098617,-0.86238734146612,-0.68925164194607,-0.51611594242602,
-0.34298024290597,-0.171490121452985,0.),.UNSPECIFIED.);
#317=B_SPLINE_CURVE_WITH_KNOTS('',3,(#2635,#2636,#2637,#2638,#2639,#2640,
#2641,#2642,#2643,#2644,#2645,#2646,#2647,#2648,#2649,#2650,#2651,#2652,
#2653,#2654,#2655,#2656,#2657,#2658,#2659,#2660,#2661,#2662,#2663,#2664,
#2665,#2666,#2667,#2668),.UNSPECIFIED.,.T.,.F.,(4,2,2,2,2,2,2,2,2,2,2,2,
2,2,2,2,4),(0.,0.169663724550867,0.339327449101735,0.50899024630453,0.678653043507326,
0.848315840710122,1.01797863791292,1.18764236246378,1.35730608701465,1.52696981156552,
1.69663353611639,1.86629633331918,2.03595913052198,2.20562192772477,2.37528472492757,
2.54494844947844,2.7146121740293),.UNSPECIFIED.);
#318=LINE('',#2045,#428);
#319=LINE('',#2084,#429);
#320=LINE('',#2123,#430);
#321=LINE('',#2162,#431);
#322=LINE('',#2201,#432);
#323=LINE('',#2240,#433);
#324=LINE('',#2279,#434);
#325=LINE('',#2318,#435);
#326=LINE('',#2357,#436);
#327=LINE('',#2395,#437);
#328=LINE('',#2397,#438);
#329=LINE('',#2398,#439);
#330=LINE('',#2420,#440);
#331=LINE('',#2424,#441);
#332=LINE('',#2428,#442);
#333=LINE('',#2431,#443);
#334=LINE('',#2434,#444);
#335=LINE('',#2435,#445);
#336=LINE('',#2438,#446);
#337=LINE('',#2439,#447);
#338=LINE('',#2443,#448);
#339=LINE('',#2444,#449);
#340=LINE('',#2445,#450);
#341=LINE('',#2447,#451);
#342=LINE('',#2450,#452);
#343=LINE('',#2452,#453);
#344=LINE('',#2453,#454);
#345=LINE('',#2456,#455);
#346=LINE('',#2460,#456);
#347=LINE('',#2467,#457);
#348=LINE('',#2471,#458);
#349=LINE('',#2506,#459);
#350=LINE('',#2509,#460);
#351=LINE('',#2511,#461);
#352=LINE('',#2512,#462);
#353=LINE('',#2515,#463);
#354=LINE('',#2517,#464);
#355=LINE('',#2518,#465);
#356=LINE('',#2520,#466);
#357=LINE('',#2527,#467);
#358=LINE('',#2531,#468);
#359=LINE('',#2534,#469);
#360=LINE('',#2536,#470);
#361=LINE('',#2540,#471);
#362=LINE('',#2544,#472);
#363=LINE('',#2548,#473);
#364=LINE('',#2552,#474);
#365=LINE('',#2556,#475);
#366=LINE('',#2560,#476);
#367=LINE('',#2563,#477);
#368=LINE('',#2567,#478);
#369=LINE('',#2569,#479);
#370=LINE('',#2571,#480);
#371=LINE('',#2572,#481);
#372=LINE('',#2595,#482);
#373=LINE('',#2598,#483);
#374=LINE('',#2600,#484);
#375=LINE('',#2601,#485);
#376=LINE('',#2623,#486);
#377=LINE('',#2624,#487);
#378=LINE('',#2626,#488);
#379=LINE('',#2628,#489);
#380=LINE('',#2634,#490);
#381=LINE('',#2671,#491);
#382=LINE('',#2673,#492);
#383=LINE('',#2674,#493);
#384=LINE('',#2678,#494);
#385=LINE('',#2682,#495);
#386=LINE('',#2685,#496);
#387=LINE('',#2687,#497);
#388=LINE('',#2688,#498);
#389=LINE('',#2692,#499);
#390=LINE('',#2695,#500);
#391=LINE('',#2699,#501);
#392=LINE('',#2700,#502);
#393=LINE('',#2703,#503);
#394=LINE('',#2704,#504);
#395=LINE('',#2707,#505);
#396=LINE('',#2708,#506);
#397=LINE('',#2711,#507);
#398=LINE('',#2712,#508);
#399=LINE('',#2715,#509);
#400=LINE('',#2716,#510);
#401=LINE('',#2720,#511);
#402=LINE('',#2721,#512);
#403=LINE('',#2722,#513);
#404=LINE('',#2726,#514);
#405=LINE('',#2731,#515);
#406=LINE('',#2736,#516);
#407=LINE('',#2743,#517);
#408=LINE('',#2748,#518);
#409=LINE('',#2755,#519);
#410=LINE('',#2760,#520);
#411=LINE('',#2768,#521);
#412=LINE('',#2769,#522);
#413=LINE('',#2773,#523);
#414=LINE('',#2774,#524);
#415=LINE('',#2775,#525);
#416=LINE('',#2780,#526);
#417=LINE('',#2785,#527);
#418=LINE('',#2802,#528);
#419=LINE('',#2807,#529);
#420=LINE('',#2814,#530);
#421=LINE('',#2819,#531);
#422=LINE('',#2826,#532);
#423=LINE('',#2831,#533);
#424=LINE('',#2838,#534);
#425=LINE('',#2843,#535);
#426=LINE('',#2851,#536);
#427=LINE('',#2856,#537);
#428=VECTOR('',#1622,0.6);
#429=VECTOR('',#1627,0.6);
#430=VECTOR('',#1632,0.6);
#431=VECTOR('',#1637,0.6);
#432=VECTOR('',#1642,0.6);
#433=VECTOR('',#1647,0.6);
#434=VECTOR('',#1652,0.6);
#435=VECTOR('',#1657,0.6);
#436=VECTOR('',#1662,0.6);
#437=VECTOR('',#1665,10.);
#438=VECTOR('',#1666,10.);
#439=VECTOR('',#1667,10.);
#440=VECTOR('',#1672,10.);
#441=VECTOR('',#1677,10.);
#442=VECTOR('',#1680,10.);
#443=VECTOR('',#1683,10.);
#444=VECTOR('',#1686,10.);
#445=VECTOR('',#1687,10.);
#446=VECTOR('',#1690,10.);
#447=VECTOR('',#1691,10.);
#448=VECTOR('',#1694,10.);
#449=VECTOR('',#1695,10.);
#450=VECTOR('',#1696,10.);
#451=VECTOR('',#1699,10.);
#452=VECTOR('',#1702,10.);
#453=VECTOR('',#1703,10.);
#454=VECTOR('',#1704,10.);
#455=VECTOR('',#1705,10.);
#456=VECTOR('',#1708,10.);
#457=VECTOR('',#1715,10.);
#458=VECTOR('',#1718,3.5);
#459=VECTOR('',#1719,10.);
#460=VECTOR('',#1722,10.);
#461=VECTOR('',#1723,10.);
#462=VECTOR('',#1724,10.);
#463=VECTOR('',#1727,10.);
#464=VECTOR('',#1728,10.);
#465=VECTOR('',#1729,10.);
#466=VECTOR('',#1732,10.);
#467=VECTOR('',#1739,10.);
#468=VECTOR('',#1742,10.);
#469=VECTOR('',#1745,10.);
#470=VECTOR('',#1746,10.);
#471=VECTOR('',#1749,10.);
#472=VECTOR('',#1752,10.);
#473=VECTOR('',#1755,10.);
#474=VECTOR('',#1758,10.);
#475=VECTOR('',#1761,10.);
#476=VECTOR('',#1764,10.);
#477=VECTOR('',#1767,10.);
#478=VECTOR('',#1770,10.);
#479=VECTOR('',#1771,10.);
#480=VECTOR('',#1772,10.);
#481=VECTOR('',#1773,10.);
#482=VECTOR('',#1778,10.);
#483=VECTOR('',#1781,10.);
#484=VECTOR('',#1782,10.);
#485=VECTOR('',#1783,10.);
#486=VECTOR('',#1790,10.);
#487=VECTOR('',#1791,10.);
#488=VECTOR('',#1794,10.);
#489=VECTOR('',#1797,10.);
#490=VECTOR('',#1804,4.5);
#491=VECTOR('',#1807,10.);
#492=VECTOR('',#1808,10.);
#493=VECTOR('',#1809,10.);
#494=VECTOR('',#1814,10.);
#495=VECTOR('',#1819,10.);
#496=VECTOR('',#1822,10.);
#497=VECTOR('',#1823,10.);
#498=VECTOR('',#1824,10.);
#499=VECTOR('',#1829,10.);
#500=VECTOR('',#1832,10.);
#501=VECTOR('',#1837,10.);
#502=VECTOR('',#1838,10.);
#503=VECTOR('',#1841,10.);
#504=VECTOR('',#1842,10.);
#505=VECTOR('',#1845,10.);
#506=VECTOR('',#1846,10.);
#507=VECTOR('',#1849,10.);
#508=VECTOR('',#1850,10.);
#509=VECTOR('',#1853,10.);
#510=VECTOR('',#1854,10.);
#511=VECTOR('',#1857,10.);
#512=VECTOR('',#1858,10.);
#513=VECTOR('',#1859,10.);
#514=VECTOR('',#1864,10.);
#515=VECTOR('',#1869,1.25);
#516=VECTOR('',#1876,3.5);
#517=VECTOR('',#1885,1.25);
#518=VECTOR('',#1892,3.5);
#519=VECTOR('',#1901,1.25);
#520=VECTOR('',#1908,3.5);
#521=VECTOR('',#1921,10.);
#522=VECTOR('',#1922,10.);
#523=VECTOR('',#1925,10.);
#524=VECTOR('',#1926,10.);
#525=VECTOR('',#1927,10.);
#526=VECTOR('',#1932,1.25);
#527=VECTOR('',#1939,3.5);
#528=VECTOR('',#1960,1.25);
#529=VECTOR('',#1967,3.5);
#530=VECTOR('',#1976,1.25);
#531=VECTOR('',#1983,3.5);
#532=VECTOR('',#1992,1.25);
#533=VECTOR('',#1999,3.5);
#534=VECTOR('',#2008,1.25);
#535=VECTOR('',#2015,3.5);
#536=VECTOR('',#2028,39.);
#537=VECTOR('',#2033,40.);
#538=CIRCLE('',#1461,0.6);
#539=CIRCLE('',#1463,0.6);
#540=CIRCLE('',#1465,0.6);
#541=CIRCLE('',#1467,0.6);
#542=CIRCLE('',#1469,0.6);
#543=CIRCLE('',#1471,0.6);
#544=CIRCLE('',#1473,0.6);
#545=CIRCLE('',#1475,0.6);
#546=CIRCLE('',#1477,0.6);
#547=CIRCLE('',#1483,36.5);
#548=CIRCLE('',#1484,36.5);
#549=CIRCLE('',#1490,1.725);
#550=CIRCLE('',#1491,1.725);
#551=CIRCLE('',#1493,3.5);
#552=CIRCLE('',#1494,3.5);
#553=CIRCLE('',#1499,39.);
#554=CIRCLE('',#1500,36.5);
#555=CIRCLE('',#1501,3.5);
#556=CIRCLE('',#1502,36.5);
#557=CIRCLE('',#1503,36.5);
#558=CIRCLE('',#1504,3.5);
#559=CIRCLE('',#1505,36.5);
#560=CIRCLE('',#1506,3.5);
#561=CIRCLE('',#1507,36.5);
#562=CIRCLE('',#1508,36.5);
#563=CIRCLE('',#1509,3.5);
#564=CIRCLE('',#1512,1.725);
#565=CIRCLE('',#1515,1.725);
#566=CIRCLE('',#1521,4.5);
#567=CIRCLE('',#1524,36.5);
#568=CIRCLE('',#1526,36.5);
#569=CIRCLE('',#1529,36.5);
#570=CIRCLE('',#1531,36.5);
#571=CIRCLE('',#1539,36.5);
#572=CIRCLE('',#1541,1.25);
#573=CIRCLE('',#1542,1.25);
#574=CIRCLE('',#1544,3.5);
#575=CIRCLE('',#1545,3.5);
#576=CIRCLE('',#1548,1.25);
#577=CIRCLE('',#1549,1.25);
#578=CIRCLE('',#1551,3.5);
#579=CIRCLE('',#1552,3.5);
#580=CIRCLE('',#1555,1.25);
#581=CIRCLE('',#1556,1.25);
#582=CIRCLE('',#1558,3.5);
#583=CIRCLE('',#1559,3.5);
#584=CIRCLE('',#1567,1.25);
#585=CIRCLE('',#1568,1.25);
#586=CIRCLE('',#1570,3.5);
#587=CIRCLE('',#1571,3.5);
#588=CIRCLE('',#1574,36.5);
#589=CIRCLE('',#1575,3.5);
#590=CIRCLE('',#1576,3.5);
#591=CIRCLE('',#1577,3.5);
#592=CIRCLE('',#1578,3.5);
#593=CIRCLE('',#1580,1.25);
#594=CIRCLE('',#1581,1.25);
#595=CIRCLE('',#1583,3.5);
#596=CIRCLE('',#1587,1.25);
#597=CIRCLE('',#1588,1.25);
#598=CIRCLE('',#1590,3.5);
#599=CIRCLE('',#1594,1.25);
#600=CIRCLE('',#1595,1.25);
#601=CIRCLE('',#1597,3.5);
#602=CIRCLE('',#1601,1.25);
#603=CIRCLE('',#1602,1.25);
#604=CIRCLE('',#1604,3.5);
#605=CIRCLE('',#1610,39.);
#606=CIRCLE('',#1612,40.);
#607=CIRCLE('',#1613,40.);
#608=VERTEX_POINT('',#2042);
#609=VERTEX_POINT('',#2044);
#610=VERTEX_POINT('',#2081);
#611=VERTEX_POINT('',#2083);
#612=VERTEX_POINT('',#2120);
#613=VERTEX_POINT('',#2122);
#614=VERTEX_POINT('',#2159);
#615=VERTEX_POINT('',#2161);
#616=VERTEX_POINT('',#2198);
#617=VERTEX_POINT('',#2200);
#618=VERTEX_POINT('',#2237);
#619=VERTEX_POINT('',#2239);
#620=VERTEX_POINT('',#2276);
#621=VERTEX_POINT('',#2278);
#622=VERTEX_POINT('',#2315);
#623=VERTEX_POINT('',#2317);
#624=VERTEX_POINT('',#2354);
#625=VERTEX_POINT('',#2356);
#626=VERTEX_POINT('',#2393);
#627=VERTEX_POINT('',#2394);
#628=VERTEX_POINT('',#2396);
#629=VERTEX_POINT('',#2400);
#630=VERTEX_POINT('',#2417);
#631=VERTEX_POINT('',#2419);
#632=VERTEX_POINT('',#2423);
#633=VERTEX_POINT('',#2425);
#634=VERTEX_POINT('',#2427);
#635=VERTEX_POINT('',#2429);
#636=VERTEX_POINT('',#2433);
#637=VERTEX_POINT('',#2437);
#638=VERTEX_POINT('',#2441);
#639=VERTEX_POINT('',#2442);
#640=VERTEX_POINT('',#2449);
#641=VERTEX_POINT('',#2451);
#642=VERTEX_POINT('',#2454);
#643=VERTEX_POINT('',#2455);
#644=VERTEX_POINT('',#2457);
#645=VERTEX_POINT('',#2459);
#646=VERTEX_POINT('',#2463);
#647=VERTEX_POINT('',#2464);
#648=VERTEX_POINT('',#2466);
#649=VERTEX_POINT('',#2468);
#650=VERTEX_POINT('',#2470);
#651=VERTEX_POINT('',#2508);
#652=VERTEX_POINT('',#2510);
#653=VERTEX_POINT('',#2514);
#654=VERTEX_POINT('',#2516);
#655=VERTEX_POINT('',#2522);
#656=VERTEX_POINT('',#2524);
#657=VERTEX_POINT('',#2526);
#658=VERTEX_POINT('',#2528);
#659=VERTEX_POINT('',#2530);
#660=VERTEX_POINT('',#2532);
#661=VERTEX_POINT('',#2535);
#662=VERTEX_POINT('',#2537);
#663=VERTEX_POINT('',#2539);
#664=VERTEX_POINT('',#2541);
#665=VERTEX_POINT('',#2543);
#666=VERTEX_POINT('',#2545);
#667=VERTEX_POINT('',#2547);
#668=VERTEX_POINT('',#2549);
#669=VERTEX_POINT('',#2551);
#670=VERTEX_POINT('',#2553);
#671=VERTEX_POINT('',#2555);
#672=VERTEX_POINT('',#2557);
#673=VERTEX_POINT('',#2559);
#674=VERTEX_POINT('',#2561);
#675=VERTEX_POINT('',#2565);
#676=VERTEX_POINT('',#2566);
#677=VERTEX_POINT('',#2568);
#678=VERTEX_POINT('',#2570);
#679=VERTEX_POINT('',#2574);
#680=VERTEX_POINT('',#2593);
#681=VERTEX_POINT('',#2597);
#682=VERTEX_POINT('',#2599);
#683=VERTEX_POINT('',#2631);
#684=VERTEX_POINT('',#2633);
#685=VERTEX_POINT('',#2670);
#686=VERTEX_POINT('',#2672);
#687=VERTEX_POINT('',#2676);
#688=VERTEX_POINT('',#2680);
#689=VERTEX_POINT('',#2684);
#690=VERTEX_POINT('',#2686);
#691=VERTEX_POINT('',#2690);
#692=VERTEX_POINT('',#2694);
#693=VERTEX_POINT('',#2698);
#694=VERTEX_POINT('',#2702);
#695=VERTEX_POINT('',#2706);
#696=VERTEX_POINT('',#2710);
#697=VERTEX_POINT('',#2714);
#698=VERTEX_POINT('',#2718);
#699=VERTEX_POINT('',#2719);
#700=VERTEX_POINT('',#2724);
#701=VERTEX_POINT('',#2728);
#702=VERTEX_POINT('',#2730);
#703=VERTEX_POINT('',#2734);
#704=VERTEX_POINT('',#2740);
#705=VERTEX_POINT('',#2742);
#706=VERTEX_POINT('',#2746);
#707=VERTEX_POINT('',#2752);
#708=VERTEX_POINT('',#2754);
#709=VERTEX_POINT('',#2758);
#710=VERTEX_POINT('',#2767);
#711=VERTEX_POINT('',#2771);
#712=VERTEX_POINT('',#2772);
#713=VERTEX_POINT('',#2777);
#714=VERTEX_POINT('',#2779);
#715=VERTEX_POINT('',#2783);
#716=VERTEX_POINT('',#2790);
#717=VERTEX_POINT('',#2792);
#718=VERTEX_POINT('',#2794);
#719=VERTEX_POINT('',#2796);
#720=VERTEX_POINT('',#2799);
#721=VERTEX_POINT('',#2801);
#722=VERTEX_POINT('',#2805);
#723=VERTEX_POINT('',#2811);
#724=VERTEX_POINT('',#2813);
#725=VERTEX_POINT('',#2817);
#726=VERTEX_POINT('',#2823);
#727=VERTEX_POINT('',#2825);
#728=VERTEX_POINT('',#2829);
#729=VERTEX_POINT('',#2835);
#730=VERTEX_POINT('',#2837);
#731=VERTEX_POINT('',#2841);
#732=VERTEX_POINT('',#2849);
#733=VERTEX_POINT('',#2853);
#734=VERTEX_POINT('',#2855);
#735=EDGE_CURVE('',#608,#608,#538,.T.);
#736=EDGE_CURVE('',#608,#609,#318,.T.);
#737=EDGE_CURVE('',#609,#609,#304,.T.);
#738=EDGE_CURVE('',#610,#610,#539,.T.);
#739=EDGE_CURVE('',#610,#611,#319,.T.);
#740=EDGE_CURVE('',#611,#611,#305,.T.);
#741=EDGE_CURVE('',#612,#612,#540,.T.);
#742=EDGE_CURVE('',#612,#613,#320,.T.);
#743=EDGE_CURVE('',#613,#613,#306,.T.);
#744=EDGE_CURVE('',#614,#614,#541,.T.);
#745=EDGE_CURVE('',#614,#615,#321,.T.);
#746=EDGE_CURVE('',#615,#615,#307,.T.);
#747=EDGE_CURVE('',#616,#616,#542,.T.);
#748=EDGE_CURVE('',#616,#617,#322,.T.);
#749=EDGE_CURVE('',#617,#617,#308,.T.);
#750=EDGE_CURVE('',#618,#618,#543,.T.);
#751=EDGE_CURVE('',#618,#619,#323,.T.);
#752=EDGE_CURVE('',#619,#619,#309,.T.);
#753=EDGE_CURVE('',#620,#620,#544,.T.);
#754=EDGE_CURVE('',#620,#621,#324,.T.);
#755=EDGE_CURVE('',#621,#621,#310,.T.);
#756=EDGE_CURVE('',#622,#622,#545,.T.);
#757=EDGE_CURVE('',#622,#623,#325,.T.);
#758=EDGE_CURVE('',#623,#623,#311,.T.);
#759=EDGE_CURVE('',#624,#624,#546,.T.);
#760=EDGE_CURVE('',#624,#625,#326,.T.);
#761=EDGE_CURVE('',#625,#625,#312,.T.);
#762=EDGE_CURVE('',#626,#627,#327,.T.);
#763=EDGE_CURVE('',#626,#628,#328,.T.);
#764=EDGE_CURVE('',#628,#627,#329,.T.);
#765=EDGE_CURVE('',#629,#626,#313,.T.);
#766=EDGE_CURVE('',#630,#629,#54,.T.);
#767=EDGE_CURVE('',#631,#630,#330,.T.);
#768=EDGE_CURVE('',#631,#628,#55,.T.);
#769=EDGE_CURVE('',#626,#632,#331,.T.);
#770=EDGE_CURVE('',#633,#632,#547,.T.);
#771=EDGE_CURVE('',#633,#634,#332,.T.);
#772=EDGE_CURVE('',#635,#634,#548,.T.);
#773=EDGE_CURVE('',#635,#629,#333,.T.);
#774=EDGE_CURVE('',#636,#630,#334,.T.);
#775=EDGE_CURVE('',#631,#636,#335,.T.);
#776=EDGE_CURVE('',#632,#637,#336,.T.);
#777=EDGE_CURVE('',#637,#627,#337,.T.);
#778=EDGE_CURVE('',#638,#639,#338,.T.);
#779=EDGE_CURVE('',#638,#636,#339,.T.);
#780=EDGE_CURVE('',#639,#630,#340,.T.);
#781=EDGE_CURVE('',#637,#638,#341,.T.);
#782=EDGE_CURVE('',#640,#635,#342,.T.);
#783=EDGE_CURVE('',#641,#640,#343,.T.);
#784=EDGE_CURVE('',#639,#641,#344,.T.);
#785=EDGE_CURVE('',#642,#643,#345,.T.);
#786=EDGE_CURVE('',#643,#644,#549,.T.);
#787=EDGE_CURVE('',#644,#645,#346,.T.);
#788=EDGE_CURVE('',#645,#642,#550,.T.);
#789=EDGE_CURVE('',#646,#647,#551,.T.);
#790=EDGE_CURVE('',#646,#648,#347,.T.);
#791=EDGE_CURVE('',#649,#648,#552,.T.);
#792=EDGE_CURVE('',#649,#650,#348,.T.);
#793=EDGE_CURVE('',#650,#650,#314,.T.);
#794=EDGE_CURVE('',#647,#649,#349,.T.);
#795=EDGE_CURVE('',#651,#646,#350,.T.);
#796=EDGE_CURVE('',#652,#651,#351,.T.);
#797=EDGE_CURVE('',#652,#648,#352,.T.);
#798=EDGE_CURVE('',#647,#653,#353,.T.);
#799=EDGE_CURVE('',#649,#654,#354,.T.);
#800=EDGE_CURVE('',#653,#654,#355,.T.);
#801=EDGE_CURVE('',#654,#652,#356,.T.);
#802=EDGE_CURVE('',#655,#655,#553,.T.);
#803=EDGE_CURVE('',#641,#656,#554,.T.);
#804=EDGE_CURVE('',#656,#657,#357,.T.);
#805=EDGE_CURVE('',#658,#657,#555,.T.);
#806=EDGE_CURVE('',#658,#659,#358,.T.);
#807=EDGE_CURVE('',#659,#660,#556,.T.);
#808=EDGE_CURVE('',#653,#660,#359,.T.);
#809=EDGE_CURVE('',#661,#651,#360,.T.);
#810=EDGE_CURVE('',#661,#662,#557,.T.);
#811=EDGE_CURVE('',#662,#663,#361,.T.);
#812=EDGE_CURVE('',#664,#663,#558,.T.);
#813=EDGE_CURVE('',#664,#665,#362,.T.);
#814=EDGE_CURVE('',#665,#666,#559,.T.);
#815=EDGE_CURVE('',#666,#667,#363,.T.);
#816=EDGE_CURVE('',#668,#667,#560,.T.);
#817=EDGE_CURVE('',#668,#669,#364,.T.);
#818=EDGE_CURVE('',#669,#670,#561,.T.);
#819=EDGE_CURVE('',#671,#670,#365,.T.);
#820=EDGE_CURVE('',#671,#672,#562,.T.);
#821=EDGE_CURVE('',#672,#673,#366,.T.);
#822=EDGE_CURVE('',#674,#673,#563,.T.);
#823=EDGE_CURVE('',#674,#633,#367,.T.);
#824=EDGE_CURVE('',#675,#676,#368,.T.);
#825=EDGE_CURVE('',#677,#675,#369,.T.);
#826=EDGE_CURVE('',#678,#677,#370,.T.);
#827=EDGE_CURVE('',#678,#676,#371,.T.);
#828=EDGE_CURVE('',#676,#679,#315,.T.);
#829=EDGE_CURVE('',#680,#678,#564,.T.);
#830=EDGE_CURVE('',#680,#679,#372,.T.);
#831=EDGE_CURVE('',#679,#681,#373,.T.);
#832=EDGE_CURVE('',#682,#680,#374,.T.);
#833=EDGE_CURVE('',#682,#681,#375,.T.);
#834=EDGE_CURVE('',#681,#675,#316,.T.);
#835=EDGE_CURVE('',#677,#682,#565,.T.);
#836=EDGE_CURVE('',#642,#682,#376,.T.);
#837=EDGE_CURVE('',#643,#680,#377,.T.);
#838=EDGE_CURVE('',#645,#677,#378,.T.);
#839=EDGE_CURVE('',#644,#678,#379,.T.);
#840=EDGE_CURVE('',#683,#683,#566,.T.);
#841=EDGE_CURVE('',#683,#684,#380,.T.);
#842=EDGE_CURVE('',#684,#684,#317,.T.);
#843=EDGE_CURVE('',#685,#670,#381,.T.);
#844=EDGE_CURVE('',#686,#685,#382,.T.);
#845=EDGE_CURVE('',#671,#686,#383,.T.);
#846=EDGE_CURVE('',#687,#686,#567,.T.);
#847=EDGE_CURVE('',#687,#672,#384,.T.);
#848=EDGE_CURVE('',#688,#640,#568,.T.);
#849=EDGE_CURVE('',#688,#656,#385,.T.);
#850=EDGE_CURVE('',#689,#660,#386,.T.);
#851=EDGE_CURVE('',#690,#689,#387,.T.);
#852=EDGE_CURVE('',#661,#690,#388,.T.);
#853=EDGE_CURVE('',#691,#690,#569,.T.);
#854=EDGE_CURVE('',#691,#662,#389,.T.);
#855=EDGE_CURVE('',#659,#692,#390,.T.);
#856=EDGE_CURVE('',#689,#692,#570,.T.);
#857=EDGE_CURVE('',#693,#687,#391,.T.);
#858=EDGE_CURVE('',#693,#673,#392,.T.);
#859=EDGE_CURVE('',#634,#694,#393,.T.);
#860=EDGE_CURVE('',#694,#674,#394,.T.);
#861=EDGE_CURVE('',#695,#688,#395,.T.);
#862=EDGE_CURVE('',#695,#657,#396,.T.);
#863=EDGE_CURVE('',#692,#696,#397,.T.);
#864=EDGE_CURVE('',#696,#658,#398,.T.);
#865=EDGE_CURVE('',#697,#691,#399,.T.);
#866=EDGE_CURVE('',#697,#663,#400,.T.);
#867=EDGE_CURVE('',#698,#699,#401,.T.);
#868=EDGE_CURVE('',#665,#698,#402,.T.);
#869=EDGE_CURVE('',#699,#664,#403,.T.);
#870=EDGE_CURVE('',#700,#698,#571,.T.);
#871=EDGE_CURVE('',#700,#666,#404,.T.);
#872=EDGE_CURVE('',#701,#701,#572,.T.);
#873=EDGE_CURVE('',#701,#702,#405,.T.);
#874=EDGE_CURVE('',#702,#702,#573,.T.);
#875=EDGE_CURVE('',#703,#703,#574,.T.);
#876=EDGE_CURVE('',#703,#673,#406,.T.);
#877=EDGE_CURVE('',#694,#693,#575,.T.);
#878=EDGE_CURVE('',#704,#704,#576,.T.);
#879=EDGE_CURVE('',#704,#705,#407,.T.);
#880=EDGE_CURVE('',#705,#705,#577,.T.);
#881=EDGE_CURVE('',#706,#706,#578,.T.);
#882=EDGE_CURVE('',#706,#657,#408,.T.);
#883=EDGE_CURVE('',#696,#695,#579,.T.);
#884=EDGE_CURVE('',#707,#707,#580,.T.);
#885=EDGE_CURVE('',#707,#708,#409,.T.);
#886=EDGE_CURVE('',#708,#708,#581,.T.);
#887=EDGE_CURVE('',#709,#709,#582,.T.);
#888=EDGE_CURVE('',#709,#663,#410,.T.);
#889=EDGE_CURVE('',#699,#697,#583,.T.);
#890=EDGE_CURVE('',#710,#700,#411,.T.);
#891=EDGE_CURVE('',#710,#667,#412,.T.);
#892=EDGE_CURVE('',#711,#712,#413,.T.);
#893=EDGE_CURVE('',#669,#711,#414,.T.);
#894=EDGE_CURVE('',#712,#668,#415,.T.);
#895=EDGE_CURVE('',#713,#713,#584,.T.);
#896=EDGE_CURVE('',#713,#714,#416,.T.);
#897=EDGE_CURVE('',#714,#714,#585,.T.);
#898=EDGE_CURVE('',#715,#715,#586,.T.);
#899=EDGE_CURVE('',#715,#667,#417,.T.);
#900=EDGE_CURVE('',#712,#710,#587,.T.);
#901=EDGE_CURVE('',#685,#711,#588,.T.);
#902=EDGE_CURVE('',#716,#716,#589,.T.);
#903=EDGE_CURVE('',#717,#717,#590,.T.);
#904=EDGE_CURVE('',#718,#718,#591,.T.);
#905=EDGE_CURVE('',#719,#719,#592,.T.);
#906=EDGE_CURVE('',#720,#720,#593,.T.);
#907=EDGE_CURVE('',#720,#721,#418,.T.);
#908=EDGE_CURVE('',#721,#721,#594,.T.);
#909=EDGE_CURVE('',#722,#722,#595,.T.);
#910=EDGE_CURVE('',#722,#719,#419,.T.);
#911=EDGE_CURVE('',#723,#723,#596,.T.);
#912=EDGE_CURVE('',#723,#724,#420,.T.);
#913=EDGE_CURVE('',#724,#724,#597,.T.);
#914=EDGE_CURVE('',#725,#725,#598,.T.);
#915=EDGE_CURVE('',#725,#716,#421,.T.);
#916=EDGE_CURVE('',#726,#726,#599,.T.);
#917=EDGE_CURVE('',#726,#727,#422,.T.);
#918=EDGE_CURVE('',#727,#727,#600,.T.);
#919=EDGE_CURVE('',#728,#728,#601,.T.);
#920=EDGE_CURVE('',#728,#718,#423,.T.);
#921=EDGE_CURVE('',#729,#729,#602,.T.);
#922=EDGE_CURVE('',#729,#730,#424,.T.);
#923=EDGE_CURVE('',#730,#730,#603,.T.);
#924=EDGE_CURVE('',#731,#731,#604,.T.);
#925=EDGE_CURVE('',#731,#717,#425,.T.);
#926=EDGE_CURVE('',#732,#732,#605,.T.);
#927=EDGE_CURVE('',#732,#655,#426,.T.);
#928=EDGE_CURVE('',#733,#733,#606,.T.);
#929=EDGE_CURVE('',#733,#734,#427,.T.);
#930=EDGE_CURVE('',#734,#734,#607,.T.);
#931=ORIENTED_EDGE('',*,*,#735,.F.);
#932=ORIENTED_EDGE('',*,*,#736,.T.);
#933=ORIENTED_EDGE('',*,*,#737,.F.);
#934=ORIENTED_EDGE('',*,*,#736,.F.);
#935=ORIENTED_EDGE('',*,*,#738,.F.);
#936=ORIENTED_EDGE('',*,*,#739,.T.);
#937=ORIENTED_EDGE('',*,*,#740,.F.);
#938=ORIENTED_EDGE('',*,*,#739,.F.);
#939=ORIENTED_EDGE('',*,*,#741,.F.);
#940=ORIENTED_EDGE('',*,*,#742,.T.);
#941=ORIENTED_EDGE('',*,*,#743,.F.);
#942=ORIENTED_EDGE('',*,*,#742,.F.);
#943=ORIENTED_EDGE('',*,*,#744,.F.);
#944=ORIENTED_EDGE('',*,*,#745,.T.);
#945=ORIENTED_EDGE('',*,*,#746,.F.);
#946=ORIENTED_EDGE('',*,*,#745,.F.);
#947=ORIENTED_EDGE('',*,*,#747,.F.);
#948=ORIENTED_EDGE('',*,*,#748,.T.);
#949=ORIENTED_EDGE('',*,*,#749,.F.);
#950=ORIENTED_EDGE('',*,*,#748,.F.);
#951=ORIENTED_EDGE('',*,*,#750,.F.);
#952=ORIENTED_EDGE('',*,*,#751,.T.);
#953=ORIENTED_EDGE('',*,*,#752,.F.);
#954=ORIENTED_EDGE('',*,*,#751,.F.);
#955=ORIENTED_EDGE('',*,*,#753,.F.);
#956=ORIENTED_EDGE('',*,*,#754,.T.);
#957=ORIENTED_EDGE('',*,*,#755,.F.);
#958=ORIENTED_EDGE('',*,*,#754,.F.);
#959=ORIENTED_EDGE('',*,*,#756,.F.);
#960=ORIENTED_EDGE('',*,*,#757,.T.);
#961=ORIENTED_EDGE('',*,*,#758,.F.);
#962=ORIENTED_EDGE('',*,*,#757,.F.);
#963=ORIENTED_EDGE('',*,*,#759,.F.);
#964=ORIENTED_EDGE('',*,*,#760,.T.);
#965=ORIENTED_EDGE('',*,*,#761,.F.);
#966=ORIENTED_EDGE('',*,*,#760,.F.);
#967=ORIENTED_EDGE('',*,*,#762,.F.);
#968=ORIENTED_EDGE('',*,*,#763,.T.);
#969=ORIENTED_EDGE('',*,*,#764,.T.);
#970=ORIENTED_EDGE('',*,*,#765,.F.);
#971=ORIENTED_EDGE('',*,*,#766,.F.);
#972=ORIENTED_EDGE('',*,*,#767,.F.);
#973=ORIENTED_EDGE('',*,*,#768,.T.);
#974=ORIENTED_EDGE('',*,*,#763,.F.);
#975=ORIENTED_EDGE('',*,*,#765,.T.);
#976=ORIENTED_EDGE('',*,*,#769,.T.);
#977=ORIENTED_EDGE('',*,*,#770,.F.);
#978=ORIENTED_EDGE('',*,*,#771,.T.);
#979=ORIENTED_EDGE('',*,*,#772,.F.);
#980=ORIENTED_EDGE('',*,*,#773,.T.);
#981=ORIENTED_EDGE('',*,*,#767,.T.);
#982=ORIENTED_EDGE('',*,*,#774,.F.);
#983=ORIENTED_EDGE('',*,*,#775,.F.);
#984=ORIENTED_EDGE('',*,*,#776,.F.);
#985=ORIENTED_EDGE('',*,*,#769,.F.);
#986=ORIENTED_EDGE('',*,*,#762,.T.);
#987=ORIENTED_EDGE('',*,*,#777,.F.);
#988=ORIENTED_EDGE('',*,*,#778,.F.);
#989=ORIENTED_EDGE('',*,*,#779,.T.);
#990=ORIENTED_EDGE('',*,*,#774,.T.);
#991=ORIENTED_EDGE('',*,*,#780,.F.);
#992=ORIENTED_EDGE('',*,*,#781,.F.);
#993=ORIENTED_EDGE('',*,*,#777,.T.);
#994=ORIENTED_EDGE('',*,*,#764,.F.);
#995=ORIENTED_EDGE('',*,*,#768,.F.);
#996=ORIENTED_EDGE('',*,*,#775,.T.);
#997=ORIENTED_EDGE('',*,*,#779,.F.);
#998=ORIENTED_EDGE('',*,*,#759,.T.);
#999=ORIENTED_EDGE('',*,*,#756,.T.);
#1000=ORIENTED_EDGE('',*,*,#753,.T.);
#1001=ORIENTED_EDGE('',*,*,#750,.T.);
#1002=ORIENTED_EDGE('',*,*,#747,.T.);
#1003=ORIENTED_EDGE('',*,*,#744,.T.);
#1004=ORIENTED_EDGE('',*,*,#741,.T.);
#1005=ORIENTED_EDGE('',*,*,#738,.T.);
#1006=ORIENTED_EDGE('',*,*,#735,.T.);
#1007=ORIENTED_EDGE('',*,*,#766,.T.);
#1008=ORIENTED_EDGE('',*,*,#773,.F.);
#1009=ORIENTED_EDGE('',*,*,#782,.F.);
#1010=ORIENTED_EDGE('',*,*,#783,.F.);
#1011=ORIENTED_EDGE('',*,*,#784,.F.);
#1012=ORIENTED_EDGE('',*,*,#780,.T.);
#1013=ORIENTED_EDGE('',*,*,#785,.T.);
#1014=ORIENTED_EDGE('',*,*,#786,.T.);
#1015=ORIENTED_EDGE('',*,*,#787,.T.);
#1016=ORIENTED_EDGE('',*,*,#788,.T.);
#1017=ORIENTED_EDGE('',*,*,#789,.F.);
#1018=ORIENTED_EDGE('',*,*,#790,.T.);
#1019=ORIENTED_EDGE('',*,*,#791,.F.);
#1020=ORIENTED_EDGE('',*,*,#792,.T.);
#1021=ORIENTED_EDGE('',*,*,#793,.F.);
#1022=ORIENTED_EDGE('',*,*,#792,.F.);
#1023=ORIENTED_EDGE('',*,*,#794,.F.);
#1024=ORIENTED_EDGE('',*,*,#795,.F.);
#1025=ORIENTED_EDGE('',*,*,#796,.F.);
#1026=ORIENTED_EDGE('',*,*,#797,.T.);
#1027=ORIENTED_EDGE('',*,*,#790,.F.);
#1028=ORIENTED_EDGE('',*,*,#798,.F.);
#1029=ORIENTED_EDGE('',*,*,#794,.T.);
#1030=ORIENTED_EDGE('',*,*,#799,.T.);
#1031=ORIENTED_EDGE('',*,*,#800,.F.);
#1032=ORIENTED_EDGE('',*,*,#791,.T.);
#1033=ORIENTED_EDGE('',*,*,#797,.F.);
#1034=ORIENTED_EDGE('',*,*,#801,.F.);
#1035=ORIENTED_EDGE('',*,*,#799,.F.);
#1036=ORIENTED_EDGE('',*,*,#802,.F.);
#1037=ORIENTED_EDGE('',*,*,#778,.T.);
#1038=ORIENTED_EDGE('',*,*,#784,.T.);
#1039=ORIENTED_EDGE('',*,*,#803,.T.);
#1040=ORIENTED_EDGE('',*,*,#804,.T.);
#1041=ORIENTED_EDGE('',*,*,#805,.F.);
#1042=ORIENTED_EDGE('',*,*,#806,.T.);
#1043=ORIENTED_EDGE('',*,*,#807,.T.);
#1044=ORIENTED_EDGE('',*,*,#808,.F.);
#1045=ORIENTED_EDGE('',*,*,#800,.T.);
#1046=ORIENTED_EDGE('',*,*,#801,.T.);
#1047=ORIENTED_EDGE('',*,*,#796,.T.);
#1048=ORIENTED_EDGE('',*,*,#809,.F.);
#1049=ORIENTED_EDGE('',*,*,#810,.T.);
#1050=ORIENTED_EDGE('',*,*,#811,.T.);
#1051=ORIENTED_EDGE('',*,*,#812,.F.);
#1052=ORIENTED_EDGE('',*,*,#813,.T.);
#1053=ORIENTED_EDGE('',*,*,#814,.T.);
#1054=ORIENTED_EDGE('',*,*,#815,.T.);
#1055=ORIENTED_EDGE('',*,*,#816,.F.);
#1056=ORIENTED_EDGE('',*,*,#817,.T.);
#1057=ORIENTED_EDGE('',*,*,#818,.T.);
#1058=ORIENTED_EDGE('',*,*,#819,.F.);
#1059=ORIENTED_EDGE('',*,*,#820,.T.);
#1060=ORIENTED_EDGE('',*,*,#821,.T.);
#1061=ORIENTED_EDGE('',*,*,#822,.F.);
#1062=ORIENTED_EDGE('',*,*,#823,.T.);
#1063=ORIENTED_EDGE('',*,*,#770,.T.);
#1064=ORIENTED_EDGE('',*,*,#776,.T.);
#1065=ORIENTED_EDGE('',*,*,#781,.T.);
#1066=ORIENTED_EDGE('',*,*,#824,.F.);
#1067=ORIENTED_EDGE('',*,*,#825,.F.);
#1068=ORIENTED_EDGE('',*,*,#826,.F.);
#1069=ORIENTED_EDGE('',*,*,#827,.T.);
#1070=ORIENTED_EDGE('',*,*,#828,.F.);
#1071=ORIENTED_EDGE('',*,*,#827,.F.);
#1072=ORIENTED_EDGE('',*,*,#829,.F.);
#1073=ORIENTED_EDGE('',*,*,#830,.T.);
#1074=ORIENTED_EDGE('',*,*,#831,.F.);
#1075=ORIENTED_EDGE('',*,*,#830,.F.);
#1076=ORIENTED_EDGE('',*,*,#832,.F.);
#1077=ORIENTED_EDGE('',*,*,#833,.T.);
#1078=ORIENTED_EDGE('',*,*,#834,.F.);
#1079=ORIENTED_EDGE('',*,*,#833,.F.);
#1080=ORIENTED_EDGE('',*,*,#835,.F.);
#1081=ORIENTED_EDGE('',*,*,#825,.T.);
#1082=ORIENTED_EDGE('',*,*,#785,.F.);
#1083=ORIENTED_EDGE('',*,*,#836,.T.);
#1084=ORIENTED_EDGE('',*,*,#832,.T.);
#1085=ORIENTED_EDGE('',*,*,#837,.F.);
#1086=ORIENTED_EDGE('',*,*,#788,.F.);
#1087=ORIENTED_EDGE('',*,*,#838,.T.);
#1088=ORIENTED_EDGE('',*,*,#835,.T.);
#1089=ORIENTED_EDGE('',*,*,#836,.F.);
#1090=ORIENTED_EDGE('',*,*,#787,.F.);
#1091=ORIENTED_EDGE('',*,*,#839,.T.);
#1092=ORIENTED_EDGE('',*,*,#826,.T.);
#1093=ORIENTED_EDGE('',*,*,#838,.F.);
#1094=ORIENTED_EDGE('',*,*,#786,.F.);
#1095=ORIENTED_EDGE('',*,*,#837,.T.);
#1096=ORIENTED_EDGE('',*,*,#829,.T.);
#1097=ORIENTED_EDGE('',*,*,#839,.F.);
#1098=ORIENTED_EDGE('',*,*,#840,.F.);
#1099=ORIENTED_EDGE('',*,*,#841,.T.);
#1100=ORIENTED_EDGE('',*,*,#842,.F.);
#1101=ORIENTED_EDGE('',*,*,#841,.F.);
#1102=ORIENTED_EDGE('',*,*,#819,.T.);
#1103=ORIENTED_EDGE('',*,*,#843,.F.);
#1104=ORIENTED_EDGE('',*,*,#844,.F.);
#1105=ORIENTED_EDGE('',*,*,#845,.F.);
#1106=ORIENTED_EDGE('',*,*,#840,.T.);
#1107=ORIENTED_EDGE('',*,*,#845,.T.);
#1108=ORIENTED_EDGE('',*,*,#846,.F.);
#1109=ORIENTED_EDGE('',*,*,#847,.T.);
#1110=ORIENTED_EDGE('',*,*,#820,.F.);
#1111=ORIENTED_EDGE('',*,*,#783,.T.);
#1112=ORIENTED_EDGE('',*,*,#848,.F.);
#1113=ORIENTED_EDGE('',*,*,#849,.T.);
#1114=ORIENTED_EDGE('',*,*,#803,.F.);
#1115=ORIENTED_EDGE('',*,*,#798,.T.);
#1116=ORIENTED_EDGE('',*,*,#808,.T.);
#1117=ORIENTED_EDGE('',*,*,#850,.F.);
#1118=ORIENTED_EDGE('',*,*,#851,.F.);
#1119=ORIENTED_EDGE('',*,*,#852,.F.);
#1120=ORIENTED_EDGE('',*,*,#809,.T.);
#1121=ORIENTED_EDGE('',*,*,#795,.T.);
#1122=ORIENTED_EDGE('',*,*,#789,.T.);
#1123=ORIENTED_EDGE('',*,*,#852,.T.);
#1124=ORIENTED_EDGE('',*,*,#853,.F.);
#1125=ORIENTED_EDGE('',*,*,#854,.T.);
#1126=ORIENTED_EDGE('',*,*,#810,.F.);
#1127=ORIENTED_EDGE('',*,*,#850,.T.);
#1128=ORIENTED_EDGE('',*,*,#807,.F.);
#1129=ORIENTED_EDGE('',*,*,#855,.T.);
#1130=ORIENTED_EDGE('',*,*,#856,.F.);
#1131=ORIENTED_EDGE('',*,*,#857,.F.);
#1132=ORIENTED_EDGE('',*,*,#858,.T.);
#1133=ORIENTED_EDGE('',*,*,#821,.F.);
#1134=ORIENTED_EDGE('',*,*,#847,.F.);
#1135=ORIENTED_EDGE('',*,*,#859,.F.);
#1136=ORIENTED_EDGE('',*,*,#771,.F.);
#1137=ORIENTED_EDGE('',*,*,#823,.F.);
#1138=ORIENTED_EDGE('',*,*,#860,.F.);
#1139=ORIENTED_EDGE('',*,*,#861,.F.);
#1140=ORIENTED_EDGE('',*,*,#862,.T.);
#1141=ORIENTED_EDGE('',*,*,#804,.F.);
#1142=ORIENTED_EDGE('',*,*,#849,.F.);
#1143=ORIENTED_EDGE('',*,*,#863,.F.);
#1144=ORIENTED_EDGE('',*,*,#855,.F.);
#1145=ORIENTED_EDGE('',*,*,#806,.F.);
#1146=ORIENTED_EDGE('',*,*,#864,.F.);
#1147=ORIENTED_EDGE('',*,*,#865,.F.);
#1148=ORIENTED_EDGE('',*,*,#866,.T.);
#1149=ORIENTED_EDGE('',*,*,#811,.F.);
#1150=ORIENTED_EDGE('',*,*,#854,.F.);
#1151=ORIENTED_EDGE('',*,*,#867,.F.);
#1152=ORIENTED_EDGE('',*,*,#868,.F.);
#1153=ORIENTED_EDGE('',*,*,#813,.F.);
#1154=ORIENTED_EDGE('',*,*,#869,.F.);
#1155=ORIENTED_EDGE('',*,*,#868,.T.);
#1156=ORIENTED_EDGE('',*,*,#870,.F.);
#1157=ORIENTED_EDGE('',*,*,#871,.T.);
#1158=ORIENTED_EDGE('',*,*,#814,.F.);
#1159=ORIENTED_EDGE('',*,*,#872,.F.);
#1160=ORIENTED_EDGE('',*,*,#873,.T.);
#1161=ORIENTED_EDGE('',*,*,#874,.F.);
#1162=ORIENTED_EDGE('',*,*,#873,.F.);
#1163=ORIENTED_EDGE('',*,*,#875,.F.);
#1164=ORIENTED_EDGE('',*,*,#876,.T.);
#1165=ORIENTED_EDGE('',*,*,#858,.F.);
#1166=ORIENTED_EDGE('',*,*,#877,.F.);
#1167=ORIENTED_EDGE('',*,*,#860,.T.);
#1168=ORIENTED_EDGE('',*,*,#822,.T.);
#1169=ORIENTED_EDGE('',*,*,#876,.F.);
#1170=ORIENTED_EDGE('',*,*,#875,.T.);
#1171=ORIENTED_EDGE('',*,*,#872,.T.);
#1172=ORIENTED_EDGE('',*,*,#878,.F.);
#1173=ORIENTED_EDGE('',*,*,#879,.T.);
#1174=ORIENTED_EDGE('',*,*,#880,.F.);
#1175=ORIENTED_EDGE('',*,*,#879,.F.);
#1176=ORIENTED_EDGE('',*,*,#881,.F.);
#1177=ORIENTED_EDGE('',*,*,#882,.T.);
#1178=ORIENTED_EDGE('',*,*,#862,.F.);
#1179=ORIENTED_EDGE('',*,*,#883,.F.);
#1180=ORIENTED_EDGE('',*,*,#864,.T.);
#1181=ORIENTED_EDGE('',*,*,#805,.T.);
#1182=ORIENTED_EDGE('',*,*,#882,.F.);
#1183=ORIENTED_EDGE('',*,*,#881,.T.);
#1184=ORIENTED_EDGE('',*,*,#878,.T.);
#1185=ORIENTED_EDGE('',*,*,#884,.F.);
#1186=ORIENTED_EDGE('',*,*,#885,.T.);
#1187=ORIENTED_EDGE('',*,*,#886,.F.);
#1188=ORIENTED_EDGE('',*,*,#885,.F.);
#1189=ORIENTED_EDGE('',*,*,#887,.F.);
#1190=ORIENTED_EDGE('',*,*,#888,.T.);
#1191=ORIENTED_EDGE('',*,*,#866,.F.);
#1192=ORIENTED_EDGE('',*,*,#889,.F.);
#1193=ORIENTED_EDGE('',*,*,#869,.T.);
#1194=ORIENTED_EDGE('',*,*,#812,.T.);
#1195=ORIENTED_EDGE('',*,*,#888,.F.);
#1196=ORIENTED_EDGE('',*,*,#887,.T.);
#1197=ORIENTED_EDGE('',*,*,#884,.T.);
#1198=ORIENTED_EDGE('',*,*,#886,.T.);
#1199=ORIENTED_EDGE('',*,*,#880,.T.);
#1200=ORIENTED_EDGE('',*,*,#874,.T.);
#1201=ORIENTED_EDGE('',*,*,#890,.F.);
#1202=ORIENTED_EDGE('',*,*,#891,.T.);
#1203=ORIENTED_EDGE('',*,*,#815,.F.);
#1204=ORIENTED_EDGE('',*,*,#871,.F.);
#1205=ORIENTED_EDGE('',*,*,#892,.F.);
#1206=ORIENTED_EDGE('',*,*,#893,.F.);
#1207=ORIENTED_EDGE('',*,*,#817,.F.);
#1208=ORIENTED_EDGE('',*,*,#894,.F.);
#1209=ORIENTED_EDGE('',*,*,#895,.F.);
#1210=ORIENTED_EDGE('',*,*,#896,.T.);
#1211=ORIENTED_EDGE('',*,*,#897,.F.);
#1212=ORIENTED_EDGE('',*,*,#896,.F.);
#1213=ORIENTED_EDGE('',*,*,#898,.F.);
#1214=ORIENTED_EDGE('',*,*,#899,.T.);
#1215=ORIENTED_EDGE('',*,*,#891,.F.);
#1216=ORIENTED_EDGE('',*,*,#900,.F.);
#1217=ORIENTED_EDGE('',*,*,#894,.T.);
#1218=ORIENTED_EDGE('',*,*,#816,.T.);
#1219=ORIENTED_EDGE('',*,*,#899,.F.);
#1220=ORIENTED_EDGE('',*,*,#898,.T.);
#1221=ORIENTED_EDGE('',*,*,#895,.T.);
#1222=ORIENTED_EDGE('',*,*,#844,.T.);
#1223=ORIENTED_EDGE('',*,*,#901,.T.);
#1224=ORIENTED_EDGE('',*,*,#892,.T.);
#1225=ORIENTED_EDGE('',*,*,#900,.T.);
#1226=ORIENTED_EDGE('',*,*,#890,.T.);
#1227=ORIENTED_EDGE('',*,*,#870,.T.);
#1228=ORIENTED_EDGE('',*,*,#867,.T.);
#1229=ORIENTED_EDGE('',*,*,#889,.T.);
#1230=ORIENTED_EDGE('',*,*,#865,.T.);
#1231=ORIENTED_EDGE('',*,*,#853,.T.);
#1232=ORIENTED_EDGE('',*,*,#851,.T.);
#1233=ORIENTED_EDGE('',*,*,#856,.T.);
#1234=ORIENTED_EDGE('',*,*,#863,.T.);
#1235=ORIENTED_EDGE('',*,*,#883,.T.);
#1236=ORIENTED_EDGE('',*,*,#861,.T.);
#1237=ORIENTED_EDGE('',*,*,#848,.T.);
#1238=ORIENTED_EDGE('',*,*,#782,.T.);
#1239=ORIENTED_EDGE('',*,*,#772,.T.);
#1240=ORIENTED_EDGE('',*,*,#859,.T.);
#1241=ORIENTED_EDGE('',*,*,#877,.T.);
#1242=ORIENTED_EDGE('',*,*,#857,.T.);
#1243=ORIENTED_EDGE('',*,*,#846,.T.);
#1244=ORIENTED_EDGE('',*,*,#902,.T.);
#1245=ORIENTED_EDGE('',*,*,#903,.T.);
#1246=ORIENTED_EDGE('',*,*,#904,.T.);
#1247=ORIENTED_EDGE('',*,*,#905,.T.);
#1248=ORIENTED_EDGE('',*,*,#906,.F.);
#1249=ORIENTED_EDGE('',*,*,#907,.T.);
#1250=ORIENTED_EDGE('',*,*,#908,.F.);
#1251=ORIENTED_EDGE('',*,*,#907,.F.);
#1252=ORIENTED_EDGE('',*,*,#909,.F.);
#1253=ORIENTED_EDGE('',*,*,#910,.T.);
#1254=ORIENTED_EDGE('',*,*,#905,.F.);
#1255=ORIENTED_EDGE('',*,*,#910,.F.);
#1256=ORIENTED_EDGE('',*,*,#909,.T.);
#1257=ORIENTED_EDGE('',*,*,#906,.T.);
#1258=ORIENTED_EDGE('',*,*,#897,.T.);
#1259=ORIENTED_EDGE('',*,*,#911,.F.);
#1260=ORIENTED_EDGE('',*,*,#912,.T.);
#1261=ORIENTED_EDGE('',*,*,#913,.F.);
#1262=ORIENTED_EDGE('',*,*,#912,.F.);
#1263=ORIENTED_EDGE('',*,*,#914,.F.);
#1264=ORIENTED_EDGE('',*,*,#915,.T.);
#1265=ORIENTED_EDGE('',*,*,#902,.F.);
#1266=ORIENTED_EDGE('',*,*,#915,.F.);
#1267=ORIENTED_EDGE('',*,*,#914,.T.);
#1268=ORIENTED_EDGE('',*,*,#911,.T.);
#1269=ORIENTED_EDGE('',*,*,#908,.T.);
#1270=ORIENTED_EDGE('',*,*,#916,.F.);
#1271=ORIENTED_EDGE('',*,*,#917,.T.);
#1272=ORIENTED_EDGE('',*,*,#918,.F.);
#1273=ORIENTED_EDGE('',*,*,#917,.F.);
#1274=ORIENTED_EDGE('',*,*,#919,.F.);
#1275=ORIENTED_EDGE('',*,*,#920,.T.);
#1276=ORIENTED_EDGE('',*,*,#904,.F.);
#1277=ORIENTED_EDGE('',*,*,#920,.F.);
#1278=ORIENTED_EDGE('',*,*,#919,.T.);
#1279=ORIENTED_EDGE('',*,*,#916,.T.);
#1280=ORIENTED_EDGE('',*,*,#913,.T.);
#1281=ORIENTED_EDGE('',*,*,#921,.F.);
#1282=ORIENTED_EDGE('',*,*,#922,.T.);
#1283=ORIENTED_EDGE('',*,*,#923,.F.);
#1284=ORIENTED_EDGE('',*,*,#922,.F.);
#1285=ORIENTED_EDGE('',*,*,#924,.F.);
#1286=ORIENTED_EDGE('',*,*,#925,.T.);
#1287=ORIENTED_EDGE('',*,*,#903,.F.);
#1288=ORIENTED_EDGE('',*,*,#925,.F.);
#1289=ORIENTED_EDGE('',*,*,#924,.T.);
#1290=ORIENTED_EDGE('',*,*,#921,.T.);
#1291=ORIENTED_EDGE('',*,*,#918,.T.);
#1292=ORIENTED_EDGE('',*,*,#843,.T.);
#1293=ORIENTED_EDGE('',*,*,#818,.F.);
#1294=ORIENTED_EDGE('',*,*,#893,.T.);
#1295=ORIENTED_EDGE('',*,*,#901,.F.);
#1296=ORIENTED_EDGE('',*,*,#923,.T.);
#1297=ORIENTED_EDGE('',*,*,#926,.F.);
#1298=ORIENTED_EDGE('',*,*,#927,.T.);
#1299=ORIENTED_EDGE('',*,*,#802,.T.);
#1300=ORIENTED_EDGE('',*,*,#927,.F.);
#1301=ORIENTED_EDGE('',*,*,#928,.F.);
#1302=ORIENTED_EDGE('',*,*,#929,.T.);
#1303=ORIENTED_EDGE('',*,*,#930,.T.);
#1304=ORIENTED_EDGE('',*,*,#929,.F.);
#1305=ORIENTED_EDGE('',*,*,#737,.T.);
#1306=ORIENTED_EDGE('',*,*,#740,.T.);
#1307=ORIENTED_EDGE('',*,*,#743,.T.);
#1308=ORIENTED_EDGE('',*,*,#746,.T.);
#1309=ORIENTED_EDGE('',*,*,#749,.T.);
#1310=ORIENTED_EDGE('',*,*,#752,.T.);
#1311=ORIENTED_EDGE('',*,*,#755,.T.);
#1312=ORIENTED_EDGE('',*,*,#758,.T.);
#1313=ORIENTED_EDGE('',*,*,#761,.T.);
#1314=ORIENTED_EDGE('',*,*,#793,.T.);
#1315=ORIENTED_EDGE('',*,*,#824,.T.);
#1316=ORIENTED_EDGE('',*,*,#828,.T.);
#1317=ORIENTED_EDGE('',*,*,#831,.T.);
#1318=ORIENTED_EDGE('',*,*,#834,.T.);
#1319=ORIENTED_EDGE('',*,*,#842,.T.);
#1320=ORIENTED_EDGE('',*,*,#928,.T.);
#1321=ORIENTED_EDGE('',*,*,#926,.T.);
#1322=ORIENTED_EDGE('',*,*,#930,.F.);
#1323=CYLINDRICAL_SURFACE('',#1460,0.6);
#1324=CYLINDRICAL_SURFACE('',#1462,0.6);
#1325=CYLINDRICAL_SURFACE('',#1464,0.6);
#1326=CYLINDRICAL_SURFACE('',#1466,0.6);
#1327=CYLINDRICAL_SURFACE('',#1468,0.6);
#1328=CYLINDRICAL_SURFACE('',#1470,0.6);
#1329=CYLINDRICAL_SURFACE('',#1472,0.6);
#1330=CYLINDRICAL_SURFACE('',#1474,0.6);
#1331=CYLINDRICAL_SURFACE('',#1476,0.6);
#1332=CYLINDRICAL_SURFACE('',#1479,5.22380665953173);
#1333=CYLINDRICAL_SURFACE('',#1482,36.5);
#1334=CYLINDRICAL_SURFACE('',#1492,3.5);
#1335=CYLINDRICAL_SURFACE('',#1517,1.725);
#1336=CYLINDRICAL_SURFACE('',#1519,1.725);
#1337=CYLINDRICAL_SURFACE('',#1520,4.5);
#1338=CYLINDRICAL_SURFACE('',#1523,36.5);
#1339=CYLINDRICAL_SURFACE('',#1525,36.5);
#1340=CYLINDRICAL_SURFACE('',#1528,36.5);
#1341=CYLINDRICAL_SURFACE('',#1530,36.5);
#1342=CYLINDRICAL_SURFACE('',#1538,36.5);
#1343=CYLINDRICAL_SURFACE('',#1540,1.25);
#1344=CYLINDRICAL_SURFACE('',#1543,3.5);
#1345=CYLINDRICAL_SURFACE('',#1547,1.25);
#1346=CYLINDRICAL_SURFACE('',#1550,3.5);
#1347=CYLINDRICAL_SURFACE('',#1554,1.25);
#1348=CYLINDRICAL_SURFACE('',#1557,3.5);
#1349=CYLINDRICAL_SURFACE('',#1566,1.25);
#1350=CYLINDRICAL_SURFACE('',#1569,3.5);
#1351=CYLINDRICAL_SURFACE('',#1579,1.25);
#1352=CYLINDRICAL_SURFACE('',#1582,3.5);
#1353=CYLINDRICAL_SURFACE('',#1586,1.25);
#1354=CYLINDRICAL_SURFACE('',#1589,3.5);
#1355=CYLINDRICAL_SURFACE('',#1593,1.25);
#1356=CYLINDRICAL_SURFACE('',#1596,3.5);
#1357=CYLINDRICAL_SURFACE('',#1600,1.25);
#1358=CYLINDRICAL_SURFACE('',#1603,3.5);
#1359=CYLINDRICAL_SURFACE('',#1607,36.5);
#1360=CYLINDRICAL_SURFACE('',#1609,39.);
#1361=CYLINDRICAL_SURFACE('',#1611,40.);
#1362=ADVANCED_FACE('',(#99),#1323,.F.);
#1363=ADVANCED_FACE('',(#100),#1324,.F.);
#1364=ADVANCED_FACE('',(#101),#1325,.F.);
#1365=ADVANCED_FACE('',(#102),#1326,.F.);
#1366=ADVANCED_FACE('',(#103),#1327,.F.);
#1367=ADVANCED_FACE('',(#104),#1328,.F.);
#1368=ADVANCED_FACE('',(#105),#1329,.F.);
#1369=ADVANCED_FACE('',(#106),#1330,.F.);
#1370=ADVANCED_FACE('',(#107),#1331,.F.);
#1371=ADVANCED_FACE('',(#108),#56,.F.);
#1372=ADVANCED_FACE('',(#109),#1332,.F.);
#1373=ADVANCED_FACE('',(#110),#1333,.F.);
#1374=ADVANCED_FACE('',(#111),#57,.T.);
#1375=ADVANCED_FACE('',(#112),#58,.F.);
#1376=ADVANCED_FACE('',(#113),#59,.F.);
#1377=ADVANCED_FACE('',(#114,#17,#18,#19,#20,#21,#22,#23,#24,#25),#60,.F.);
#1378=ADVANCED_FACE('',(#115,#26),#61,.T.);
#1379=ADVANCED_FACE('',(#116),#1334,.F.);
#1380=ADVANCED_FACE('',(#117),#62,.F.);
#1381=ADVANCED_FACE('',(#118),#63,.F.);
#1382=ADVANCED_FACE('',(#119),#64,.T.);
#1383=ADVANCED_FACE('',(#120,#27),#65,.T.);
#1384=ADVANCED_FACE('',(#121),#66,.F.);
#1385=ADVANCED_FACE('',(#122),#15,.F.);
#1386=ADVANCED_FACE('',(#123),#67,.F.);
#1387=ADVANCED_FACE('',(#124),#16,.F.);
#1388=ADVANCED_FACE('',(#125),#68,.F.);
#1389=ADVANCED_FACE('',(#126),#1335,.F.);
#1390=ADVANCED_FACE('',(#127),#69,.F.);
#1391=ADVANCED_FACE('',(#128),#1336,.F.);
#1392=ADVANCED_FACE('',(#129),#1337,.F.);
#1393=ADVANCED_FACE('',(#130,#28),#70,.T.);
#1394=ADVANCED_FACE('',(#131),#1338,.F.);
#1395=ADVANCED_FACE('',(#132),#1339,.F.);
#1396=ADVANCED_FACE('',(#133),#71,.T.);
#1397=ADVANCED_FACE('',(#134),#1340,.F.);
#1398=ADVANCED_FACE('',(#135),#1341,.F.);
#1399=ADVANCED_FACE('',(#136),#72,.T.);
#1400=ADVANCED_FACE('',(#137),#73,.T.);
#1401=ADVANCED_FACE('',(#138),#74,.T.);
#1402=ADVANCED_FACE('',(#139),#75,.T.);
#1403=ADVANCED_FACE('',(#140),#76,.T.);
#1404=ADVANCED_FACE('',(#141),#77,.T.);
#1405=ADVANCED_FACE('',(#142),#1342,.F.);
#1406=ADVANCED_FACE('',(#143),#1343,.F.);
#1407=ADVANCED_FACE('',(#144),#1344,.T.);
#1408=ADVANCED_FACE('',(#145,#29),#78,.T.);
#1409=ADVANCED_FACE('',(#146),#1345,.F.);
#1410=ADVANCED_FACE('',(#147),#1346,.T.);
#1411=ADVANCED_FACE('',(#148,#30),#79,.T.);
#1412=ADVANCED_FACE('',(#149),#1347,.F.);
#1413=ADVANCED_FACE('',(#150),#1348,.T.);
#1414=ADVANCED_FACE('',(#151,#31),#80,.T.);
#1415=ADVANCED_FACE('',(#152),#81,.T.);
#1416=ADVANCED_FACE('',(#153),#82,.T.);
#1417=ADVANCED_FACE('',(#154),#83,.T.);
#1418=ADVANCED_FACE('',(#155),#84,.T.);
#1419=ADVANCED_FACE('',(#156),#85,.T.);
#1420=ADVANCED_FACE('',(#157),#1349,.F.);
#1421=ADVANCED_FACE('',(#158),#1350,.T.);
#1422=ADVANCED_FACE('',(#159,#32),#86,.T.);
#1423=ADVANCED_FACE('',(#160,#33,#34,#35,#36),#87,.T.);
#1424=ADVANCED_FACE('',(#161),#1351,.F.);
#1425=ADVANCED_FACE('',(#162),#1352,.T.);
#1426=ADVANCED_FACE('',(#163,#37),#88,.T.);
#1427=ADVANCED_FACE('',(#164),#89,.T.);
#1428=ADVANCED_FACE('',(#165),#1353,.F.);
#1429=ADVANCED_FACE('',(#166),#1354,.T.);
#1430=ADVANCED_FACE('',(#167,#38),#90,.T.);
#1431=ADVANCED_FACE('',(#168),#91,.T.);
#1432=ADVANCED_FACE('',(#169),#1355,.F.);
#1433=ADVANCED_FACE('',(#170),#1356,.T.);
#1434=ADVANCED_FACE('',(#171,#39),#92,.T.);
#1435=ADVANCED_FACE('',(#172),#93,.T.);
#1436=ADVANCED_FACE('',(#173),#1357,.F.);
#1437=ADVANCED_FACE('',(#174),#1358,.T.);
#1438=ADVANCED_FACE('',(#175,#40),#94,.T.);
#1439=ADVANCED_FACE('',(#176),#95,.T.);
#1440=ADVANCED_FACE('',(#177),#1359,.F.);
#1441=ADVANCED_FACE('',(#178),#96,.T.);
#1442=ADVANCED_FACE('',(#179),#1360,.F.);
#1443=ADVANCED_FACE('',(#180,#41,#42,#43,#44,#45,#46,#47,#48,#49,#50,#51,
#52),#1361,.T.);
#1444=ADVANCED_FACE('',(#181,#53),#97,.T.);
#1445=ADVANCED_FACE('',(#182),#98,.F.);
#1446=CLOSED_SHELL('',(#1362,#1363,#1364,#1365,#1366,#1367,#1368,#1369,
#1370,#1371,#1372,#1373,#1374,#1375,#1376,#1377,#1378,#1379,#1380,#1381,
#1382,#1383,#1384,#1385,#1386,#1387,#1388,#1389,#1390,#1391,#1392,#1393,
#1394,#1395,#1396,#1397,#1398,#1399,#1400,#1401,#1402,#1403,#1404,#1405,
#1406,#1407,#1408,#1409,#1410,#1411,#1412,#1413,#1414,#1415,#1416,#1417,
#1418,#1419,#1420,#1421,#1422,#1423,#1424,#1425,#1426,#1427,#1428,#1429,
#1430,#1431,#1432,#1433,#1434,#1435,#1436,#1437,#1438,#1439,#1440,#1441,
#1442,#1443,#1444,#1445));
#1447=DERIVED_UNIT_ELEMENT(#1449,1.);
#1448=DERIVED_UNIT_ELEMENT(#2865,-3.);
#1449=(
MASS_UNIT()
NAMED_UNIT(*)
SI_UNIT(.KILO.,.GRAM.)
);
#1450=DERIVED_UNIT((#1447,#1448));
#1451=MEASURE_REPRESENTATION_ITEM('density measure',
POSITIVE_RATIO_MEASURE(7850.),#1450);
#1452=PROPERTY_DEFINITION_REPRESENTATION(#1457,#1454);
#1453=PROPERTY_DEFINITION_REPRESENTATION(#1458,#1455);
#1454=REPRESENTATION('material name',(#1456),#2862);
#1455=REPRESENTATION('density',(#1451),#2862);
#1456=DESCRIPTIVE_REPRESENTATION_ITEM('Steel','Steel');
#1457=PROPERTY_DEFINITION('material property','material name',#2872);
#1458=PROPERTY_DEFINITION('material property','density of part',#2872);
#1459=AXIS2_PLACEMENT_3D('',#2040,#1616,#1617);
#1460=AXIS2_PLACEMENT_3D('',#2041,#1618,#1619);
#1461=AXIS2_PLACEMENT_3D('',#2043,#1620,#1621);
#1462=AXIS2_PLACEMENT_3D('',#2080,#1623,#1624);
#1463=AXIS2_PLACEMENT_3D('',#2082,#1625,#1626);
#1464=AXIS2_PLACEMENT_3D('',#2119,#1628,#1629);
#1465=AXIS2_PLACEMENT_3D('',#2121,#1630,#1631);
#1466=AXIS2_PLACEMENT_3D('',#2158,#1633,#1634);
#1467=AXIS2_PLACEMENT_3D('',#2160,#1635,#1636);
#1468=AXIS2_PLACEMENT_3D('',#2197,#1638,#1639);
#1469=AXIS2_PLACEMENT_3D('',#2199,#1640,#1641);
#1470=AXIS2_PLACEMENT_3D('',#2236,#1643,#1644);
#1471=AXIS2_PLACEMENT_3D('',#2238,#1645,#1646);
#1472=AXIS2_PLACEMENT_3D('',#2275,#1648,#1649);
#1473=AXIS2_PLACEMENT_3D('',#2277,#1650,#1651);
#1474=AXIS2_PLACEMENT_3D('',#2314,#1653,#1654);
#1475=AXIS2_PLACEMENT_3D('',#2316,#1655,#1656);
#1476=AXIS2_PLACEMENT_3D('',#2353,#1658,#1659);
#1477=AXIS2_PLACEMENT_3D('',#2355,#1660,#1661);
#1478=AXIS2_PLACEMENT_3D('',#2392,#1663,#1664);
#1479=AXIS2_PLACEMENT_3D('',#2399,#1668,#1669);
#1480=AXIS2_PLACEMENT_3D('',#2418,#1670,#1671);
#1481=AXIS2_PLACEMENT_3D('',#2421,#1673,#1674);
#1482=AXIS2_PLACEMENT_3D('',#2422,#1675,#1676);
#1483=AXIS2_PLACEMENT_3D('',#2426,#1678,#1679);
#1484=AXIS2_PLACEMENT_3D('',#2430,#1681,#1682);
#1485=AXIS2_PLACEMENT_3D('',#2432,#1684,#1685);
#1486=AXIS2_PLACEMENT_3D('',#2436,#1688,#1689);
#1487=AXIS2_PLACEMENT_3D('',#2440,#1692,#1693);
#1488=AXIS2_PLACEMENT_3D('',#2446,#1697,#1698);
#1489=AXIS2_PLACEMENT_3D('',#2448,#1700,#1701);
#1490=AXIS2_PLACEMENT_3D('',#2458,#1706,#1707);
#1491=AXIS2_PLACEMENT_3D('',#2461,#1709,#1710);
#1492=AXIS2_PLACEMENT_3D('',#2462,#1711,#1712);
#1493=AXIS2_PLACEMENT_3D('',#2465,#1713,#1714);
#1494=AXIS2_PLACEMENT_3D('',#2469,#1716,#1717);
#1495=AXIS2_PLACEMENT_3D('',#2507,#1720,#1721);
#1496=AXIS2_PLACEMENT_3D('',#2513,#1725,#1726);
#1497=AXIS2_PLACEMENT_3D('',#2519,#1730,#1731);
#1498=AXIS2_PLACEMENT_3D('',#2521,#1733,#1734);
#1499=AXIS2_PLACEMENT_3D('',#2523,#1735,#1736);
#1500=AXIS2_PLACEMENT_3D('',#2525,#1737,#1738);
#1501=AXIS2_PLACEMENT_3D('',#2529,#1740,#1741);
#1502=AXIS2_PLACEMENT_3D('',#2533,#1743,#1744);
#1503=AXIS2_PLACEMENT_3D('',#2538,#1747,#1748);
#1504=AXIS2_PLACEMENT_3D('',#2542,#1750,#1751);
#1505=AXIS2_PLACEMENT_3D('',#2546,#1753,#1754);
#1506=AXIS2_PLACEMENT_3D('',#2550,#1756,#1757);
#1507=AXIS2_PLACEMENT_3D('',#2554,#1759,#1760);
#1508=AXIS2_PLACEMENT_3D('',#2558,#1762,#1763);
#1509=AXIS2_PLACEMENT_3D('',#2562,#1765,#1766);
#1510=AXIS2_PLACEMENT_3D('',#2564,#1768,#1769);
#1511=AXIS2_PLACEMENT_3D('',#2573,#1774,#1775);
#1512=AXIS2_PLACEMENT_3D('',#2594,#1776,#1777);
#1513=AXIS2_PLACEMENT_3D('',#2596,#1779,#1780);
#1514=AXIS2_PLACEMENT_3D('',#2602,#1784,#1785);
#1515=AXIS2_PLACEMENT_3D('',#2621,#1786,#1787);
#1516=AXIS2_PLACEMENT_3D('',#2622,#1788,#1789);
#1517=AXIS2_PLACEMENT_3D('',#2625,#1792,#1793);
#1518=AXIS2_PLACEMENT_3D('',#2627,#1795,#1796);
#1519=AXIS2_PLACEMENT_3D('',#2629,#1798,#1799);
#1520=AXIS2_PLACEMENT_3D('',#2630,#1800,#1801);
#1521=AXIS2_PLACEMENT_3D('',#2632,#1802,#1803);
#1522=AXIS2_PLACEMENT_3D('',#2669,#1805,#1806);
#1523=AXIS2_PLACEMENT_3D('',#2675,#1810,#1811);
#1524=AXIS2_PLACEMENT_3D('',#2677,#1812,#1813);
#1525=AXIS2_PLACEMENT_3D('',#2679,#1815,#1816);
#1526=AXIS2_PLACEMENT_3D('',#2681,#1817,#1818);
#1527=AXIS2_PLACEMENT_3D('',#2683,#1820,#1821);
#1528=AXIS2_PLACEMENT_3D('',#2689,#1825,#1826);
#1529=AXIS2_PLACEMENT_3D('',#2691,#1827,#1828);
#1530=AXIS2_PLACEMENT_3D('',#2693,#1830,#1831);
#1531=AXIS2_PLACEMENT_3D('',#2696,#1833,#1834);
#1532=AXIS2_PLACEMENT_3D('',#2697,#1835,#1836);
#1533=AXIS2_PLACEMENT_3D('',#2701,#1839,#1840);
#1534=AXIS2_PLACEMENT_3D('',#2705,#1843,#1844);
#1535=AXIS2_PLACEMENT_3D('',#2709,#1847,#1848);
#1536=AXIS2_PLACEMENT_3D('',#2713,#1851,#1852);
#1537=AXIS2_PLACEMENT_3D('',#2717,#1855,#1856);
#1538=AXIS2_PLACEMENT_3D('',#2723,#1860,#1861);
#1539=AXIS2_PLACEMENT_3D('',#2725,#1862,#1863);
#1540=AXIS2_PLACEMENT_3D('',#2727,#1865,#1866);
#1541=AXIS2_PLACEMENT_3D('',#2729,#1867,#1868);
#1542=AXIS2_PLACEMENT_3D('',#2732,#1870,#1871);
#1543=AXIS2_PLACEMENT_3D('',#2733,#1872,#1873);
#1544=AXIS2_PLACEMENT_3D('',#2735,#1874,#1875);
#1545=AXIS2_PLACEMENT_3D('',#2737,#1877,#1878);
#1546=AXIS2_PLACEMENT_3D('',#2738,#1879,#1880);
#1547=AXIS2_PLACEMENT_3D('',#2739,#1881,#1882);
#1548=AXIS2_PLACEMENT_3D('',#2741,#1883,#1884);
#1549=AXIS2_PLACEMENT_3D('',#2744,#1886,#1887);
#1550=AXIS2_PLACEMENT_3D('',#2745,#1888,#1889);
#1551=AXIS2_PLACEMENT_3D('',#2747,#1890,#1891);
#1552=AXIS2_PLACEMENT_3D('',#2749,#1893,#1894);
#1553=AXIS2_PLACEMENT_3D('',#2750,#1895,#1896);
#1554=AXIS2_PLACEMENT_3D('',#2751,#1897,#1898);
#1555=AXIS2_PLACEMENT_3D('',#2753,#1899,#1900);
#1556=AXIS2_PLACEMENT_3D('',#2756,#1902,#1903);
#1557=AXIS2_PLACEMENT_3D('',#2757,#1904,#1905);
#1558=AXIS2_PLACEMENT_3D('',#2759,#1906,#1907);
#1559=AXIS2_PLACEMENT_3D('',#2761,#1909,#1910);
#1560=AXIS2_PLACEMENT_3D('',#2762,#1911,#1912);
#1561=AXIS2_PLACEMENT_3D('',#2763,#1913,#1914);
#1562=AXIS2_PLACEMENT_3D('',#2764,#1915,#1916);
#1563=AXIS2_PLACEMENT_3D('',#2765,#1917,#1918);
#1564=AXIS2_PLACEMENT_3D('',#2766,#1919,#1920);
#1565=AXIS2_PLACEMENT_3D('',#2770,#1923,#1924);
#1566=AXIS2_PLACEMENT_3D('',#2776,#1928,#1929);
#1567=AXIS2_PLACEMENT_3D('',#2778,#1930,#1931);
#1568=AXIS2_PLACEMENT_3D('',#2781,#1933,#1934);
#1569=AXIS2_PLACEMENT_3D('',#2782,#1935,#1936);
#1570=AXIS2_PLACEMENT_3D('',#2784,#1937,#1938);
#1571=AXIS2_PLACEMENT_3D('',#2786,#1940,#1941);
#1572=AXIS2_PLACEMENT_3D('',#2787,#1942,#1943);
#1573=AXIS2_PLACEMENT_3D('',#2788,#1944,#1945);
#1574=AXIS2_PLACEMENT_3D('',#2789,#1946,#1947);
#1575=AXIS2_PLACEMENT_3D('',#2791,#1948,#1949);
#1576=AXIS2_PLACEMENT_3D('',#2793,#1950,#1951);
#1577=AXIS2_PLACEMENT_3D('',#2795,#1952,#1953);
#1578=AXIS2_PLACEMENT_3D('',#2797,#1954,#1955);
#1579=AXIS2_PLACEMENT_3D('',#2798,#1956,#1957);
#1580=AXIS2_PLACEMENT_3D('',#2800,#1958,#1959);
#1581=AXIS2_PLACEMENT_3D('',#2803,#1961,#1962);
#1582=AXIS2_PLACEMENT_3D('',#2804,#1963,#1964);
#1583=AXIS2_PLACEMENT_3D('',#2806,#1965,#1966);
#1584=AXIS2_PLACEMENT_3D('',#2808,#1968,#1969);
#1585=AXIS2_PLACEMENT_3D('',#2809,#1970,#1971);
#1586=AXIS2_PLACEMENT_3D('',#2810,#1972,#1973);
#1587=AXIS2_PLACEMENT_3D('',#2812,#1974,#1975);
#1588=AXIS2_PLACEMENT_3D('',#2815,#1977,#1978);
#1589=AXIS2_PLACEMENT_3D('',#2816,#1979,#1980);
#1590=AXIS2_PLACEMENT_3D('',#2818,#1981,#1982);
#1591=AXIS2_PLACEMENT_3D('',#2820,#1984,#1985);
#1592=AXIS2_PLACEMENT_3D('',#2821,#1986,#1987);
#1593=AXIS2_PLACEMENT_3D('',#2822,#1988,#1989);
#1594=AXIS2_PLACEMENT_3D('',#2824,#1990,#1991);
#1595=AXIS2_PLACEMENT_3D('',#2827,#1993,#1994);
#1596=AXIS2_PLACEMENT_3D('',#2828,#1995,#1996);
#1597=AXIS2_PLACEMENT_3D('',#2830,#1997,#1998);
#1598=AXIS2_PLACEMENT_3D('',#2832,#2000,#2001);
#1599=AXIS2_PLACEMENT_3D('',#2833,#2002,#2003);
#1600=AXIS2_PLACEMENT_3D('',#2834,#2004,#2005);
#1601=AXIS2_PLACEMENT_3D('',#2836,#2006,#2007);
#1602=AXIS2_PLACEMENT_3D('',#2839,#2009,#2010);
#1603=AXIS2_PLACEMENT_3D('',#2840,#2011,#2012);
#1604=AXIS2_PLACEMENT_3D('',#2842,#2013,#2014);
#1605=AXIS2_PLACEMENT_3D('',#2844,#2016,#2017);
#1606=AXIS2_PLACEMENT_3D('',#2845,#2018,#2019);
#1607=AXIS2_PLACEMENT_3D('',#2846,#2020,#2021);
#1608=AXIS2_PLACEMENT_3D('',#2847,#2022,#2023);
#1609=AXIS2_PLACEMENT_3D('',#2848,#2024,#2025);
#1610=AXIS2_PLACEMENT_3D('',#2850,#2026,#2027);
#1611=AXIS2_PLACEMENT_3D('',#2852,#2029,#2030);
#1612=AXIS2_PLACEMENT_3D('',#2854,#2031,#2032);
#1613=AXIS2_PLACEMENT_3D('',#2857,#2034,#2035);
#1614=AXIS2_PLACEMENT_3D('',#2858,#2036,#2037);
#1615=AXIS2_PLACEMENT_3D('',#2859,#2038,#2039);
#1616=DIRECTION('axis',(0.,0.,1.));
#1617=DIRECTION('refdir',(1.,0.,0.));
#1618=DIRECTION('center_axis',(-0.911992225641606,0.410207484535899,0.));
#1619=DIRECTION('ref_axis',(0.410207484535899,0.911992225641606,0.));
#1620=DIRECTION('center_axis',(-0.911992225641606,0.410207484535899,0.));
#1621=DIRECTION('ref_axis',(0.410207484535899,0.911992225641606,0.));
#1622=DIRECTION('',(-0.911992225641606,0.410207484535899,0.));
#1623=DIRECTION('center_axis',(-0.911992225641606,0.410207484535899,0.));
#1624=DIRECTION('ref_axis',(0.410207484535899,0.911992225641606,0.));
#1625=DIRECTION('center_axis',(-0.911992225641606,0.410207484535899,0.));
#1626=DIRECTION('ref_axis',(0.410207484535899,0.911992225641606,0.));
#1627=DIRECTION('',(-0.911992225641606,0.410207484535899,0.));
#1628=DIRECTION('center_axis',(-0.911992225641606,0.410207484535899,0.));
#1629=DIRECTION('ref_axis',(0.410207484535899,0.911992225641606,0.));
#1630=DIRECTION('center_axis',(-0.911992225641606,0.410207484535899,0.));
#1631=DIRECTION('ref_axis',(0.410207484535899,0.911992225641606,0.));
#1632=DIRECTION('',(-0.911992225641606,0.410207484535899,0.));
#1633=DIRECTION('center_axis',(-0.911992225641606,0.410207484535899,0.));
#1634=DIRECTION('ref_axis',(0.410207484535899,0.911992225641606,0.));
#1635=DIRECTION('center_axis',(-0.911992225641606,0.410207484535899,0.));
#1636=DIRECTION('ref_axis',(0.410207484535899,0.911992225641606,0.));
#1637=DIRECTION('',(-0.911992225641606,0.410207484535899,0.));
#1638=DIRECTION('center_axis',(-0.911992225641606,0.410207484535899,0.));
#1639=DIRECTION('ref_axis',(0.410207484535899,0.911992225641606,0.));
#1640=DIRECTION('center_axis',(-0.911992225641606,0.410207484535899,0.));
#1641=DIRECTION('ref_axis',(0.410207484535899,0.911992225641606,0.));
#1642=DIRECTION('',(-0.911992225641606,0.410207484535899,0.));
#1643=DIRECTION('center_axis',(-0.911992225641606,0.410207484535899,0.));
#1644=DIRECTION('ref_axis',(0.410207484535899,0.911992225641606,0.));
#1645=DIRECTION('center_axis',(-0.911992225641606,0.410207484535899,0.));
#1646=DIRECTION('ref_axis',(0.410207484535899,0.911992225641606,0.));
#1647=DIRECTION('',(-0.911992225641606,0.410207484535899,0.));
#1648=DIRECTION('center_axis',(-0.911992225641606,0.410207484535899,0.));
#1649=DIRECTION('ref_axis',(0.410207484535899,0.911992225641606,0.));
#1650=DIRECTION('center_axis',(-0.911992225641606,0.410207484535899,0.));
#1651=DIRECTION('ref_axis',(0.410207484535899,0.911992225641606,0.));
#1652=DIRECTION('',(-0.911992225641606,0.410207484535899,0.));
#1653=DIRECTION('center_axis',(-0.911992225641606,0.410207484535899,0.));
#1654=DIRECTION('ref_axis',(0.410207484535899,0.911992225641606,0.));
#1655=DIRECTION('center_axis',(-0.911992225641606,0.410207484535899,0.));
#1656=DIRECTION('ref_axis',(0.410207484535899,0.911992225641606,0.));
#1657=DIRECTION('',(-0.911992225641606,0.410207484535899,0.));
#1658=DIRECTION('center_axis',(-0.911992225641606,0.410207484535899,0.));
#1659=DIRECTION('ref_axis',(0.410207484535899,0.911992225641606,0.));
#1660=DIRECTION('center_axis',(-0.911992225641606,0.410207484535899,0.));
#1661=DIRECTION('ref_axis',(0.410207484535899,0.911992225641606,0.));
#1662=DIRECTION('',(-0.911992225641606,0.410207484535899,0.));
#1663=DIRECTION('center_axis',(0.,0.,1.));
#1664=DIRECTION('ref_axis',(0.345922593286222,0.938263054507708,0.));
#1665=DIRECTION('',(-0.911992225641606,0.410207484535899,0.));
#1666=DIRECTION('',(-0.938263054507708,0.345922593286223,0.));
#1667=DIRECTION('',(0.410207484535899,0.911992225641606,0.));
#1668=DIRECTION('center_axis',(-0.938263054507708,0.345922593286223,0.));
#1669=DIRECTION('ref_axis',(-0.345922593286223,-0.938263054507708,0.));
#1670=DIRECTION('center_axis',(-0.707044527897466,0.707169028995367,0.));
#1671=DIRECTION('ref_axis',(-0.707169028995367,-0.707044527897465,0.));
#1672=DIRECTION('',(0.938263054507708,-0.345922593286223,0.));
#1673=DIRECTION('center_axis',(-0.911992225641606,0.410207484535899,0.));
#1674=DIRECTION('ref_axis',(-0.410207484535899,-0.911992225641606,0.));
#1675=DIRECTION('center_axis',(0.,0.,1.));
#1676=DIRECTION('ref_axis',(1.,0.,0.));
#1677=DIRECTION('',(0.,0.,1.));
#1678=DIRECTION('center_axis',(0.,0.,-1.));
#1679=DIRECTION('ref_axis',(1.,0.,0.));
#1680=DIRECTION('',(0.,0.,-1.));
#1681=DIRECTION('center_axis',(0.,0.,1.));
#1682=DIRECTION('ref_axis',(1.,0.,0.));
#1683=DIRECTION('',(0.,0.,1.));
#1684=DIRECTION('center_axis',(0.,0.,1.));
#1685=DIRECTION('ref_axis',(-1.,0.,0.));
#1686=DIRECTION('',(0.911992225641605,-0.410207484535902,0.));
#1687=DIRECTION('',(0.410207484535899,0.911992225641606,0.));
#1688=DIRECTION('center_axis',(-0.410207484535899,-0.911992225641606,0.));
#1689=DIRECTION('ref_axis',(-0.911992225641606,0.410207484535899,0.));
#1690=DIRECTION('',(-0.911992225641606,0.410207484535899,0.));
#1691=DIRECTION('',(0.,0.,-1.));
#1692=DIRECTION('center_axis',(0.410207484535902,0.911992225641605,0.));
#1693=DIRECTION('ref_axis',(0.911992225641605,-0.410207484535902,0.));
#1694=DIRECTION('',(0.911992225641605,-0.410207484535902,0.));
#1695=DIRECTION('',(0.,0.,-1.));
#1696=DIRECTION('',(0.,0.,-1.));
#1697=DIRECTION('center_axis',(-0.911992225641606,0.410207484535899,0.));
#1698=DIRECTION('ref_axis',(0.410207484535899,0.911992225641606,0.));
#1699=DIRECTION('',(0.410207484535899,0.911992225641606,0.));
#1700=DIRECTION('center_axis',(0.707044527897466,-0.707169028995367,0.));
#1701=DIRECTION('ref_axis',(-0.707169028995367,-0.707044527897466,0.));
#1702=DIRECTION('',(-0.707169028995367,-0.707044527897466,0.));
#1703=DIRECTION('',(0.,0.,-1.));
#1704=DIRECTION('',(0.707169028995367,0.707044527897466,0.));
#1705=DIRECTION('',(0.,0.,1.));
#1706=DIRECTION('center_axis',(-0.707044527897466,0.707169028995367,0.));
#1707=DIRECTION('ref_axis',(0.707169028995366,0.707044527897466,0.));
#1708=DIRECTION('',(0.,0.,-1.));
#1709=DIRECTION('center_axis',(-0.707044527897466,0.707169028995367,0.));
#1710=DIRECTION('ref_axis',(-0.707169028995366,-0.707044527897466,0.));
#1711=DIRECTION('center_axis',(0.707044527897466,0.707169028995367,0.));
#1712=DIRECTION('ref_axis',(0.707169028995367,-0.707044527897466,0.));
#1713=DIRECTION('center_axis',(0.707044527897466,0.707169028995367,0.));
#1714=DIRECTION('ref_axis',(0.707169028995367,-0.707044527897466,0.));
#1715=DIRECTION('',(0.707044527897466,0.707169028995367,0.));
#1716=DIRECTION('center_axis',(0.707044527897466,0.707169028995367,0.));
#1717=DIRECTION('ref_axis',(0.707169028995367,-0.707044527897465,0.));
#1718=DIRECTION('',(0.707044527897466,0.707169028995367,0.));
#1719=DIRECTION('',(0.707044527897466,0.707169028995367,0.));
#1720=DIRECTION('center_axis',(0.707169028995367,-0.707044527897466,-1.85037170770859E-16));
#1721=DIRECTION('ref_axis',(-1.04686652571846E-16,1.57000030327581E-16,
-1.));
#1722=DIRECTION('',(-1.30852556382079E-16,1.30829519051165E-16,-1.));
#1723=DIRECTION('',(-0.707044527897466,-0.707169028995367,0.));
#1724=DIRECTION('',(-1.04686652571846E-16,1.57000030327581E-16,-1.));
#1725=DIRECTION('center_axis',(-0.707169028995367,0.707044527897466,7.40148683083438E-17));
#1726=DIRECTION('ref_axis',(5.23410225528314E-17,-5.2331807620466E-17,1.));
#1727=DIRECTION('',(5.23410225528314E-17,-5.2331807620466E-17,1.));
#1728=DIRECTION('',(5.23410225528314E-17,-5.2331807620466E-17,1.));
#1729=DIRECTION('',(0.707044527897466,0.707169028995367,0.));
#1730=DIRECTION('center_axis',(-0.707044527897466,-0.707169028995367,0.));
#1731=DIRECTION('ref_axis',(0.707169028995367,-0.707044527897466,0.));
#1732=DIRECTION('',(0.707169028995367,-0.707044527897466,0.));
#1733=DIRECTION('center_axis',(0.,0.,1.));
#1734=DIRECTION('ref_axis',(1.,0.,0.));
#1735=DIRECTION('center_axis',(0.,0.,-1.));
#1736=DIRECTION('ref_axis',(1.,0.,0.));
#1737=DIRECTION('center_axis',(0.,0.,-1.));
#1738=DIRECTION('ref_axis',(1.,0.,0.));
#1739=DIRECTION('',(-1.22464679914735E-16,-1.,0.));
#1740=DIRECTION('center_axis',(0.,0.,1.));
#1741=DIRECTION('ref_axis',(1.,-1.22464679914735E-16,0.));
#1742=DIRECTION('',(1.22464679914735E-16,1.,0.));
#1743=DIRECTION('center_axis',(0.,0.,-1.));
#1744=DIRECTION('ref_axis',(1.,0.,0.));
#1745=DIRECTION('',(-0.707169028995367,0.707044527897466,0.));
#1746=DIRECTION('',(-0.707169028995367,0.707044527897466,0.));
#1747=DIRECTION('center_axis',(0.,0.,-1.));
#1748=DIRECTION('ref_axis',(1.,0.,0.));
#1749=DIRECTION('',(-1.,6.12323399573677E-17,0.));
#1750=DIRECTION('center_axis',(0.,0.,1.));
#1751=DIRECTION('ref_axis',(-6.12323399573677E-17,-1.,0.));
#1752=DIRECTION('',(1.,-6.12323399573677E-17,0.));
#1753=DIRECTION('center_axis',(0.,0.,-1.));
#1754=DIRECTION('ref_axis',(1.,0.,0.));
#1755=DIRECTION('',(0.,1.,0.));
#1756=DIRECTION('center_axis',(0.,0.,1.));
#1757=DIRECTION('ref_axis',(-1.,0.,0.));
#1758=DIRECTION('',(0.,-1.,0.));
#1759=DIRECTION('center_axis',(0.,0.,-1.));
#1760=DIRECTION('ref_axis',(1.,0.,0.));
#1761=DIRECTION('',(0.707169028995367,-0.707044527897466,0.));
#1762=DIRECTION('center_axis',(0.,0.,-1.));
#1763=DIRECTION('ref_axis',(1.,0.,0.));
#1764=DIRECTION('',(1.,-1.83697019872103E-16,0.));
#1765=DIRECTION('center_axis',(0.,0.,1.));
#1766=DIRECTION('ref_axis',(1.83697019872103E-16,1.,0.));
#1767=DIRECTION('',(-1.,1.83697019872103E-16,0.));
#1768=DIRECTION('center_axis',(0.990280317087506,0.139085921606282,0.));
#1769=DIRECTION('ref_axis',(0.,0.,-1.));
#1770=DIRECTION('',(0.,0.,1.));
#1771=DIRECTION('',(-0.139085921606282,0.990280317087506,0.));
#1772=DIRECTION('',(0.,0.,-1.));
#1773=DIRECTION('',(-0.139085921606281,0.990280317087506,0.));
#1774=DIRECTION('center_axis',(-0.707044527897465,0.707169028995367,0.));
#1775=DIRECTION('ref_axis',(0.707169028995368,0.707044527897465,0.));
#1776=DIRECTION('center_axis',(-0.707044527897466,0.707169028995367,0.));
#1777=DIRECTION('ref_axis',(0.707169028995367,0.707044527897466,0.));
#1778=DIRECTION('',(-0.990255812720798,0.139260279235221,0.));
#1779=DIRECTION('center_axis',(-0.139260279235221,-0.990255812720798,0.));
#1780=DIRECTION('ref_axis',(0.,0.,1.));
#1781=DIRECTION('',(0.,0.,-1.));
#1782=DIRECTION('',(0.,0.,1.));
#1783=DIRECTION('',(-0.990255812720798,0.139260279235222,0.));
#1784=DIRECTION('center_axis',(-0.707044527897465,0.707169028995367,0.));
#1785=DIRECTION('ref_axis',(-0.707169028995368,-0.707044527897465,0.));
#1786=DIRECTION('center_axis',(-0.707044527897466,0.707169028995367,0.));
#1787=DIRECTION('ref_axis',(-0.707169028995367,-0.707044527897466,0.));
#1788=DIRECTION('center_axis',(-0.707169028995366,-0.707044527897466,0.));
#1789=DIRECTION('ref_axis',(0.,0.,1.));
#1790=DIRECTION('',(-0.707044527897466,0.707169028995366,0.));
#1791=DIRECTION('',(-0.707044527897466,0.707169028995366,0.));
#1792=DIRECTION('center_axis',(-0.707044527897466,0.707169028995366,0.));
#1793=DIRECTION('ref_axis',(-0.707169028995366,-0.707044527897466,0.));
#1794=DIRECTION('',(-0.707044527897466,0.707169028995366,0.));
#1795=DIRECTION('center_axis',(0.707169028995366,0.707044527897466,0.));
#1796=DIRECTION('ref_axis',(0.,0.,-1.));
#1797=DIRECTION('',(-0.707044527897466,0.707169028995366,0.));
#1798=DIRECTION('center_axis',(-0.707044527897466,0.707169028995366,0.));
#1799=DIRECTION('ref_axis',(0.707169028995366,0.707044527897466,0.));
#1800=DIRECTION('center_axis',(-0.707044527897466,-0.707169028995367,0.));
#1801=DIRECTION('ref_axis',(-0.707169028995367,0.707044527897465,0.));
#1802=DIRECTION('center_axis',(-0.707044527897466,-0.707169028995367,0.));
#1803=DIRECTION('ref_axis',(-0.707169028995367,0.707044527897465,0.));
#1804=DIRECTION('',(-0.707044527897466,-0.707169028995367,0.));
#1805=DIRECTION('center_axis',(0.707044527897466,0.707169028995367,0.));
#1806=DIRECTION('ref_axis',(0.707169028995367,-0.707044527897466,0.));
#1807=DIRECTION('',(0.,0.,1.));
#1808=DIRECTION('',(0.707169028995367,-0.707044527897466,0.));
#1809=DIRECTION('',(0.,0.,-1.));
#1810=DIRECTION('center_axis',(0.,0.,1.));
#1811=DIRECTION('ref_axis',(1.,0.,0.));
#1812=DIRECTION('center_axis',(0.,0.,1.));
#1813=DIRECTION('ref_axis',(1.,0.,0.));
#1814=DIRECTION('',(0.,0.,1.));
#1815=DIRECTION('center_axis',(0.,0.,1.));
#1816=DIRECTION('ref_axis',(1.,0.,0.));
#1817=DIRECTION('center_axis',(0.,0.,1.));
#1818=DIRECTION('ref_axis',(1.,0.,0.));
#1819=DIRECTION('',(0.,0.,1.));
#1820=DIRECTION('center_axis',(-0.707044527897466,-0.707169028995367,0.));
#1821=DIRECTION('ref_axis',(-0.707169028995367,0.707044527897466,0.));
#1822=DIRECTION('',(0.,0.,1.));
#1823=DIRECTION('',(-0.707169028995367,0.707044527897466,0.));
#1824=DIRECTION('',(0.,0.,-1.));
#1825=DIRECTION('center_axis',(0.,0.,1.));
#1826=DIRECTION('ref_axis',(1.,0.,0.));
#1827=DIRECTION('center_axis',(0.,0.,1.));
#1828=DIRECTION('ref_axis',(1.,0.,0.));
#1829=DIRECTION('',(0.,0.,1.));
#1830=DIRECTION('center_axis',(0.,0.,1.));
#1831=DIRECTION('ref_axis',(1.,0.,0.));
#1832=DIRECTION('',(0.,0.,-1.));
#1833=DIRECTION('center_axis',(0.,0.,1.));
#1834=DIRECTION('ref_axis',(1.,0.,0.));
#1835=DIRECTION('center_axis',(-1.83697019872103E-16,-1.,0.));
#1836=DIRECTION('ref_axis',(1.,-1.83697019872103E-16,0.));
#1837=DIRECTION('',(-1.,1.83697019872103E-16,0.));
#1838=DIRECTION('',(0.,0.,1.));
#1839=DIRECTION('center_axis',(1.83697019872103E-16,1.,0.));
#1840=DIRECTION('ref_axis',(-1.,1.83697019872103E-16,0.));
#1841=DIRECTION('',(1.,-1.83697019872103E-16,0.));
#1842=DIRECTION('',(0.,0.,1.));
#1843=DIRECTION('center_axis',(-1.,1.22464679914735E-16,0.));
#1844=DIRECTION('ref_axis',(-1.22464679914735E-16,-1.,0.));
#1845=DIRECTION('',(1.22464679914735E-16,1.,0.));
#1846=DIRECTION('',(0.,0.,1.));
#1847=DIRECTION('center_axis',(1.,-1.22464679914735E-16,0.));
#1848=DIRECTION('ref_axis',(1.22464679914735E-16,1.,0.));
#1849=DIRECTION('',(-1.22464679914735E-16,-1.,0.));
#1850=DIRECTION('',(0.,0.,1.));
#1851=DIRECTION('center_axis',(6.12323399573677E-17,1.,0.));
#1852=DIRECTION('ref_axis',(-1.,6.12323399573677E-17,0.));
#1853=DIRECTION('',(1.,-6.12323399573677E-17,0.));
#1854=DIRECTION('',(0.,0.,1.));
#1855=DIRECTION('center_axis',(-6.12323399573677E-17,-1.,0.));
#1856=DIRECTION('ref_axis',(1.,-6.12323399573677E-17,0.));
#1857=DIRECTION('',(-1.,6.12323399573677E-17,0.));
#1858=DIRECTION('',(0.,0.,-1.));
#1859=DIRECTION('',(0.,0.,1.));
#1860=DIRECTION('center_axis',(0.,0.,1.));
#1861=DIRECTION('ref_axis',(1.,0.,0.));
#1862=DIRECTION('center_axis',(0.,0.,1.));
#1863=DIRECTION('ref_axis',(1.,0.,0.));
#1864=DIRECTION('',(0.,0.,1.));
#1865=DIRECTION('center_axis',(0.,0.,1.));
#1866=DIRECTION('ref_axis',(1.83697019872103E-16,1.,0.));
#1867=DIRECTION('center_axis',(0.,0.,-1.));
#1868=DIRECTION('ref_axis',(1.83697019872103E-16,1.,0.));
#1869=DIRECTION('',(0.,0.,-1.));
#1870=DIRECTION('center_axis',(0.,0.,1.));
#1871=DIRECTION('ref_axis',(1.83697019872103E-16,1.,0.));
#1872=DIRECTION('center_axis',(0.,0.,1.));
#1873=DIRECTION('ref_axis',(1.83697019872103E-16,1.,0.));
#1874=DIRECTION('center_axis',(0.,0.,1.));
#1875=DIRECTION('ref_axis',(1.83697019872103E-16,1.,0.));
#1876=DIRECTION('',(0.,0.,-1.));
#1877=DIRECTION('center_axis',(0.,0.,-1.));
#1878=DIRECTION('ref_axis',(1.83697019872103E-16,1.,0.));
#1879=DIRECTION('center_axis',(0.,0.,1.));
#1880=DIRECTION('ref_axis',(1.83697019872103E-16,1.,0.));
#1881=DIRECTION('center_axis',(0.,0.,1.));
#1882=DIRECTION('ref_axis',(1.,-1.22464679914735E-16,0.));
#1883=DIRECTION('center_axis',(0.,0.,-1.));
#1884=DIRECTION('ref_axis',(1.,-1.22464679914735E-16,0.));
#1885=DIRECTION('',(0.,0.,-1.));
#1886=DIRECTION('center_axis',(0.,0.,1.));
#1887=DIRECTION('ref_axis',(1.,-1.22464679914735E-16,0.));
#1888=DIRECTION('center_axis',(0.,0.,1.));
#1889=DIRECTION('ref_axis',(1.,-1.22464679914735E-16,0.));
#1890=DIRECTION('center_axis',(0.,0.,1.));
#1891=DIRECTION('ref_axis',(1.,-1.22464679914735E-16,0.));
#1892=DIRECTION('',(0.,0.,-1.));
#1893=DIRECTION('center_axis',(0.,0.,-1.));
#1894=DIRECTION('ref_axis',(1.,-1.22464679914735E-16,0.));
#1895=DIRECTION('center_axis',(0.,0.,1.));
#1896=DIRECTION('ref_axis',(1.,-1.22464679914735E-16,0.));
#1897=DIRECTION('center_axis',(0.,0.,1.));
#1898=DIRECTION('ref_axis',(-6.12323399573676E-17,-1.,0.));
#1899=DIRECTION('center_axis',(0.,0.,-1.));
#1900=DIRECTION('ref_axis',(-6.12323399573676E-17,-1.,0.));
#1901=DIRECTION('',(0.,0.,-1.));
#1902=DIRECTION('center_axis',(0.,0.,1.));
#1903=DIRECTION('ref_axis',(-6.12323399573676E-17,-1.,0.));
#1904=DIRECTION('center_axis',(0.,0.,1.));
#1905=DIRECTION('ref_axis',(-6.12323399573677E-17,-1.,0.));
#1906=DIRECTION('center_axis',(0.,0.,1.));
#1907=DIRECTION('ref_axis',(-6.12323399573677E-17,-1.,0.));
#1908=DIRECTION('',(0.,0.,-1.));
#1909=DIRECTION('center_axis',(0.,0.,-1.));
#1910=DIRECTION('ref_axis',(-6.12323399573677E-17,-1.,0.));
#1911=DIRECTION('center_axis',(0.,0.,1.));
#1912=DIRECTION('ref_axis',(-6.12323399573677E-17,-1.,0.));
#1913=DIRECTION('center_axis',(0.,0.,1.));
#1914=DIRECTION('ref_axis',(1.,0.,0.));
#1915=DIRECTION('center_axis',(0.,0.,1.));
#1916=DIRECTION('ref_axis',(1.,0.,0.));
#1917=DIRECTION('center_axis',(0.,0.,1.));
#1918=DIRECTION('ref_axis',(1.,0.,0.));
#1919=DIRECTION('center_axis',(1.,0.,0.));
#1920=DIRECTION('ref_axis',(0.,1.,0.));
#1921=DIRECTION('',(0.,-1.,0.));
#1922=DIRECTION('',(0.,0.,1.));
#1923=DIRECTION('center_axis',(-1.,0.,0.));
#1924=DIRECTION('ref_axis',(0.,-1.,0.));
#1925=DIRECTION('',(0.,1.,0.));
#1926=DIRECTION('',(0.,0.,-1.));
#1927=DIRECTION('',(0.,0.,1.));
#1928=DIRECTION('center_axis',(0.,0.,1.));
#1929=DIRECTION('ref_axis',(-1.,0.,0.));
#1930=DIRECTION('center_axis',(0.,0.,-1.));
#1931=DIRECTION('ref_axis',(-1.,0.,0.));
#1932=DIRECTION('',(0.,0.,-1.));
#1933=DIRECTION('center_axis',(0.,0.,1.));
#1934=DIRECTION('ref_axis',(-1.,0.,0.));
#1935=DIRECTION('center_axis',(0.,0.,1.));
#1936=DIRECTION('ref_axis',(-1.,0.,0.));
#1937=DIRECTION('center_axis',(0.,0.,1.));
#1938=DIRECTION('ref_axis',(-1.,0.,0.));
#1939=DIRECTION('',(0.,0.,-1.));
#1940=DIRECTION('center_axis',(0.,0.,-1.));
#1941=DIRECTION('ref_axis',(-1.,0.,0.));
#1942=DIRECTION('center_axis',(0.,0.,1.));
#1943=DIRECTION('ref_axis',(-1.,0.,0.));
#1944=DIRECTION('center_axis',(0.,0.,1.));
#1945=DIRECTION('ref_axis',(1.,0.,0.));
#1946=DIRECTION('center_axis',(0.,0.,1.));
#1947=DIRECTION('ref_axis',(1.,0.,0.));
#1948=DIRECTION('center_axis',(0.,0.,-1.));
#1949=DIRECTION('ref_axis',(-1.,0.,0.));
#1950=DIRECTION('center_axis',(0.,0.,-1.));
#1951=DIRECTION('ref_axis',(-1.,0.,0.));
#1952=DIRECTION('center_axis',(0.,0.,-1.));
#1953=DIRECTION('ref_axis',(-1.,0.,0.));
#1954=DIRECTION('center_axis',(0.,0.,-1.));
#1955=DIRECTION('ref_axis',(-1.,0.,0.));
#1956=DIRECTION('center_axis',(0.,0.,1.));
#1957=DIRECTION('ref_axis',(-1.,0.,0.));
#1958=DIRECTION('center_axis',(0.,0.,-1.));
#1959=DIRECTION('ref_axis',(-1.,0.,0.));
#1960=DIRECTION('',(0.,0.,-1.));
#1961=DIRECTION('center_axis',(0.,0.,1.));
#1962=DIRECTION('ref_axis',(-1.,0.,0.));
#1963=DIRECTION('center_axis',(0.,0.,1.));
#1964=DIRECTION('ref_axis',(-1.,0.,0.));
#1965=DIRECTION('center_axis',(0.,0.,1.));
#1966=DIRECTION('ref_axis',(-1.,0.,0.));
#1967=DIRECTION('',(0.,0.,-1.));
#1968=DIRECTION('center_axis',(0.,0.,1.));
#1969=DIRECTION('ref_axis',(-1.,0.,0.));
#1970=DIRECTION('center_axis',(0.,0.,1.));
#1971=DIRECTION('ref_axis',(1.,0.,0.));
#1972=DIRECTION('center_axis',(0.,0.,1.));
#1973=DIRECTION('ref_axis',(-1.,0.,0.));
#1974=DIRECTION('center_axis',(0.,0.,-1.));
#1975=DIRECTION('ref_axis',(-1.,0.,0.));
#1976=DIRECTION('',(0.,0.,-1.));
#1977=DIRECTION('center_axis',(0.,0.,1.));
#1978=DIRECTION('ref_axis',(-1.,0.,0.));
#1979=DIRECTION('center_axis',(0.,0.,1.));
#1980=DIRECTION('ref_axis',(-1.,0.,0.));
#1981=DIRECTION('center_axis',(0.,0.,1.));
#1982=DIRECTION('ref_axis',(-1.,0.,0.));
#1983=DIRECTION('',(0.,0.,-1.));
#1984=DIRECTION('center_axis',(0.,0.,1.));
#1985=DIRECTION('ref_axis',(-1.,0.,0.));
#1986=DIRECTION('center_axis',(0.,0.,1.));
#1987=DIRECTION('ref_axis',(1.,0.,0.));
#1988=DIRECTION('center_axis',(0.,0.,1.));
#1989=DIRECTION('ref_axis',(-1.,0.,0.));
#1990=DIRECTION('center_axis',(0.,0.,-1.));
#1991=DIRECTION('ref_axis',(-1.,0.,0.));
#1992=DIRECTION('',(0.,0.,-1.));
#1993=DIRECTION('center_axis',(0.,0.,1.));
#1994=DIRECTION('ref_axis',(-1.,0.,0.));
#1995=DIRECTION('center_axis',(0.,0.,1.));
#1996=DIRECTION('ref_axis',(-1.,0.,0.));
#1997=DIRECTION('center_axis',(0.,0.,1.));
#1998=DIRECTION('ref_axis',(-1.,0.,0.));
#1999=DIRECTION('',(0.,0.,-1.));
#2000=DIRECTION('center_axis',(0.,0.,1.));
#2001=DIRECTION('ref_axis',(-1.,0.,0.));
#2002=DIRECTION('center_axis',(0.,0.,1.));
#2003=DIRECTION('ref_axis',(1.,0.,0.));
#2004=DIRECTION('center_axis',(0.,0.,1.));
#2005=DIRECTION('ref_axis',(-1.,0.,0.));
#2006=DIRECTION('center_axis',(0.,0.,-1.));
#2007=DIRECTION('ref_axis',(-1.,0.,0.));
#2008=DIRECTION('',(0.,0.,-1.));
#2009=DIRECTION('center_axis',(0.,0.,1.));
#2010=DIRECTION('ref_axis',(-1.,0.,0.));
#2011=DIRECTION('center_axis',(0.,0.,1.));
#2012=DIRECTION('ref_axis',(-1.,0.,0.));
#2013=DIRECTION('center_axis',(0.,0.,1.));
#2014=DIRECTION('ref_axis',(-1.,0.,0.));
#2015=DIRECTION('',(0.,0.,-1.));
#2016=DIRECTION('center_axis',(0.,0.,1.));
#2017=DIRECTION('ref_axis',(-1.,0.,0.));
#2018=DIRECTION('center_axis',(0.,0.,1.));
#2019=DIRECTION('ref_axis',(1.,0.,0.));
#2020=DIRECTION('center_axis',(0.,0.,1.));
#2021=DIRECTION('ref_axis',(1.,0.,0.));
#2022=DIRECTION('center_axis',(0.,0.,1.));
#2023=DIRECTION('ref_axis',(1.,0.,0.));
#2024=DIRECTION('center_axis',(0.,0.,1.));
#2025=DIRECTION('ref_axis',(1.,0.,0.));
#2026=DIRECTION('center_axis',(0.,0.,-1.));
#2027=DIRECTION('ref_axis',(1.,0.,0.));
#2028=DIRECTION('',(0.,0.,-1.));
#2029=DIRECTION('center_axis',(0.,0.,1.));
#2030=DIRECTION('ref_axis',(1.,0.,0.));
#2031=DIRECTION('center_axis',(0.,0.,1.));
#2032=DIRECTION('ref_axis',(1.,0.,0.));
#2033=DIRECTION('',(0.,0.,-1.));
#2034=DIRECTION('center_axis',(0.,0.,1.));
#2035=DIRECTION('ref_axis',(1.,0.,0.));
#2036=DIRECTION('center_axis',(0.,0.,1.));
#2037=DIRECTION('ref_axis',(1.,0.,0.));
#2038=DIRECTION('center_axis',(0.,0.,1.));
#2039=DIRECTION('ref_axis',(1.,0.,0.));
#2040=CARTESIAN_POINT('',(0.,0.,0.));
#2041=CARTESIAN_POINT('Origin',(-35.2302213672106,13.6379815120364,18.4));
#2042=CARTESIAN_POINT('',(-35.4763458579321,13.0907861766515,18.4));
#2043=CARTESIAN_POINT('Origin',(-35.2302213672105,13.6379815120364,18.4));
#2044=CARTESIAN_POINT('',(-37.4739811215335,13.9893080208762,18.4));
#2045=CARTESIAN_POINT('',(-35.4763458579321,13.0907861766515,18.4));
#2046=CARTESIAN_POINT('Ctrl Pts',(-37.4739811215335,13.9893080208762,18.4));
#2047=CARTESIAN_POINT('Ctrl Pts',(-37.4739811215335,13.9893080208762,18.324664235615));
#2048=CARTESIAN_POINT('Ctrl Pts',(-37.468712318988,14.0034473374516,18.2443190738514));
#2049=CARTESIAN_POINT('Ctrl Pts',(-37.4471994137473,14.0608746613604,18.096542984252));
#2050=CARTESIAN_POINT('Ctrl Pts',(-37.430944488638,14.1041566877701,18.0291113079289));
#2051=CARTESIAN_POINT('Ctrl Pts',(-37.3931906267143,14.2039482337434,17.9225463372475));
#2052=CARTESIAN_POINT('Ctrl Pts',(-37.3691601370519,14.2671424743192,17.8763391270679));
#2053=CARTESIAN_POINT('Ctrl Pts',(-37.316078488003,14.4054076654679,17.8150659966778));
#2054=CARTESIAN_POINT('Ctrl Pts',(-37.2870159794887,14.4804742248213,17.8));
#2055=CARTESIAN_POINT('Ctrl Pts',(-37.232131022695,14.6210159443935,17.8));
#2056=CARTESIAN_POINT('Ctrl Pts',(-37.202646128265,14.6958700867189,17.8150501594387));
#2057=CARTESIAN_POINT('Ctrl Pts',(-37.148014184578,14.8334257234464,17.8762966783796));
#2058=CARTESIAN_POINT('Ctrl Pts',(-37.122878599368,14.8961313641484,17.922493950895));
#2059=CARTESIAN_POINT('Ctrl Pts',(-37.0830415629177,14.9950280792749,18.0290657079148));
#2060=CARTESIAN_POINT('Ctrl Pts',(-37.0656792527049,15.0378309449096,18.0965176103087));
#2061=CARTESIAN_POINT('Ctrl Pts',(-37.0426078845345,15.0945731673493,18.2443191296026));
#2062=CARTESIAN_POINT('Ctrl Pts',(-37.0369100327529,15.1085173073259,18.3246686592027));
#2063=CARTESIAN_POINT('Ctrl Pts',(-37.0369100327529,15.1085173073259,18.4753313407973));
#2064=CARTESIAN_POINT('Ctrl Pts',(-37.0426078845345,15.0945731673493,18.5556808703973));
#2065=CARTESIAN_POINT('Ctrl Pts',(-37.0656792527049,15.0378309449096,18.7034823896913));
#2066=CARTESIAN_POINT('Ctrl Pts',(-37.0830415629177,14.9950280792749,18.7709342920852));
#2067=CARTESIAN_POINT('Ctrl Pts',(-37.122878599368,14.8961313641484,18.877506049105));
#2068=CARTESIAN_POINT('Ctrl Pts',(-37.148014184578,14.8334257234464,18.9237033216204));
#2069=CARTESIAN_POINT('Ctrl Pts',(-37.202646128265,14.6958700867189,18.9849498405613));
#2070=CARTESIAN_POINT('Ctrl Pts',(-37.232131022695,14.6210159443935,19.));
#2071=CARTESIAN_POINT('Ctrl Pts',(-37.2870159794887,14.4804742248213,19.));
#2072=CARTESIAN_POINT('Ctrl Pts',(-37.316078488003,14.4054076654679,18.9849340033222));
#2073=CARTESIAN_POINT('Ctrl Pts',(-37.3691601370519,14.2671424743192,18.9236608729321));
#2074=CARTESIAN_POINT('Ctrl Pts',(-37.3931906267143,14.2039482337434,18.8774536627525));
#2075=CARTESIAN_POINT('Ctrl Pts',(-37.430944488638,14.1041566877701,18.7708886920711));
#2076=CARTESIAN_POINT('Ctrl Pts',(-37.4471994137473,14.0608746613604,18.703457015748));
#2077=CARTESIAN_POINT('Ctrl Pts',(-37.468712318988,14.0034473374516,18.5556809261486));
#2078=CARTESIAN_POINT('Ctrl Pts',(-37.4739811215335,13.9893080208762,18.475335764385));
#2079=CARTESIAN_POINT('Ctrl Pts',(-37.4739811215335,13.9893080208762,18.4));
#2080=CARTESIAN_POINT('Origin',(-33.3284994689021,17.8659774701109,23.4));
#2081=CARTESIAN_POINT('',(-33.5746239596237,17.3187821347259,23.4));
#2082=CARTESIAN_POINT('Origin',(-33.3284994689021,17.8659774701109,23.4));
#2083=CARTESIAN_POINT('',(-35.6035964696137,18.231399244954,23.4));
#2084=CARTESIAN_POINT('',(-33.5746239596237,17.3187821347259,23.4));
#2085=CARTESIAN_POINT('Ctrl Pts',(-35.6035964696137,18.231399244954,23.4));
#2086=CARTESIAN_POINT('Ctrl Pts',(-35.6035964696137,18.231399244954,23.3246728167149));
#2087=CARTESIAN_POINT('Ctrl Pts',(-35.5967348948184,18.2448185402107,23.2443310535652));
#2088=CARTESIAN_POINT('Ctrl Pts',(-35.568743154555,18.2993291992585,23.0965524540054));
#2089=CARTESIAN_POINT('Ctrl Pts',(-35.5476020793398,18.3404150972783,23.0291156681928));
#2090=CARTESIAN_POINT('Ctrl Pts',(-35.4985606015368,18.4351578871659,22.9225243518335));
#2091=CARTESIAN_POINT('Ctrl Pts',(-35.4673718609583,18.4951620812138,22.8763101986546));
#2092=CARTESIAN_POINT('Ctrl Pts',(-35.3986271960092,18.6263973911182,22.8150487371954));
#2093=CARTESIAN_POINT('Ctrl Pts',(-35.361060741387,18.6976223236247,22.8));
#2094=CARTESIAN_POINT('Ctrl Pts',(-35.2902166576492,18.8309934500458,22.8));
#2095=CARTESIAN_POINT('Ctrl Pts',(-35.2522066347361,18.9020481403798,22.8150694002623));
#2096=CARTESIAN_POINT('Ctrl Pts',(-35.1818961818787,19.0325951348445,22.8763655827152));
#2097=CARTESIAN_POINT('Ctrl Pts',(-35.149606537447,19.0920930917891,22.922592696726));
#2098=CARTESIAN_POINT('Ctrl Pts',(-35.0985139729133,19.1858583265279,23.02917515443));
#2099=CARTESIAN_POINT('Ctrl Pts',(-35.0762799019446,19.2264279009041,23.0965855506742));
#2100=CARTESIAN_POINT('Ctrl Pts',(-35.0467401863001,19.2802215729676,23.2443309667648));
#2101=CARTESIAN_POINT('Ctrl Pts',(-35.0394465030109,19.2934493744027,23.3246670293393));
#2102=CARTESIAN_POINT('Ctrl Pts',(-35.0394465030109,19.2934493744027,23.4753329706607));
#2103=CARTESIAN_POINT('Ctrl Pts',(-35.0467401863001,19.2802215729676,23.5556690332352));
#2104=CARTESIAN_POINT('Ctrl Pts',(-35.0762799019446,19.2264279009041,23.7034144493258));
#2105=CARTESIAN_POINT('Ctrl Pts',(-35.0985139729133,19.1858583265279,23.77082484557));
#2106=CARTESIAN_POINT('Ctrl Pts',(-35.149606537447,19.0920930917891,23.877407303274));
#2107=CARTESIAN_POINT('Ctrl Pts',(-35.1818961818787,19.0325951348445,23.9236344172848));
#2108=CARTESIAN_POINT('Ctrl Pts',(-35.2522066347361,18.9020481403798,23.9849305997377));
#2109=CARTESIAN_POINT('Ctrl Pts',(-35.2902166576492,18.8309934500458,24.));
#2110=CARTESIAN_POINT('Ctrl Pts',(-35.361060741387,18.6976223236247,24.));
#2111=CARTESIAN_POINT('Ctrl Pts',(-35.3986271960092,18.6263973911182,23.9849512628046));
#2112=CARTESIAN_POINT('Ctrl Pts',(-35.4673718609583,18.4951620812138,23.9236898013454));
#2113=CARTESIAN_POINT('Ctrl Pts',(-35.4985606015368,18.4351578871659,23.8774756481665));
#2114=CARTESIAN_POINT('Ctrl Pts',(-35.5476020793398,18.3404150972783,23.7708843318072));
#2115=CARTESIAN_POINT('Ctrl Pts',(-35.568743154555,18.2993291992585,23.7034475459946));
#2116=CARTESIAN_POINT('Ctrl Pts',(-35.5967348948184,18.2448185402107,23.5556689464348));
#2117=CARTESIAN_POINT('Ctrl Pts',(-35.6035964696137,18.231399244954,23.4753271832851));
#2118=CARTESIAN_POINT('Ctrl Pts',(-35.6035964696137,18.231399244954,23.4));
#2119=CARTESIAN_POINT('Origin',(-34.2793604180563,15.7519794910737,23.4));
#2120=CARTESIAN_POINT('',(-34.5254849087779,15.2047841556887,23.4));
#2121=CARTESIAN_POINT('Origin',(-34.2793604180563,15.7519794910737,23.4));
#2122=CARTESIAN_POINT('',(-36.6000984503832,16.1379302707088,23.4));
#2123=CARTESIAN_POINT('',(-34.5254849087779,15.2047841556887,23.4));
#2124=CARTESIAN_POINT('Ctrl Pts',(-36.6000984503832,16.1379302707088,23.4));
#2125=CARTESIAN_POINT('Ctrl Pts',(-36.6000984503832,16.1379302707088,23.3246618944715));
#2126=CARTESIAN_POINT('Ctrl Pts',(-36.5940318776816,16.1517110035593,23.2443023948626));
#2127=CARTESIAN_POINT('Ctrl Pts',(-36.5692630794372,16.207712214688,23.0964740964824));
#2128=CARTESIAN_POINT('Ctrl Pts',(-36.5505497649608,16.249927687173,23.0290052595998));
#2129=CARTESIAN_POINT('Ctrl Pts',(-36.5071366398745,16.3472264397248,22.9224623414114));
#2130=CARTESIAN_POINT('Ctrl Pts',(-36.4795413514213,16.4087941676433,22.8762866618784));
#2131=CARTESIAN_POINT('Ctrl Pts',(-36.4186506424179,16.5434986817074,22.8150554975015));
#2132=CARTESIAN_POINT('Ctrl Pts',(-36.3853441395414,16.6166304522621,22.8));
#2133=CARTESIAN_POINT('Ctrl Pts',(-36.3224906626034,16.7535771944409,22.8));
#2134=CARTESIAN_POINT('Ctrl Pts',(-36.2887546907985,16.8265191681221,22.8150578811529));
#2135=CARTESIAN_POINT('Ctrl Pts',(-36.2263153246933,16.9605289516578,22.8762930506919));
#2136=CARTESIAN_POINT('Ctrl Pts',(-36.1976229350049,17.0216019399621,22.9224702267416));
#2137=CARTESIAN_POINT('Ctrl Pts',(-36.1521507438533,17.1179681894056,23.0290121242372));
#2138=CARTESIAN_POINT('Ctrl Pts',(-36.1323409028091,17.1596876025968,23.0964779169646));
#2139=CARTESIAN_POINT('Ctrl Pts',(-36.1060249651242,17.2149905301598,23.2443023887477));
#2140=CARTESIAN_POINT('Ctrl Pts',(-36.0995300308187,17.228578918588,23.3246612312446));
#2141=CARTESIAN_POINT('Ctrl Pts',(-36.0995300308187,17.228578918588,23.4753387687554));
#2142=CARTESIAN_POINT('Ctrl Pts',(-36.1060249651242,17.2149905301598,23.5556976112523));
#2143=CARTESIAN_POINT('Ctrl Pts',(-36.1323409028091,17.1596876025968,23.7035220830354));
#2144=CARTESIAN_POINT('Ctrl Pts',(-36.1521507438533,17.1179681894056,23.7709878757628));
#2145=CARTESIAN_POINT('Ctrl Pts',(-36.1976229350049,17.0216019399621,23.8775297732584));
#2146=CARTESIAN_POINT('Ctrl Pts',(-36.2263153246933,16.9605289516578,23.9237069493081));
#2147=CARTESIAN_POINT('Ctrl Pts',(-36.2887546907985,16.8265191681221,23.9849421188471));
#2148=CARTESIAN_POINT('Ctrl Pts',(-36.3224906626034,16.7535771944409,24.));
#2149=CARTESIAN_POINT('Ctrl Pts',(-36.3853441395414,16.6166304522621,24.));
#2150=CARTESIAN_POINT('Ctrl Pts',(-36.4186506424179,16.5434986817074,23.9849445024985));
#2151=CARTESIAN_POINT('Ctrl Pts',(-36.4795413514213,16.4087941676433,23.9237133381216));
#2152=CARTESIAN_POINT('Ctrl Pts',(-36.5071366398745,16.3472264397248,23.8775376585886));
#2153=CARTESIAN_POINT('Ctrl Pts',(-36.5505497649608,16.249927687173,23.7709947404002));
#2154=CARTESIAN_POINT('Ctrl Pts',(-36.5692630794372,16.207712214688,23.7035259035176));
#2155=CARTESIAN_POINT('Ctrl Pts',(-36.5940318776816,16.1517110035594,23.5556976051374));
#2156=CARTESIAN_POINT('Ctrl Pts',(-36.6000984503832,16.1379302707088,23.4753381055286));
#2157=CARTESIAN_POINT('Ctrl Pts',(-36.6000984503832,16.1379302707088,23.4));
#2158=CARTESIAN_POINT('Origin',(-33.3284994689021,17.8659774701109,20.9));
#2159=CARTESIAN_POINT('',(-33.5746239596237,17.3187821347259,20.9));
#2160=CARTESIAN_POINT('Origin',(-33.3284994689021,17.8659774701109,20.9));
#2161=CARTESIAN_POINT('',(-35.6035964696137,18.231399244954,20.9));
#2162=CARTESIAN_POINT('',(-33.5746239596237,17.3187821347259,20.9));
#2163=CARTESIAN_POINT('Ctrl Pts',(-35.6035964696137,18.231399244954,20.9));
#2164=CARTESIAN_POINT('Ctrl Pts',(-35.6035964696137,18.231399244954,20.8246728167149));
#2165=CARTESIAN_POINT('Ctrl Pts',(-35.5967348948184,18.2448185402107,20.7443310535652));
#2166=CARTESIAN_POINT('Ctrl Pts',(-35.568743154555,18.2993291992585,20.5965524540054));
#2167=CARTESIAN_POINT('Ctrl Pts',(-35.5476020793398,18.3404150972783,20.5291156681928));
#2168=CARTESIAN_POINT('Ctrl Pts',(-35.4985606015368,18.4351578871659,20.4225243518335));
#2169=CARTESIAN_POINT('Ctrl Pts',(-35.4673718609583,18.4951620812138,20.3763101986546));
#2170=CARTESIAN_POINT('Ctrl Pts',(-35.3986271960092,18.6263973911182,20.3150487371954));
#2171=CARTESIAN_POINT('Ctrl Pts',(-35.361060741387,18.6976223236247,20.3));
#2172=CARTESIAN_POINT('Ctrl Pts',(-35.2902166576492,18.8309934500458,20.3));
#2173=CARTESIAN_POINT('Ctrl Pts',(-35.2522066347361,18.9020481403798,20.3150694002623));
#2174=CARTESIAN_POINT('Ctrl Pts',(-35.1818961818787,19.0325951348445,20.3763655827152));
#2175=CARTESIAN_POINT('Ctrl Pts',(-35.149606537447,19.0920930917891,20.422592696726));
#2176=CARTESIAN_POINT('Ctrl Pts',(-35.0985139729133,19.1858583265279,20.52917515443));
#2177=CARTESIAN_POINT('Ctrl Pts',(-35.0762799019446,19.2264279009041,20.5965855506742));
#2178=CARTESIAN_POINT('Ctrl Pts',(-35.0467401863001,19.2802215729676,20.7443309667648));
#2179=CARTESIAN_POINT('Ctrl Pts',(-35.0394465030109,19.2934493744027,20.8246670293393));
#2180=CARTESIAN_POINT('Ctrl Pts',(-35.0394465030109,19.2934493744027,20.9753329706607));
#2181=CARTESIAN_POINT('Ctrl Pts',(-35.0467401863001,19.2802215729676,21.0556690332352));
#2182=CARTESIAN_POINT('Ctrl Pts',(-35.0762799019446,19.2264279009041,21.2034144493258));
#2183=CARTESIAN_POINT('Ctrl Pts',(-35.0985139729133,19.1858583265279,21.27082484557));
#2184=CARTESIAN_POINT('Ctrl Pts',(-35.149606537447,19.0920930917891,21.377407303274));
#2185=CARTESIAN_POINT('Ctrl Pts',(-35.1818961818787,19.0325951348445,21.4236344172848));
#2186=CARTESIAN_POINT('Ctrl Pts',(-35.2522066347361,18.9020481403798,21.4849305997377));
#2187=CARTESIAN_POINT('Ctrl Pts',(-35.2902166576492,18.8309934500458,21.5));
#2188=CARTESIAN_POINT('Ctrl Pts',(-35.361060741387,18.6976223236247,21.5));
#2189=CARTESIAN_POINT('Ctrl Pts',(-35.3986271960092,18.6263973911182,21.4849512628046));
#2190=CARTESIAN_POINT('Ctrl Pts',(-35.4673718609583,18.4951620812138,21.4236898013454));
#2191=CARTESIAN_POINT('Ctrl Pts',(-35.4985606015368,18.4351578871659,21.3774756481665));
#2192=CARTESIAN_POINT('Ctrl Pts',(-35.5476020793398,18.3404150972783,21.2708843318072));
#2193=CARTESIAN_POINT('Ctrl Pts',(-35.568743154555,18.2993291992585,21.2034475459946));
#2194=CARTESIAN_POINT('Ctrl Pts',(-35.5967348948184,18.2448185402107,21.0556689464348));
#2195=CARTESIAN_POINT('Ctrl Pts',(-35.6035964696137,18.231399244954,20.9753271832851));
#2196=CARTESIAN_POINT('Ctrl Pts',(-35.6035964696137,18.231399244954,20.9));
#2197=CARTESIAN_POINT('Origin',(-34.2793604180563,15.7519794910737,18.4));
#2198=CARTESIAN_POINT('',(-34.5254849087779,15.2047841556887,18.4));
#2199=CARTESIAN_POINT('Origin',(-34.2793604180563,15.7519794910737,18.4));
#2200=CARTESIAN_POINT('',(-36.6000984503832,16.1379302707088,18.4));
#2201=CARTESIAN_POINT('',(-34.5254849087779,15.2047841556887,18.4));
#2202=CARTESIAN_POINT('Ctrl Pts',(-36.6000984503832,16.1379302707088,18.4));
#2203=CARTESIAN_POINT('Ctrl Pts',(-36.6000984503832,16.1379302707088,18.3246618944715));
#2204=CARTESIAN_POINT('Ctrl Pts',(-36.5940318776816,16.1517110035593,18.2443023948626));
#2205=CARTESIAN_POINT('Ctrl Pts',(-36.5692630794372,16.207712214688,18.0964740964824));
#2206=CARTESIAN_POINT('Ctrl Pts',(-36.5505497649608,16.249927687173,18.0290052595998));
#2207=CARTESIAN_POINT('Ctrl Pts',(-36.5071366398745,16.3472264397248,17.9224623414114));
#2208=CARTESIAN_POINT('Ctrl Pts',(-36.4795413514213,16.4087941676433,17.8762866618784));
#2209=CARTESIAN_POINT('Ctrl Pts',(-36.4186506424179,16.5434986817074,17.8150554975015));
#2210=CARTESIAN_POINT('Ctrl Pts',(-36.3853441395414,16.6166304522621,17.8));
#2211=CARTESIAN_POINT('Ctrl Pts',(-36.3224906626034,16.7535771944409,17.8));
#2212=CARTESIAN_POINT('Ctrl Pts',(-36.2887546907985,16.8265191681221,17.8150578811529));
#2213=CARTESIAN_POINT('Ctrl Pts',(-36.2263153246933,16.9605289516578,17.8762930506919));
#2214=CARTESIAN_POINT('Ctrl Pts',(-36.1976229350049,17.0216019399621,17.9224702267416));
#2215=CARTESIAN_POINT('Ctrl Pts',(-36.1521507438533,17.1179681894056,18.0290121242372));
#2216=CARTESIAN_POINT('Ctrl Pts',(-36.132340902809,17.1596876025968,18.0964779169646));
#2217=CARTESIAN_POINT('Ctrl Pts',(-36.1060249651242,17.2149905301598,18.2443023887477));
#2218=CARTESIAN_POINT('Ctrl Pts',(-36.0995300308187,17.228578918588,18.3246612312446));
#2219=CARTESIAN_POINT('Ctrl Pts',(-36.0995300308187,17.228578918588,18.4753387687554));
#2220=CARTESIAN_POINT('Ctrl Pts',(-36.1060249651242,17.2149905301598,18.5556976112523));
#2221=CARTESIAN_POINT('Ctrl Pts',(-36.132340902809,17.1596876025968,18.7035220830354));
#2222=CARTESIAN_POINT('Ctrl Pts',(-36.1521507438533,17.1179681894056,18.7709878757628));
#2223=CARTESIAN_POINT('Ctrl Pts',(-36.1976229350049,17.0216019399621,18.8775297732584));
#2224=CARTESIAN_POINT('Ctrl Pts',(-36.2263153246933,16.9605289516578,18.9237069493081));
#2225=CARTESIAN_POINT('Ctrl Pts',(-36.2887546907985,16.8265191681221,18.9849421188471));
#2226=CARTESIAN_POINT('Ctrl Pts',(-36.3224906626034,16.7535771944409,19.));
#2227=CARTESIAN_POINT('Ctrl Pts',(-36.3853441395414,16.6166304522621,19.));
#2228=CARTESIAN_POINT('Ctrl Pts',(-36.4186506424179,16.5434986817074,18.9849445024985));
#2229=CARTESIAN_POINT('Ctrl Pts',(-36.4795413514213,16.4087941676433,18.9237133381216));
#2230=CARTESIAN_POINT('Ctrl Pts',(-36.5071366398746,16.3472264397248,18.8775376585886));
#2231=CARTESIAN_POINT('Ctrl Pts',(-36.5505497649608,16.249927687173,18.7709947404002));
#2232=CARTESIAN_POINT('Ctrl Pts',(-36.5692630794372,16.207712214688,18.7035259035176));
#2233=CARTESIAN_POINT('Ctrl Pts',(-36.5940318776816,16.1517110035594,18.5556976051374));
#2234=CARTESIAN_POINT('Ctrl Pts',(-36.6000984503832,16.1379302707088,18.4753381055285));
#2235=CARTESIAN_POINT('Ctrl Pts',(-36.6000984503832,16.1379302707088,18.4));
#2236=CARTESIAN_POINT('Origin',(-35.2302213672106,13.6379815120364,20.9));
#2237=CARTESIAN_POINT('',(-35.4763458579321,13.0907861766515,20.9));
#2238=CARTESIAN_POINT('Origin',(-35.2302213672105,13.6379815120364,20.9));
#2239=CARTESIAN_POINT('',(-37.4739811215335,13.9893080208762,20.9));
#2240=CARTESIAN_POINT('',(-35.4763458579321,13.0907861766515,20.9));
#2241=CARTESIAN_POINT('Ctrl Pts',(-37.4739811215335,13.9893080208762,20.9));
#2242=CARTESIAN_POINT('Ctrl Pts',(-37.4739811215335,13.9893080208762,20.824664235615));
#2243=CARTESIAN_POINT('Ctrl Pts',(-37.468712318988,14.0034473374516,20.7443190738514));
#2244=CARTESIAN_POINT('Ctrl Pts',(-37.4471994137473,14.0608746613604,20.596542984252));
#2245=CARTESIAN_POINT('Ctrl Pts',(-37.430944488638,14.1041566877701,20.5291113079289));
#2246=CARTESIAN_POINT('Ctrl Pts',(-37.3931906267143,14.2039482337434,20.4225463372475));
#2247=CARTESIAN_POINT('Ctrl Pts',(-37.3691601370519,14.2671424743192,20.3763391270679));
#2248=CARTESIAN_POINT('Ctrl Pts',(-37.316078488003,14.4054076654679,20.3150659966778));
#2249=CARTESIAN_POINT('Ctrl Pts',(-37.2870159794887,14.4804742248213,20.3));
#2250=CARTESIAN_POINT('Ctrl Pts',(-37.232131022695,14.6210159443935,20.3));
#2251=CARTESIAN_POINT('Ctrl Pts',(-37.202646128265,14.6958700867189,20.3150501594387));
#2252=CARTESIAN_POINT('Ctrl Pts',(-37.148014184578,14.8334257234464,20.3762966783796));
#2253=CARTESIAN_POINT('Ctrl Pts',(-37.122878599368,14.8961313641484,20.422493950895));
#2254=CARTESIAN_POINT('Ctrl Pts',(-37.0830415629177,14.9950280792749,20.5290657079148));
#2255=CARTESIAN_POINT('Ctrl Pts',(-37.0656792527049,15.0378309449096,20.5965176103087));
#2256=CARTESIAN_POINT('Ctrl Pts',(-37.0426078845345,15.0945731673493,20.7443191296026));
#2257=CARTESIAN_POINT('Ctrl Pts',(-37.0369100327529,15.1085173073259,20.8246686592027));
#2258=CARTESIAN_POINT('Ctrl Pts',(-37.0369100327529,15.1085173073259,20.9753313407973));
#2259=CARTESIAN_POINT('Ctrl Pts',(-37.0426078845345,15.0945731673493,21.0556808703974));
#2260=CARTESIAN_POINT('Ctrl Pts',(-37.0656792527049,15.0378309449096,21.2034823896913));
#2261=CARTESIAN_POINT('Ctrl Pts',(-37.0830415629177,14.9950280792749,21.2709342920852));
#2262=CARTESIAN_POINT('Ctrl Pts',(-37.122878599368,14.8961313641484,21.377506049105));
#2263=CARTESIAN_POINT('Ctrl Pts',(-37.148014184578,14.8334257234464,21.4237033216204));
#2264=CARTESIAN_POINT('Ctrl Pts',(-37.202646128265,14.6958700867189,21.4849498405613));
#2265=CARTESIAN_POINT('Ctrl Pts',(-37.232131022695,14.6210159443935,21.5));
#2266=CARTESIAN_POINT('Ctrl Pts',(-37.2870159794887,14.4804742248213,21.5));
#2267=CARTESIAN_POINT('Ctrl Pts',(-37.316078488003,14.4054076654679,21.4849340033222));
#2268=CARTESIAN_POINT('Ctrl Pts',(-37.3691601370519,14.2671424743192,21.4236608729321));
#2269=CARTESIAN_POINT('Ctrl Pts',(-37.3931906267143,14.2039482337434,21.3774536627525));
#2270=CARTESIAN_POINT('Ctrl Pts',(-37.430944488638,14.1041566877701,21.2708886920711));
#2271=CARTESIAN_POINT('Ctrl Pts',(-37.4471994137473,14.0608746613604,21.203457015748));
#2272=CARTESIAN_POINT('Ctrl Pts',(-37.468712318988,14.0034473374516,21.0556809261486));
#2273=CARTESIAN_POINT('Ctrl Pts',(-37.4739811215335,13.9893080208762,20.975335764385));
#2274=CARTESIAN_POINT('Ctrl Pts',(-37.4739811215335,13.9893080208762,20.9));
#2275=CARTESIAN_POINT('Origin',(-35.2302213672106,13.6379815120364,23.4));
#2276=CARTESIAN_POINT('',(-35.4763458579321,13.0907861766515,23.4));
#2277=CARTESIAN_POINT('Origin',(-35.2302213672105,13.6379815120364,23.4));
#2278=CARTESIAN_POINT('',(-37.4739811215335,13.9893080208762,23.4));
#2279=CARTESIAN_POINT('',(-35.4763458579321,13.0907861766515,23.4));
#2280=CARTESIAN_POINT('Ctrl Pts',(-37.4739811215335,13.9893080208762,23.4));
#2281=CARTESIAN_POINT('Ctrl Pts',(-37.4739811215335,13.9893080208762,23.324664235615));
#2282=CARTESIAN_POINT('Ctrl Pts',(-37.468712318988,14.0034473374516,23.2443190738514));
#2283=CARTESIAN_POINT('Ctrl Pts',(-37.4471994137473,14.0608746613604,23.096542984252));
#2284=CARTESIAN_POINT('Ctrl Pts',(-37.430944488638,14.1041566877701,23.0291113079289));
#2285=CARTESIAN_POINT('Ctrl Pts',(-37.3931906267143,14.2039482337434,22.9225463372475));
#2286=CARTESIAN_POINT('Ctrl Pts',(-37.3691601370519,14.2671424743192,22.8763391270679));
#2287=CARTESIAN_POINT('Ctrl Pts',(-37.316078488003,14.4054076654679,22.8150659966778));
#2288=CARTESIAN_POINT('Ctrl Pts',(-37.2870159794887,14.4804742248213,22.8));
#2289=CARTESIAN_POINT('Ctrl Pts',(-37.232131022695,14.6210159443935,22.8));
#2290=CARTESIAN_POINT('Ctrl Pts',(-37.202646128265,14.6958700867189,22.8150501594387));
#2291=CARTESIAN_POINT('Ctrl Pts',(-37.148014184578,14.8334257234464,22.8762966783796));
#2292=CARTESIAN_POINT('Ctrl Pts',(-37.122878599368,14.8961313641484,22.922493950895));
#2293=CARTESIAN_POINT('Ctrl Pts',(-37.0830415629177,14.9950280792749,23.0290657079148));
#2294=CARTESIAN_POINT('Ctrl Pts',(-37.0656792527049,15.0378309449096,23.0965176103087));
#2295=CARTESIAN_POINT('Ctrl Pts',(-37.0426078845345,15.0945731673493,23.2443191296026));
#2296=CARTESIAN_POINT('Ctrl Pts',(-37.0369100327529,15.1085173073259,23.3246686592027));
#2297=CARTESIAN_POINT('Ctrl Pts',(-37.0369100327529,15.1085173073259,23.4753313407973));
#2298=CARTESIAN_POINT('Ctrl Pts',(-37.0426078845345,15.0945731673493,23.5556808703974));
#2299=CARTESIAN_POINT('Ctrl Pts',(-37.0656792527049,15.0378309449096,23.7034823896913));
#2300=CARTESIAN_POINT('Ctrl Pts',(-37.0830415629177,14.9950280792749,23.7709342920852));
#2301=CARTESIAN_POINT('Ctrl Pts',(-37.122878599368,14.8961313641484,23.877506049105));
#2302=CARTESIAN_POINT('Ctrl Pts',(-37.148014184578,14.8334257234464,23.9237033216204));
#2303=CARTESIAN_POINT('Ctrl Pts',(-37.202646128265,14.6958700867189,23.9849498405613));
#2304=CARTESIAN_POINT('Ctrl Pts',(-37.232131022695,14.6210159443935,24.));
#2305=CARTESIAN_POINT('Ctrl Pts',(-37.2870159794887,14.4804742248213,24.));
#2306=CARTESIAN_POINT('Ctrl Pts',(-37.316078488003,14.4054076654679,23.9849340033222));
#2307=CARTESIAN_POINT('Ctrl Pts',(-37.3691601370519,14.2671424743192,23.9236608729321));
#2308=CARTESIAN_POINT('Ctrl Pts',(-37.3931906267143,14.2039482337434,23.8774536627525));
#2309=CARTESIAN_POINT('Ctrl Pts',(-37.430944488638,14.1041566877701,23.7708886920711));
#2310=CARTESIAN_POINT('Ctrl Pts',(-37.4471994137473,14.0608746613604,23.703457015748));
#2311=CARTESIAN_POINT('Ctrl Pts',(-37.468712318988,14.0034473374516,23.5556809261486));
#2312=CARTESIAN_POINT('Ctrl Pts',(-37.4739811215335,13.9893080208762,23.475335764385));
#2313=CARTESIAN_POINT('Ctrl Pts',(-37.4739811215335,13.9893080208762,23.4));
#2314=CARTESIAN_POINT('Origin',(-34.2793604180563,15.7519794910737,20.9));
#2315=CARTESIAN_POINT('',(-34.5254849087779,15.2047841556887,20.9));
#2316=CARTESIAN_POINT('Origin',(-34.2793604180563,15.7519794910737,20.9));
#2317=CARTESIAN_POINT('',(-36.6000984503832,16.1379302707088,20.9));
#2318=CARTESIAN_POINT('',(-34.5254849087779,15.2047841556887,20.9));
#2319=CARTESIAN_POINT('Ctrl Pts',(-36.6000984503832,16.1379302707088,20.9));
#2320=CARTESIAN_POINT('Ctrl Pts',(-36.6000984503832,16.1379302707088,20.8246618944715));
#2321=CARTESIAN_POINT('Ctrl Pts',(-36.5940318776816,16.1517110035593,20.7443023948626));
#2322=CARTESIAN_POINT('Ctrl Pts',(-36.5692630794372,16.207712214688,20.5964740964824));
#2323=CARTESIAN_POINT('Ctrl Pts',(-36.5505497649608,16.249927687173,20.5290052595998));
#2324=CARTESIAN_POINT('Ctrl Pts',(-36.5071366398745,16.3472264397248,20.4224623414114));
#2325=CARTESIAN_POINT('Ctrl Pts',(-36.4795413514213,16.4087941676433,20.3762866618784));
#2326=CARTESIAN_POINT('Ctrl Pts',(-36.4186506424179,16.5434986817074,20.3150554975015));
#2327=CARTESIAN_POINT('Ctrl Pts',(-36.3853441395414,16.6166304522621,20.3));
#2328=CARTESIAN_POINT('Ctrl Pts',(-36.3224906626034,16.7535771944409,20.3));
#2329=CARTESIAN_POINT('Ctrl Pts',(-36.2887546907985,16.8265191681221,20.3150578811529));
#2330=CARTESIAN_POINT('Ctrl Pts',(-36.2263153246933,16.9605289516578,20.3762930506919));
#2331=CARTESIAN_POINT('Ctrl Pts',(-36.1976229350049,17.0216019399621,20.4224702267416));
#2332=CARTESIAN_POINT('Ctrl Pts',(-36.1521507438533,17.1179681894056,20.5290121242372));
#2333=CARTESIAN_POINT('Ctrl Pts',(-36.1323409028091,17.1596876025968,20.5964779169646));
#2334=CARTESIAN_POINT('Ctrl Pts',(-36.1060249651242,17.2149905301598,20.7443023887477));
#2335=CARTESIAN_POINT('Ctrl Pts',(-36.0995300308187,17.228578918588,20.8246612312446));
#2336=CARTESIAN_POINT('Ctrl Pts',(-36.0995300308187,17.228578918588,20.9753387687554));
#2337=CARTESIAN_POINT('Ctrl Pts',(-36.1060249651242,17.2149905301598,21.0556976112523));
#2338=CARTESIAN_POINT('Ctrl Pts',(-36.1323409028091,17.1596876025968,21.2035220830354));
#2339=CARTESIAN_POINT('Ctrl Pts',(-36.1521507438533,17.1179681894056,21.2709878757628));
#2340=CARTESIAN_POINT('Ctrl Pts',(-36.1976229350049,17.0216019399621,21.3775297732584));
#2341=CARTESIAN_POINT('Ctrl Pts',(-36.2263153246933,16.9605289516578,21.4237069493081));
#2342=CARTESIAN_POINT('Ctrl Pts',(-36.2887546907985,16.8265191681221,21.4849421188471));
#2343=CARTESIAN_POINT('Ctrl Pts',(-36.3224906626034,16.7535771944409,21.5));
#2344=CARTESIAN_POINT('Ctrl Pts',(-36.3853441395414,16.6166304522621,21.5));
#2345=CARTESIAN_POINT('Ctrl Pts',(-36.4186506424179,16.5434986817074,21.4849445024985));
#2346=CARTESIAN_POINT('Ctrl Pts',(-36.4795413514213,16.4087941676433,21.4237133381216));
#2347=CARTESIAN_POINT('Ctrl Pts',(-36.5071366398745,16.3472264397248,21.3775376585886));
#2348=CARTESIAN_POINT('Ctrl Pts',(-36.5505497649608,16.249927687173,21.2709947404002));
#2349=CARTESIAN_POINT('Ctrl Pts',(-36.5692630794372,16.207712214688,21.2035259035176));
#2350=CARTESIAN_POINT('Ctrl Pts',(-36.5940318776816,16.1517110035593,21.0556976051374));
#2351=CARTESIAN_POINT('Ctrl Pts',(-36.6000984503832,16.1379302707088,20.9753381055285));
#2352=CARTESIAN_POINT('Ctrl Pts',(-36.6000984503832,16.1379302707088,20.9));
#2353=CARTESIAN_POINT('Origin',(-33.3284994689021,17.8659774701109,18.4));
#2354=CARTESIAN_POINT('',(-33.5746239596237,17.3187821347259,18.4));
#2355=CARTESIAN_POINT('Origin',(-33.3284994689021,17.8659774701109,18.4));
#2356=CARTESIAN_POINT('',(-35.6035964696137,18.231399244954,18.4));
#2357=CARTESIAN_POINT('',(-33.5746239596237,17.3187821347259,18.4));
#2358=CARTESIAN_POINT('Ctrl Pts',(-35.6035964696137,18.231399244954,18.4));
#2359=CARTESIAN_POINT('Ctrl Pts',(-35.6035964696137,18.231399244954,18.3246728167149));
#2360=CARTESIAN_POINT('Ctrl Pts',(-35.5967348948184,18.2448185402107,18.2443310535652));
#2361=CARTESIAN_POINT('Ctrl Pts',(-35.568743154555,18.2993291992585,18.0965524540054));
#2362=CARTESIAN_POINT('Ctrl Pts',(-35.5476020793398,18.3404150972783,18.0291156681928));
#2363=CARTESIAN_POINT('Ctrl Pts',(-35.4985606015368,18.4351578871659,17.9225243518335));
#2364=CARTESIAN_POINT('Ctrl Pts',(-35.4673718609583,18.4951620812138,17.8763101986546));
#2365=CARTESIAN_POINT('Ctrl Pts',(-35.3986271960092,18.6263973911182,17.8150487371954));
#2366=CARTESIAN_POINT('Ctrl Pts',(-35.361060741387,18.6976223236247,17.8));
#2367=CARTESIAN_POINT('Ctrl Pts',(-35.2902166576492,18.8309934500458,17.8));
#2368=CARTESIAN_POINT('Ctrl Pts',(-35.2522066347361,18.9020481403798,17.8150694002623));
#2369=CARTESIAN_POINT('Ctrl Pts',(-35.1818961818787,19.0325951348445,17.8763655827152));
#2370=CARTESIAN_POINT('Ctrl Pts',(-35.149606537447,19.0920930917891,17.922592696726));
#2371=CARTESIAN_POINT('Ctrl Pts',(-35.0985139729133,19.185858326528,18.02917515443));
#2372=CARTESIAN_POINT('Ctrl Pts',(-35.0762799019446,19.2264279009041,18.0965855506742));
#2373=CARTESIAN_POINT('Ctrl Pts',(-35.0467401863001,19.2802215729676,18.2443309667647));
#2374=CARTESIAN_POINT('Ctrl Pts',(-35.0394465030109,19.2934493744027,18.3246670293393));
#2375=CARTESIAN_POINT('Ctrl Pts',(-35.0394465030109,19.2934493744027,18.4753329706607));
#2376=CARTESIAN_POINT('Ctrl Pts',(-35.0467401863001,19.2802215729676,18.5556690332352));
#2377=CARTESIAN_POINT('Ctrl Pts',(-35.0762799019446,19.2264279009041,18.7034144493258));
#2378=CARTESIAN_POINT('Ctrl Pts',(-35.0985139729133,19.185858326528,18.77082484557));
#2379=CARTESIAN_POINT('Ctrl Pts',(-35.149606537447,19.0920930917891,18.877407303274));
#2380=CARTESIAN_POINT('Ctrl Pts',(-35.1818961818787,19.0325951348445,18.9236344172848));
#2381=CARTESIAN_POINT('Ctrl Pts',(-35.2522066347361,18.9020481403798,18.9849305997377));
#2382=CARTESIAN_POINT('Ctrl Pts',(-35.2902166576492,18.8309934500458,19.));
#2383=CARTESIAN_POINT('Ctrl Pts',(-35.361060741387,18.6976223236247,19.));
#2384=CARTESIAN_POINT('Ctrl Pts',(-35.3986271960092,18.6263973911182,18.9849512628046));
#2385=CARTESIAN_POINT('Ctrl Pts',(-35.4673718609583,18.4951620812138,18.9236898013454));
#2386=CARTESIAN_POINT('Ctrl Pts',(-35.4985606015368,18.4351578871659,18.8774756481665));
#2387=CARTESIAN_POINT('Ctrl Pts',(-35.5476020793398,18.3404150972783,18.7708843318072));
#2388=CARTESIAN_POINT('Ctrl Pts',(-35.568743154555,18.2993291992585,18.7034475459946));
#2389=CARTESIAN_POINT('Ctrl Pts',(-35.5967348948184,18.2448185402107,18.5556689464348));
#2390=CARTESIAN_POINT('Ctrl Pts',(-35.6035964696137,18.231399244954,18.4753271832851));
#2391=CARTESIAN_POINT('Ctrl Pts',(-35.6035964696137,18.231399244954,18.4));
#2392=CARTESIAN_POINT('Origin',(-33.9696082481163,9.90710169936962,20.2));
#2393=CARTESIAN_POINT('',(-35.0183983107613,10.2937738341617,20.2));
#2394=CARTESIAN_POINT('',(-36.4456661438904,10.9357485474603,20.2));
#2395=CARTESIAN_POINT('',(-36.4456661438904,10.9357485474603,20.2));
#2396=CARTESIAN_POINT('',(-36.4903293346577,10.8364512789129,20.2));
#2397=CARTESIAN_POINT('',(-33.9696082481163,9.90710169936962,20.2));
#2398=CARTESIAN_POINT('',(-35.3780737668595,13.3092692283615,20.2));
#2399=CARTESIAN_POINT('Origin',(-32.1625755016252,14.8084064918996,20.2));
#2400=CARTESIAN_POINT('',(-31.3166871672785,18.7487360871823,16.8279636836345));
#2401=CARTESIAN_POINT('Ctrl Pts',(-31.3166871672785,18.7487360871823,16.8279636836345));
#2402=CARTESIAN_POINT('Ctrl Pts',(-31.3654911252527,18.6672170835922,16.7174930903607));
#2403=CARTESIAN_POINT('Ctrl Pts',(-31.4158050113253,18.5824490931522,16.6121303547839));
#2404=CARTESIAN_POINT('Ctrl Pts',(-31.7056221554212,18.0893679141414,16.0473748010369));
#2405=CARTESIAN_POINT('Ctrl Pts',(-31.9984408726919,17.5719064860947,15.644340016467));
#2406=CARTESIAN_POINT('Ctrl Pts',(-32.6035362237923,16.4219834829179,15.1087025710313));
#2407=CARTESIAN_POINT('Ctrl Pts',(-32.9149578284581,15.789028680702,14.9761933404683));
#2408=CARTESIAN_POINT('Ctrl Pts',(-33.4632891038331,14.590707425023,14.9761933404683));
#2409=CARTESIAN_POINT('Ctrl Pts',(-33.7366252091076,13.9464795148473,15.1066924722454));
#2410=CARTESIAN_POINT('Ctrl Pts',(-34.2073063808494,12.7485042854708,15.6389572154673));
#2411=CARTESIAN_POINT('Ctrl Pts',(-34.4055855102199,12.1951302134478,16.0407364330336));
#2412=CARTESIAN_POINT('Ctrl Pts',(-34.7047129336331,11.3158597504796,16.9682674564329));
#2413=CARTESIAN_POINT('Ctrl Pts',(-34.8256132222884,10.9315192848319,17.5558170334983));
#2414=CARTESIAN_POINT('Ctrl Pts',(-34.9819798252878,10.4202945234609,18.843418733545));
#2415=CARTESIAN_POINT('Ctrl Pts',(-35.0183983107613,10.2937738341616,19.5434993878096));
#2416=CARTESIAN_POINT('Ctrl Pts',(-35.0183983107613,10.2937738341616,20.2));
#2417=CARTESIAN_POINT('',(-30.3555427551341,19.7097112844295,20.2));
#2418=CARTESIAN_POINT('Origin',(-34.4238631729321,15.6421071173975,20.2));
#2419=CARTESIAN_POINT('',(-32.1942808712476,20.3876246419302,20.2));
#2420=CARTESIAN_POINT('',(-30.3555427551342,19.7097112844295,20.2));
#2421=CARTESIAN_POINT('Origin',(-34.3423051029527,15.6120379604215,20.2));
#2422=CARTESIAN_POINT('Origin',(0.,0.,0.));
#2423=CARTESIAN_POINT('',(-35.0183983107613,10.2937738341617,26.));
#2424=CARTESIAN_POINT('',(-35.0183983107613,10.2937738341616,0.));
#2425=CARTESIAN_POINT('',(-36.3318042491699,3.50000000000001,26.));
#2426=CARTESIAN_POINT('Origin',(0.,0.,26.));
#2427=CARTESIAN_POINT('',(-36.3318042491699,3.50000000000001,2.5));
#2428=CARTESIAN_POINT('',(-36.3318042491699,3.50000000000001,0.));
#2429=CARTESIAN_POINT('',(-31.3166871672785,18.7487360871823,2.5));
#2430=CARTESIAN_POINT('Origin',(0.,0.,2.5));
#2431=CARTESIAN_POINT('',(-31.3166871672785,18.7487360871823,0.));
#2432=CARTESIAN_POINT('Origin',(-33.4006044495123,15.4027203754294,20.2));
#2433=CARTESIAN_POINT('',(-32.1384875562635,20.5116669166972,20.2));
#2434=CARTESIAN_POINT('',(-32.1384875562635,20.5116669166972,20.2));
#2435=CARTESIAN_POINT('',(-36.4456661438904,10.9357485474603,20.2));
#2436=CARTESIAN_POINT('Origin',(-35.0183983107613,10.2937738341617,26.));
#2437=CARTESIAN_POINT('',(-36.4456661438904,10.9357485474603,26.));
#2438=CARTESIAN_POINT('',(-18.5299937889879,2.87740914077995,26.));
#2439=CARTESIAN_POINT('',(-36.4456661438904,10.9357485474603,26.));
#2440=CARTESIAN_POINT('Origin',(-32.1384875562635,20.5116669166972,26.));
#2441=CARTESIAN_POINT('',(-32.1384875562635,20.5116669166972,26.));
#2442=CARTESIAN_POINT('',(-30.3555427551341,19.7097112844295,26.));
#2443=CARTESIAN_POINT('',(-14.9364491179256,12.7743148666661,26.));
#2444=CARTESIAN_POINT('',(-32.1384875562635,20.5116669166972,26.));
#2445=CARTESIAN_POINT('',(-30.3555427551341,19.7097112844295,26.));
#2446=CARTESIAN_POINT('Origin',(-36.4456661438904,10.9357485474603,26.));
#2447=CARTESIAN_POINT('',(-35.4248715102831,13.2052263237612,26.));
#2448=CARTESIAN_POINT('Origin',(-18.7432218317409,31.3199877931993,26.));
#2449=CARTESIAN_POINT('',(-18.7432218317409,31.3199877931993,2.5));
#2450=CARTESIAN_POINT('',(-21.8865881656253,28.177174866695,2.5));
#2451=CARTESIAN_POINT('',(-18.7432218317409,31.3199877931993,26.));
#2452=CARTESIAN_POINT('',(-18.7432218317409,31.3199877931993,0.));
#2453=CARTESIAN_POINT('',(-31.3166871672785,18.7487360871823,26.));
#2454=CARTESIAN_POINT('',(-26.2498210745267,23.8147101295677,18.975));
#2455=CARTESIAN_POINT('',(-26.2498210745267,23.8147101295677,21.025));
#2456=CARTESIAN_POINT('',(-26.2498210745267,23.8147101295677,22.4875));
#2457=CARTESIAN_POINT('',(-23.8100879244927,26.2540137508139,21.025));
#2458=CARTESIAN_POINT('Origin',(-25.0299544995097,25.0343619401908,21.025));
#2459=CARTESIAN_POINT('',(-23.8100879244927,26.2540137508139,18.975));
#2460=CARTESIAN_POINT('',(-23.8100879244927,26.2540137508139,23.5125));
#2461=CARTESIAN_POINT('Origin',(-25.0299544995097,25.0343619401908,18.975));
#2462=CARTESIAN_POINT('Origin',(25.0299544995097,25.0343619401908,11.));
#2463=CARTESIAN_POINT('',(27.5050461009935,22.5597060925497,11.));
#2464=CARTESIAN_POINT('',(22.5548628980259,27.5090177878319,11.));
#2465=CARTESIAN_POINT('Origin',(25.0299544995097,25.0343619401908,11.));
#2466=CARTESIAN_POINT('',(29.3433618735269,24.3983455679376,11.));
#2467=CARTESIAN_POINT('',(27.5050461009935,22.5597060925497,11.));
#2468=CARTESIAN_POINT('',(24.3931786705593,29.3476572632199,11.));
#2469=CARTESIAN_POINT('Origin',(26.8682702720431,26.8730014155788,11.));
#2470=CARTESIAN_POINT('',(25.6982152957077,30.6529236878875,11.));
#2471=CARTESIAN_POINT('',(22.5548628980259,27.5090177878319,11.));
#2472=CARTESIAN_POINT('Ctrl Pts',(25.6982152957077,30.6529236878875,11.));
#2473=CARTESIAN_POINT('Ctrl Pts',(25.6982152957077,30.6529236878875,10.5602904189992));
#2474=CARTESIAN_POINT('Ctrl Pts',(25.7660672685083,30.5964359966005,10.0914262828219));
#2475=CARTESIAN_POINT('Ctrl Pts',(26.0391948206914,30.3643285972703,9.22916547588025));
#2476=CARTESIAN_POINT('Ctrl Pts',(26.2441641842852,30.1884200301653,8.83574961689682));
#2477=CARTESIAN_POINT('Ctrl Pts',(26.7107194658959,29.7764054727558,8.21450353319704));
#2478=CARTESIAN_POINT('Ctrl Pts',(27.0034192476273,29.5127333788778,7.94517987699312));
#2479=CARTESIAN_POINT('Ctrl Pts',(27.6336145007607,28.9235100251734,7.5879219000146));
#2480=CARTESIAN_POINT('Ctrl Pts',(27.9708327375103,28.5976547939864,7.5));
#2481=CARTESIAN_POINT('Ctrl Pts',(28.5927294942869,27.975867525643,7.5));
#2482=CARTESIAN_POINT('Ctrl Pts',(28.9186440948225,27.6387066678226,7.5879219000146));
#2483=CARTESIAN_POINT('Ctrl Pts',(29.5079783985907,27.0086151696855,7.94517987699312));
#2484=CARTESIAN_POINT('Ctrl Pts',(29.771702024366,26.7159618175374,8.21450353319703));
#2485=CARTESIAN_POINT('Ctrl Pts',(30.1837987223096,26.2494790870316,8.83574961689682));
#2486=CARTESIAN_POINT('Ctrl Pts',(30.3597433758775,26.0445406990369,9.22916547588025));
#2487=CARTESIAN_POINT('Ctrl Pts',(30.5918988614896,25.7714540185019,10.0914262828219));
#2488=CARTESIAN_POINT('Ctrl Pts',(30.6483984986752,25.7036119926053,10.5602904189992));
#2489=CARTESIAN_POINT('Ctrl Pts',(30.6483984986752,25.7036119926053,11.4397095810008));
#2490=CARTESIAN_POINT('Ctrl Pts',(30.5918988614896,25.7714540185019,11.9085737171781));
#2491=CARTESIAN_POINT('Ctrl Pts',(30.3597433758775,26.0445406990369,12.7708345241198));
#2492=CARTESIAN_POINT('Ctrl Pts',(30.1837987223096,26.2494790870316,13.1642503831032));
#2493=CARTESIAN_POINT('Ctrl Pts',(29.771702024366,26.7159618175374,13.785496466803));
#2494=CARTESIAN_POINT('Ctrl Pts',(29.5079783985907,27.0086151696855,14.0548201230069));
#2495=CARTESIAN_POINT('Ctrl Pts',(28.9186440948225,27.6387066678226,14.4120780999854));
#2496=CARTESIAN_POINT('Ctrl Pts',(28.5927294942869,27.975867525643,14.5));
#2497=CARTESIAN_POINT('Ctrl Pts',(27.9708327375103,28.5976547939864,14.5));
#2498=CARTESIAN_POINT('Ctrl Pts',(27.6336145007607,28.9235100251734,14.4120780999854));
#2499=CARTESIAN_POINT('Ctrl Pts',(27.0034192476273,29.5127333788778,14.0548201230069));
#2500=CARTESIAN_POINT('Ctrl Pts',(26.7107194658959,29.7764054727558,13.785496466803));
#2501=CARTESIAN_POINT('Ctrl Pts',(26.2441641842852,30.1884200301653,13.1642503831032));
#2502=CARTESIAN_POINT('Ctrl Pts',(26.0391948206914,30.3643285972703,12.7708345241197));
#2503=CARTESIAN_POINT('Ctrl Pts',(25.7660672685083,30.5964359966005,11.9085737171781));
#2504=CARTESIAN_POINT('Ctrl Pts',(25.6982152957077,30.6529236878875,11.4397095810008));
#2505=CARTESIAN_POINT('Ctrl Pts',(25.6982152957077,30.6529236878875,11.));
#2506=CARTESIAN_POINT('',(22.5548628980259,27.5090177878319,11.));
#2507=CARTESIAN_POINT('Origin',(27.5050461009935,22.5597060925497,26.));
#2508=CARTESIAN_POINT('',(27.5050461009935,22.5597060925497,26.));
#2509=CARTESIAN_POINT('',(27.5050461009935,22.5597060925497,26.));
#2510=CARTESIAN_POINT('',(29.3433618735269,24.3983455679376,26.));
#2511=CARTESIAN_POINT('',(14.9900688512386,10.0425251224543,26.));
#2512=CARTESIAN_POINT('',(29.3433618735269,24.3983455679376,26.));
#2513=CARTESIAN_POINT('Origin',(22.5548628980259,27.5090177878319,11.));
#2514=CARTESIAN_POINT('',(22.5548628980259,27.5090177878319,26.));
#2515=CARTESIAN_POINT('',(22.5548628980259,27.5090177878319,18.5));
#2516=CARTESIAN_POINT('',(24.3931786705593,29.3476572632199,26.));
#2517=CARTESIAN_POINT('',(24.3931786705593,29.3476572632199,26.));
#2518=CARTESIAN_POINT('',(10.0398856482711,14.9918368177365,26.));
#2519=CARTESIAN_POINT('Origin',(26.8682702720431,26.8730014155788,16.75));
#2520=CARTESIAN_POINT('',(26.8682702720431,26.8730014155788,26.));
#2521=CARTESIAN_POINT('Origin',(0.,0.,26.));
#2522=CARTESIAN_POINT('',(-39.,-4.77612251667468E-15,26.));
#2523=CARTESIAN_POINT('Origin',(0.,0.,26.));
#2524=CARTESIAN_POINT('',(-3.5,36.3318042491699,26.));
#2525=CARTESIAN_POINT('Origin',(0.,0.,26.));
#2526=CARTESIAN_POINT('',(-3.5,32.,26.));
#2527=CARTESIAN_POINT('',(-3.5,32.,26.));
#2528=CARTESIAN_POINT('',(3.5,32.,26.));
#2529=CARTESIAN_POINT('Origin',(3.91886975727153E-15,32.,26.));
#2530=CARTESIAN_POINT('',(3.5,36.3318042491699,26.));
#2531=CARTESIAN_POINT('',(3.5,32.,26.));
#2532=CARTESIAN_POINT('',(18.7432218317409,31.3199877931993,26.));
#2533=CARTESIAN_POINT('Origin',(0.,0.,26.));
#2534=CARTESIAN_POINT('',(31.3166871672785,18.7487360871823,26.));
#2535=CARTESIAN_POINT('',(31.3166871672785,18.7487360871823,26.));
#2536=CARTESIAN_POINT('',(31.3166871672785,18.7487360871823,26.));
#2537=CARTESIAN_POINT('',(36.3318042491699,3.5,26.));
#2538=CARTESIAN_POINT('Origin',(0.,0.,26.));
#2539=CARTESIAN_POINT('',(32.,3.5,26.));
#2540=CARTESIAN_POINT('',(32.,3.5,26.));
#2541=CARTESIAN_POINT('',(32.,-3.5,26.));
#2542=CARTESIAN_POINT('Origin',(32.,-1.95943487863577E-15,26.));
#2543=CARTESIAN_POINT('',(36.3318042491699,-3.5,26.));
#2544=CARTESIAN_POINT('',(32.,-3.5,26.));
#2545=CARTESIAN_POINT('',(3.5,-36.3318042491699,26.));
#2546=CARTESIAN_POINT('Origin',(0.,0.,26.));
#2547=CARTESIAN_POINT('',(3.5,-32.,26.));
#2548=CARTESIAN_POINT('',(3.5,-32.,26.));
#2549=CARTESIAN_POINT('',(-3.5,-32.,26.));
#2550=CARTESIAN_POINT('Origin',(0.,-32.,26.));
#2551=CARTESIAN_POINT('',(-3.5,-36.3318042491699,26.));
#2552=CARTESIAN_POINT('',(-3.5,-32.,26.));
#2553=CARTESIAN_POINT('',(-18.7432218317409,-31.3199877931993,26.));
#2554=CARTESIAN_POINT('Origin',(0.,0.,26.));
#2555=CARTESIAN_POINT('',(-31.3166871672785,-18.7487360871824,26.));
#2556=CARTESIAN_POINT('',(-31.3166871672785,-18.7487360871824,26.));
#2557=CARTESIAN_POINT('',(-36.3318042491699,-3.49999999999999,26.));
#2558=CARTESIAN_POINT('Origin',(0.,0.,26.));
#2559=CARTESIAN_POINT('',(-32.,-3.49999999999999,26.));
#2560=CARTESIAN_POINT('',(-32.,-3.49999999999999,26.));
#2561=CARTESIAN_POINT('',(-32.,3.50000000000001,26.));
#2562=CARTESIAN_POINT('Origin',(-32.,5.87830463590729E-15,26.));
#2563=CARTESIAN_POINT('',(-32.,3.50000000000001,26.));
#2564=CARTESIAN_POINT('Origin',(-24.3036050049651,26.7476177330527,18.975));
#2565=CARTESIAN_POINT('',(-24.9392720145589,31.2735145352076,18.975));
#2566=CARTESIAN_POINT('',(-24.9392720145589,31.2735145352075,21.025));
#2567=CARTESIAN_POINT('',(-24.9392720145589,31.2735145352076,0.));
#2568=CARTESIAN_POINT('',(-24.3036050049651,26.7476177330527,18.975));
#2569=CARTESIAN_POINT('',(-24.3036050049651,26.7476177330527,18.975));
#2570=CARTESIAN_POINT('',(-24.3036050049651,26.7476177330527,21.025));
#2571=CARTESIAN_POINT('',(-24.3036050049651,26.7476177330527,18.975));
#2572=CARTESIAN_POINT('',(-24.3036050049651,26.7476177330527,21.025));
#2573=CARTESIAN_POINT('Origin',(-25.5234715799821,25.5279659224296,21.025));
#2574=CARTESIAN_POINT('',(-31.2691229643849,24.9447779913588,21.025));
#2575=CARTESIAN_POINT('Ctrl Pts',(-24.9392720145589,31.2735145352075,21.025));
#2576=CARTESIAN_POINT('Ctrl Pts',(-24.9392720145589,31.2735145352075,21.5966337381766));
#2577=CARTESIAN_POINT('Ctrl Pts',(-25.0238165506926,31.2066937007737,22.2085777002447));
#2578=CARTESIAN_POINT('Ctrl Pts',(-25.3681125639561,30.9274634119146,23.3424374676714));
#2579=CARTESIAN_POINT('Ctrl Pts',(-25.6274809166275,30.7145774838852,23.864352187277));
#2580=CARTESIAN_POINT('Ctrl Pts',(-26.2261780334011,30.2050258272541,24.7019390313618));
#2581=CARTESIAN_POINT('Ctrl Pts',(-26.6070560418843,29.8726752466874,25.0720227269942));
#2582=CARTESIAN_POINT('Ctrl Pts',(-27.4310227818369,29.1178836338767,25.5660363023919));
#2583=CARTESIAN_POINT('Ctrl Pts',(-27.8736604341852,28.6948099895792,25.6897516566714));
#2584=CARTESIAN_POINT('Ctrl Pts',(-28.689901797612,27.8787123300502,25.6897516566714));
#2585=CARTESIAN_POINT('Ctrl Pts',(-29.1130533710679,27.4361491756221,25.5660363023918));
#2586=CARTESIAN_POINT('Ctrl Pts',(-29.8679900489426,26.6123153454615,25.0720227269942));
#2587=CARTESIAN_POINT('Ctrl Pts',(-30.2004076859831,26.2314958602279,24.7019390313618));
#2588=CARTESIAN_POINT('Ctrl Pts',(-30.7100647480001,25.6328884700757,23.864352187277));
#2589=CARTESIAN_POINT('Ctrl Pts',(-30.9229963400112,25.3735576044928,23.3424374676714));
#2590=CARTESIAN_POINT('Ctrl Pts',(-31.2022872451338,25.0293107609615,22.2085777002447));
#2591=CARTESIAN_POINT('Ctrl Pts',(-31.2691229643848,24.9447779913588,21.5966337381766));
#2592=CARTESIAN_POINT('Ctrl Pts',(-31.2691229643848,24.9447779913588,21.025));
#2593=CARTESIAN_POINT('',(-26.7433381549991,24.3083141118064,21.025));
#2594=CARTESIAN_POINT('Origin',(-25.5234715799821,25.5279659224296,21.025));
#2595=CARTESIAN_POINT('',(-26.7433381549991,24.3083141118064,21.025));
#2596=CARTESIAN_POINT('Origin',(-26.7433381549991,24.3083141118064,21.025));
#2597=CARTESIAN_POINT('',(-31.2691229643849,24.9447779913588,18.975));
#2598=CARTESIAN_POINT('',(-31.2691229643849,24.9447779913588,0.));
#2599=CARTESIAN_POINT('',(-26.7433381549991,24.3083141118064,18.975));
#2600=CARTESIAN_POINT('',(-26.7433381549991,24.3083141118064,21.025));
#2601=CARTESIAN_POINT('',(-26.7433381549991,24.3083141118064,18.975));
#2602=CARTESIAN_POINT('Origin',(-25.5234715799821,25.5279659224296,18.975));
#2603=CARTESIAN_POINT('Ctrl Pts',(-31.2691229643848,24.9447779913588,18.975));
#2604=CARTESIAN_POINT('Ctrl Pts',(-31.2691229643848,24.9447779913588,18.4033662618234));
#2605=CARTESIAN_POINT('Ctrl Pts',(-31.2022872451338,25.0293107609615,17.7914222997553));
#2606=CARTESIAN_POINT('Ctrl Pts',(-30.9229963400112,25.3735576044928,16.6575625323286));
#2607=CARTESIAN_POINT('Ctrl Pts',(-30.7100647480001,25.6328884700757,16.135647812723));
#2608=CARTESIAN_POINT('Ctrl Pts',(-30.2004076859831,26.2314958602279,15.2980609686382));
#2609=CARTESIAN_POINT('Ctrl Pts',(-29.8679900489426,26.6123153454615,14.9279772730058));
#2610=CARTESIAN_POINT('Ctrl Pts',(-29.1130533710679,27.4361491756221,14.4339636976082));
#2611=CARTESIAN_POINT('Ctrl Pts',(-28.689901797612,27.8787123300502,14.3102483433286));
#2612=CARTESIAN_POINT('Ctrl Pts',(-27.8736604341852,28.6948099895792,14.3102483433286));
#2613=CARTESIAN_POINT('Ctrl Pts',(-27.4310227818369,29.1178836338766,14.4339636976081));
#2614=CARTESIAN_POINT('Ctrl Pts',(-26.6070560418843,29.8726752466874,14.9279772730058));
#2615=CARTESIAN_POINT('Ctrl Pts',(-26.2261780334011,30.2050258272541,15.2980609686382));
#2616=CARTESIAN_POINT('Ctrl Pts',(-25.6274809166275,30.7145774838852,16.135647812723));
#2617=CARTESIAN_POINT('Ctrl Pts',(-25.3681125639561,30.9274634119146,16.6575625323286));
#2618=CARTESIAN_POINT('Ctrl Pts',(-25.0238165506926,31.2066937007737,17.7914222997553));
#2619=CARTESIAN_POINT('Ctrl Pts',(-24.9392720145589,31.2735145352075,18.4033662618234));
#2620=CARTESIAN_POINT('Ctrl Pts',(-24.9392720145589,31.2735145352075,18.975));
#2621=CARTESIAN_POINT('Origin',(-25.5234715799821,25.5279659224296,18.975));
#2622=CARTESIAN_POINT('Origin',(-26.2498210745267,23.8147101295677,18.975));
#2623=CARTESIAN_POINT('',(-26.2498210745267,23.8147101295677,18.975));
#2624=CARTESIAN_POINT('',(-26.2498210745267,23.8147101295677,21.025));
#2625=CARTESIAN_POINT('Origin',(-25.0299544995097,25.0343619401908,18.975));
#2626=CARTESIAN_POINT('',(-23.8100879244927,26.2540137508139,18.975));
#2627=CARTESIAN_POINT('Origin',(-23.8100879244927,26.2540137508139,21.025));
#2628=CARTESIAN_POINT('',(-23.8100879244927,26.2540137508139,21.025));
#2629=CARTESIAN_POINT('Origin',(-25.0299544995097,25.0343619401908,21.025));
#2630=CARTESIAN_POINT('Origin',(-25.0299544995097,-25.0343619401908,13.5));
#2631=CARTESIAN_POINT('',(-21.8476938690306,-28.2160623157294,13.5));
#2632=CARTESIAN_POINT('Origin',(-25.0299544995097,-25.0343619401908,13.5));
#2633=CARTESIAN_POINT('',(-24.9199799529316,-31.2888893881756,13.5));
#2634=CARTESIAN_POINT('',(-21.8476938690306,-28.2160623157294,13.5));
#2635=CARTESIAN_POINT('Ctrl Pts',(-24.9199799529316,-31.2888893881756,13.5));
#2636=CARTESIAN_POINT('Ctrl Pts',(-24.9199799529316,-31.2888893881756,12.9344542514971));
#2637=CARTESIAN_POINT('Ctrl Pts',(-25.0093912691456,-31.2183228941827,12.3315418848149));
#2638=CARTESIAN_POINT('Ctrl Pts',(-25.3681985228075,-30.9274609270365,11.2229780985431));
#2639=CARTESIAN_POINT('Ctrl Pts',(-25.6370789752516,-30.7066867346457,10.7172855497078));
#2640=CARTESIAN_POINT('Ctrl Pts',(-26.246830764819,-30.1871545802542,9.91875560192194));
#2641=CARTESIAN_POINT('Ctrl Pts',(-26.6284044871309,-29.8535739168387,9.57251278170409));
#2642=CARTESIAN_POINT('Ctrl Pts',(-27.4461374359675,-29.103562341693,9.11312178124318));
#2643=CARTESIAN_POINT('Ctrl Pts',(-27.8818468640502,-28.6866250009814,9.));
#2644=CARTESIAN_POINT('Ctrl Pts',(-28.6817153677471,-27.886897318648,9.));
#2645=CARTESIAN_POINT('Ctrl Pts',(-29.0987294178519,-27.4512613079522,9.11312178124318));
#2646=CARTESIAN_POINT('Ctrl Pts',(-29.8488849605449,-26.6336604271842,9.57251278170409));
#2647=CARTESIAN_POINT('Ctrl Pts',(-30.1825328029103,-26.2521454447148,9.91875560192194));
#2648=CARTESIAN_POINT('Ctrl Pts',(-30.7021723089417,-25.6424851392178,10.7172855497078));
#2649=CARTESIAN_POINT('Ctrl Pts',(-30.9229938399983,-25.3736435629054,11.222978098543));
#2650=CARTESIAN_POINT('Ctrl Pts',(-31.2139189782383,-25.0148875272035,12.3315418848149));
#2651=CARTESIAN_POINT('Ctrl Pts',(-31.2845012138899,-24.9254886370984,12.9344542514971));
#2652=CARTESIAN_POINT('Ctrl Pts',(-31.2845012138899,-24.9254886370984,14.0655457485029));
#2653=CARTESIAN_POINT('Ctrl Pts',(-31.2139189782383,-25.0148875272035,14.6684581151851));
#2654=CARTESIAN_POINT('Ctrl Pts',(-30.9229938399983,-25.3736435629054,15.777021901457));
#2655=CARTESIAN_POINT('Ctrl Pts',(-30.7021723089417,-25.6424851392178,16.2827144502922));
#2656=CARTESIAN_POINT('Ctrl Pts',(-30.1825328029103,-26.2521454447148,17.0812443980781));
#2657=CARTESIAN_POINT('Ctrl Pts',(-29.8488849605449,-26.6336604271842,17.4274872182959));
#2658=CARTESIAN_POINT('Ctrl Pts',(-29.0987294178519,-27.4512613079522,17.8868782187568));
#2659=CARTESIAN_POINT('Ctrl Pts',(-28.6817153677471,-27.886897318648,18.));
#2660=CARTESIAN_POINT('Ctrl Pts',(-27.8818468640502,-28.6866250009814,18.));
#2661=CARTESIAN_POINT('Ctrl Pts',(-27.4461374359675,-29.103562341693,17.8868782187568));
#2662=CARTESIAN_POINT('Ctrl Pts',(-26.6284044871309,-29.8535739168387,17.4274872182959));
#2663=CARTESIAN_POINT('Ctrl Pts',(-26.246830764819,-30.1871545802542,17.0812443980781));
#2664=CARTESIAN_POINT('Ctrl Pts',(-25.6370789752516,-30.7066867346457,16.2827144502922));
#2665=CARTESIAN_POINT('Ctrl Pts',(-25.3681985228075,-30.9274609270365,15.777021901457));
#2666=CARTESIAN_POINT('Ctrl Pts',(-25.0093912691456,-31.2183228941827,14.6684581151851));
#2667=CARTESIAN_POINT('Ctrl Pts',(-24.9199799529316,-31.2888893881756,14.0655457485029));
#2668=CARTESIAN_POINT('Ctrl Pts',(-24.9199799529316,-31.2888893881756,13.5));
#2669=CARTESIAN_POINT('Origin',(-31.3166871672785,-18.7487360871824,26.));
#2670=CARTESIAN_POINT('',(-18.7432218317409,-31.3199877931993,2.5));
#2671=CARTESIAN_POINT('',(-18.7432218317409,-31.3199877931993,0.));
#2672=CARTESIAN_POINT('',(-31.3166871672785,-18.7487360871824,2.5));
#2673=CARTESIAN_POINT('',(-28.1733208333941,-21.8915490136866,2.5));
#2674=CARTESIAN_POINT('',(-31.3166871672785,-18.7487360871824,0.));
#2675=CARTESIAN_POINT('Origin',(0.,0.,0.));
#2676=CARTESIAN_POINT('',(-36.3318042491699,-3.49999999999999,2.5));
#2677=CARTESIAN_POINT('Origin',(0.,0.,2.5));
#2678=CARTESIAN_POINT('',(-36.3318042491699,-3.49999999999999,0.));
#2679=CARTESIAN_POINT('Origin',(0.,0.,0.));
#2680=CARTESIAN_POINT('',(-3.5,36.3318042491699,2.5));
#2681=CARTESIAN_POINT('Origin',(0.,0.,2.5));
#2682=CARTESIAN_POINT('',(-3.5,36.3318042491699,0.));
#2683=CARTESIAN_POINT('Origin',(31.3166871672785,18.7487360871823,26.));
#2684=CARTESIAN_POINT('',(18.7432218317409,31.3199877931993,2.5));
#2685=CARTESIAN_POINT('',(18.7432218317409,31.3199877931993,0.));
#2686=CARTESIAN_POINT('',(31.3166871672785,18.7487360871823,2.5));
#2687=CARTESIAN_POINT('',(28.1733208333941,21.8915490136866,2.5));
#2688=CARTESIAN_POINT('',(31.3166871672785,18.7487360871823,0.));
#2689=CARTESIAN_POINT('Origin',(0.,0.,0.));
#2690=CARTESIAN_POINT('',(36.3318042491699,3.5,2.5));
#2691=CARTESIAN_POINT('Origin',(0.,0.,2.5));
#2692=CARTESIAN_POINT('',(36.3318042491699,3.5,0.));
#2693=CARTESIAN_POINT('Origin',(0.,0.,0.));
#2694=CARTESIAN_POINT('',(3.5,36.3318042491699,2.5));
#2695=CARTESIAN_POINT('',(3.50000000000001,36.3318042491699,0.));
#2696=CARTESIAN_POINT('Origin',(0.,0.,2.5));
#2697=CARTESIAN_POINT('Origin',(-36.3318042491699,-3.49999999999999,2.5));
#2698=CARTESIAN_POINT('',(-32.,-3.49999999999999,2.5));
#2699=CARTESIAN_POINT('',(-18.165902124585,-3.5,2.5));
#2700=CARTESIAN_POINT('',(-32.,-3.49999999999999,2.5));
#2701=CARTESIAN_POINT('Origin',(-32.,3.50000000000001,2.5));
#2702=CARTESIAN_POINT('',(-32.,3.50000000000001,2.5));
#2703=CARTESIAN_POINT('',(-16.,3.5,2.5));
#2704=CARTESIAN_POINT('',(-32.,3.50000000000001,2.5));
#2705=CARTESIAN_POINT('Origin',(-3.5,36.3318042491699,2.5));
#2706=CARTESIAN_POINT('',(-3.5,32.,2.5));
#2707=CARTESIAN_POINT('',(-3.5,18.165902124585,2.5));
#2708=CARTESIAN_POINT('',(-3.5,32.,2.5));
#2709=CARTESIAN_POINT('Origin',(3.5,32.,2.5));
#2710=CARTESIAN_POINT('',(3.5,32.,2.5));
#2711=CARTESIAN_POINT('',(3.5,16.,2.5));
#2712=CARTESIAN_POINT('',(3.5,32.,2.5));
#2713=CARTESIAN_POINT('Origin',(36.3318042491699,3.5,2.5));
#2714=CARTESIAN_POINT('',(32.,3.5,2.5));
#2715=CARTESIAN_POINT('',(18.165902124585,3.5,2.5));
#2716=CARTESIAN_POINT('',(32.,3.5,2.5));
#2717=CARTESIAN_POINT('Origin',(32.,-3.5,2.5));
#2718=CARTESIAN_POINT('',(36.3318042491699,-3.5,2.5));
#2719=CARTESIAN_POINT('',(32.,-3.5,2.5));
#2720=CARTESIAN_POINT('',(16.,-3.5,2.5));
#2721=CARTESIAN_POINT('',(36.3318042491699,-3.5,0.));
#2722=CARTESIAN_POINT('',(32.,-3.5,2.5));
#2723=CARTESIAN_POINT('Origin',(0.,0.,0.));
#2724=CARTESIAN_POINT('',(3.5,-36.3318042491699,2.5));
#2725=CARTESIAN_POINT('Origin',(0.,0.,2.5));
#2726=CARTESIAN_POINT('',(3.5,-36.3318042491699,0.));
#2727=CARTESIAN_POINT('Origin',(-32.,5.87830463590729E-15,2.5));
#2728=CARTESIAN_POINT('',(-32.,-1.24999999999999,31.));
#2729=CARTESIAN_POINT('Origin',(-32.,5.87830463590729E-15,31.));
#2730=CARTESIAN_POINT('',(-32.,-1.24999999999999,2.5));
#2731=CARTESIAN_POINT('',(-32.,-1.24999999999999,2.5));
#2732=CARTESIAN_POINT('Origin',(-32.,5.87830463590729E-15,2.5));
#2733=CARTESIAN_POINT('Origin',(-32.,5.87830463590729E-15,2.5));
#2734=CARTESIAN_POINT('',(-32.,-3.49999999999999,31.));
#2735=CARTESIAN_POINT('Origin',(-32.,5.87830463590729E-15,31.));
#2736=CARTESIAN_POINT('',(-32.,-3.49999999999999,2.5));
#2737=CARTESIAN_POINT('Origin',(-32.,5.87830463590729E-15,2.5));
#2738=CARTESIAN_POINT('Origin',(-32.,5.87830463590729E-15,31.));
#2739=CARTESIAN_POINT('Origin',(3.91886975727153E-15,32.,2.5));
#2740=CARTESIAN_POINT('',(-1.24999999999999,32.,31.));
#2741=CARTESIAN_POINT('Origin',(3.91886975727153E-15,32.,31.));
#2742=CARTESIAN_POINT('',(-1.24999999999999,32.,2.5));
#2743=CARTESIAN_POINT('',(-1.24999999999999,32.,2.5));
#2744=CARTESIAN_POINT('Origin',(3.91886975727153E-15,32.,2.5));
#2745=CARTESIAN_POINT('Origin',(3.91886975727153E-15,32.,2.5));
#2746=CARTESIAN_POINT('',(-3.5,32.,31.));
#2747=CARTESIAN_POINT('Origin',(3.91886975727153E-15,32.,31.));
#2748=CARTESIAN_POINT('',(-3.5,32.,2.5));
#2749=CARTESIAN_POINT('Origin',(3.91886975727153E-15,32.,2.5));
#2750=CARTESIAN_POINT('Origin',(3.91886975727153E-15,32.,31.));
#2751=CARTESIAN_POINT('Origin',(32.,-1.95943487863577E-15,2.5));
#2752=CARTESIAN_POINT('',(32.,1.25,31.));
#2753=CARTESIAN_POINT('Origin',(32.,-1.95943487863577E-15,31.));
#2754=CARTESIAN_POINT('',(32.,1.25,2.5));
#2755=CARTESIAN_POINT('',(32.,1.25,2.5));
#2756=CARTESIAN_POINT('Origin',(32.,-1.95943487863577E-15,2.5));
#2757=CARTESIAN_POINT('Origin',(32.,-1.95943487863577E-15,2.5));
#2758=CARTESIAN_POINT('',(32.,3.5,31.));
#2759=CARTESIAN_POINT('Origin',(32.,-1.95943487863577E-15,31.));
#2760=CARTESIAN_POINT('',(32.,3.5,2.5));
#2761=CARTESIAN_POINT('Origin',(32.,-1.95943487863577E-15,2.5));
#2762=CARTESIAN_POINT('Origin',(32.,-1.95943487863577E-15,31.));
#2763=CARTESIAN_POINT('Origin',(0.,0.,2.5));
#2764=CARTESIAN_POINT('Origin',(0.,0.,2.5));
#2765=CARTESIAN_POINT('Origin',(0.,0.,2.5));
#2766=CARTESIAN_POINT('Origin',(3.5,-36.3318042491699,2.5));
#2767=CARTESIAN_POINT('',(3.5,-32.,2.5));
#2768=CARTESIAN_POINT('',(3.5,-18.165902124585,2.5));
#2769=CARTESIAN_POINT('',(3.5,-32.,2.5));
#2770=CARTESIAN_POINT('Origin',(-3.5,-32.,2.5));
#2771=CARTESIAN_POINT('',(-3.5,-36.3318042491699,2.5));
#2772=CARTESIAN_POINT('',(-3.5,-32.,2.5));
#2773=CARTESIAN_POINT('',(-3.5,-16.,2.5));
#2774=CARTESIAN_POINT('',(-3.5,-36.3318042491699,0.));
#2775=CARTESIAN_POINT('',(-3.5,-32.,2.5));
#2776=CARTESIAN_POINT('Origin',(0.,-32.,2.5));
#2777=CARTESIAN_POINT('',(1.25,-32.,31.));
#2778=CARTESIAN_POINT('Origin',(0.,-32.,31.));
#2779=CARTESIAN_POINT('',(1.25,-32.,2.5));
#2780=CARTESIAN_POINT('',(1.25,-32.,2.5));
#2781=CARTESIAN_POINT('Origin',(0.,-32.,2.5));
#2782=CARTESIAN_POINT('Origin',(0.,-32.,2.5));
#2783=CARTESIAN_POINT('',(3.5,-32.,31.));
#2784=CARTESIAN_POINT('Origin',(0.,-32.,31.));
#2785=CARTESIAN_POINT('',(3.5,-32.,2.5));
#2786=CARTESIAN_POINT('Origin',(0.,-32.,2.5));
#2787=CARTESIAN_POINT('Origin',(0.,-32.,31.));
#2788=CARTESIAN_POINT('Origin',(0.,0.,2.5));
#2789=CARTESIAN_POINT('Origin',(0.,0.,2.5));
#2790=CARTESIAN_POINT('',(3.5,22.,2.5));
#2791=CARTESIAN_POINT('Origin',(2.69422295812418E-15,22.,2.5));
#2792=CARTESIAN_POINT('',(25.5,-4.45635492864912E-15,2.5));
#2793=CARTESIAN_POINT('Origin',(22.,-4.88498130835069E-15,2.5));
#2794=CARTESIAN_POINT('',(-18.5,5.31360768805226E-15,2.5));
#2795=CARTESIAN_POINT('Origin',(-22.,4.88498130835069E-15,2.5));
#2796=CARTESIAN_POINT('',(3.5,-22.,2.5));
#2797=CARTESIAN_POINT('Origin',(0.,-22.,2.5));
#2798=CARTESIAN_POINT('Origin',(0.,-22.,2.5));
#2799=CARTESIAN_POINT('',(1.25,-22.,5.5));
#2800=CARTESIAN_POINT('Origin',(0.,-22.,5.5));
#2801=CARTESIAN_POINT('',(1.25,-22.,2.5));
#2802=CARTESIAN_POINT('',(1.25,-22.,2.5));
#2803=CARTESIAN_POINT('Origin',(0.,-22.,2.5));
#2804=CARTESIAN_POINT('Origin',(0.,-22.,2.5));
#2805=CARTESIAN_POINT('',(3.5,-22.,5.5));
#2806=CARTESIAN_POINT('Origin',(0.,-22.,5.5));
#2807=CARTESIAN_POINT('',(3.5,-22.,2.5));
#2808=CARTESIAN_POINT('Origin',(0.,-22.,5.5));
#2809=CARTESIAN_POINT('Origin',(0.,0.,2.5));
#2810=CARTESIAN_POINT('Origin',(2.69422295812418E-15,22.,2.5));
#2811=CARTESIAN_POINT('',(1.25,22.,5.5));
#2812=CARTESIAN_POINT('Origin',(2.69422295812418E-15,22.,5.5));
#2813=CARTESIAN_POINT('',(1.25,22.,2.5));
#2814=CARTESIAN_POINT('',(1.25,22.,2.5));
#2815=CARTESIAN_POINT('Origin',(2.69422295812418E-15,22.,2.5));
#2816=CARTESIAN_POINT('Origin',(2.69422295812418E-15,22.,2.5));
#2817=CARTESIAN_POINT('',(3.5,22.,5.5));
#2818=CARTESIAN_POINT('Origin',(2.69422295812418E-15,22.,5.5));
#2819=CARTESIAN_POINT('',(3.5,22.,2.5));
#2820=CARTESIAN_POINT('Origin',(2.77555756156289E-15,22.,5.5));
#2821=CARTESIAN_POINT('Origin',(0.,0.,2.5));
#2822=CARTESIAN_POINT('Origin',(-22.,4.88498130835069E-15,2.5));
#2823=CARTESIAN_POINT('',(-20.75,5.03806215824411E-15,5.5));
#2824=CARTESIAN_POINT('Origin',(-22.,4.88498130835069E-15,5.5));
#2825=CARTESIAN_POINT('',(-20.75,5.03806215824411E-15,2.5));
#2826=CARTESIAN_POINT('',(-20.75,5.03806215824411E-15,2.5));
#2827=CARTESIAN_POINT('Origin',(-22.,4.88498130835069E-15,2.5));
#2828=CARTESIAN_POINT('Origin',(-22.,4.88498130835069E-15,2.5));
#2829=CARTESIAN_POINT('',(-18.5,5.31360768805226E-15,5.5));
#2830=CARTESIAN_POINT('Origin',(-22.,4.88498130835069E-15,5.5));
#2831=CARTESIAN_POINT('',(-18.5,5.31360768805226E-15,2.5));
#2832=CARTESIAN_POINT('Origin',(-22.,4.9960036108132E-15,5.5));
#2833=CARTESIAN_POINT('Origin',(0.,0.,2.5));
#2834=CARTESIAN_POINT('Origin',(22.,-4.88498130835069E-15,2.5));
#2835=CARTESIAN_POINT('',(23.25,-4.73190045845727E-15,5.5));
#2836=CARTESIAN_POINT('Origin',(22.,-4.88498130835069E-15,5.5));
#2837=CARTESIAN_POINT('',(23.25,-4.73190045845727E-15,2.5));
#2838=CARTESIAN_POINT('',(23.25,-4.73190045845727E-15,2.5));
#2839=CARTESIAN_POINT('Origin',(22.,-4.88498130835069E-15,2.5));
#2840=CARTESIAN_POINT('Origin',(22.,-4.88498130835069E-15,2.5));
#2841=CARTESIAN_POINT('',(25.5,-4.45635492864912E-15,5.5));
#2842=CARTESIAN_POINT('Origin',(22.,-4.88498130835069E-15,5.5));
#2843=CARTESIAN_POINT('',(25.5,-4.45635492864912E-15,2.5));
#2844=CARTESIAN_POINT('Origin',(22.,-4.9960036108132E-15,5.5));
#2845=CARTESIAN_POINT('Origin',(0.,0.,2.5));
#2846=CARTESIAN_POINT('Origin',(0.,0.,0.));
#2847=CARTESIAN_POINT('Origin',(0.,0.,2.5));
#2848=CARTESIAN_POINT('Origin',(0.,0.,0.));
#2849=CARTESIAN_POINT('',(-39.,-4.77612251667468E-15,31.));
#2850=CARTESIAN_POINT('Origin',(0.,0.,31.));
#2851=CARTESIAN_POINT('',(-39.,-4.77612251667468E-15,0.));
#2852=CARTESIAN_POINT('Origin',(0.,0.,0.));
#2853=CARTESIAN_POINT('',(-40.,-4.89858719658941E-15,31.));
#2854=CARTESIAN_POINT('Origin',(0.,0.,31.));
#2855=CARTESIAN_POINT('',(-40.,-4.89858719658941E-15,0.));
#2856=CARTESIAN_POINT('',(-40.,-4.89858719658941E-15,0.));
#2857=CARTESIAN_POINT('Origin',(0.,0.,0.));
#2858=CARTESIAN_POINT('Origin',(0.,0.,31.));
#2859=CARTESIAN_POINT('Origin',(0.,0.,0.));
#2860=UNCERTAINTY_MEASURE_WITH_UNIT(LENGTH_MEASURE(0.01),#2864,
'DISTANCE_ACCURACY_VALUE',
'Maximum model space distance between geometric entities at asserted c
onnectivities');
#2861=UNCERTAINTY_MEASURE_WITH_UNIT(LENGTH_MEASURE(0.01),#2864,
'DISTANCE_ACCURACY_VALUE',
'Maximum model space distance between geometric entities at asserted c
onnectivities');
#2862=(
GEOMETRIC_REPRESENTATION_CONTEXT(3)
GLOBAL_UNCERTAINTY_ASSIGNED_CONTEXT((#2860))
GLOBAL_UNIT_ASSIGNED_CONTEXT((#2864,#2866,#2867))
REPRESENTATION_CONTEXT('','3D')
);
#2863=(
GEOMETRIC_REPRESENTATION_CONTEXT(3)
GLOBAL_UNCERTAINTY_ASSIGNED_CONTEXT((#2861))
GLOBAL_UNIT_ASSIGNED_CONTEXT((#2864,#2866,#2867))
REPRESENTATION_CONTEXT('','3D')
);
#2864=(
LENGTH_UNIT()
NAMED_UNIT(*)
SI_UNIT(.MILLI.,.METRE.)
);
#2865=(
LENGTH_UNIT()
NAMED_UNIT(*)
SI_UNIT($,.METRE.)
);
#2866=(
NAMED_UNIT(*)
PLANE_ANGLE_UNIT()
SI_UNIT($,.RADIAN.)
);
#2867=(
NAMED_UNIT(*)
SI_UNIT($,.STERADIAN.)
SOLID_ANGLE_UNIT()
);
#2868=SHAPE_DEFINITION_REPRESENTATION(#2869,#2870);
#2869=PRODUCT_DEFINITION_SHAPE('',$,#2872);
#2870=SHAPE_REPRESENTATION('',(#1459),#2862);
#2871=PRODUCT_DEFINITION_CONTEXT('part definition',#2876,'design');
#2872=PRODUCT_DEFINITION('2026-05-21-10-57-22-259','LAMP - BASE',#2873,
#2871);
#2873=PRODUCT_DEFINITION_FORMATION('',$,#2878);
#2874=PRODUCT_RELATED_PRODUCT_CATEGORY('LAMP - BASE','LAMP - BASE',(#2878));
#2875=APPLICATION_PROTOCOL_DEFINITION('international standard',
'automotive_design',2009,#2876);
#2876=APPLICATION_CONTEXT(
'Core Data for Automotive Mechanical Design Process');
#2877=PRODUCT_CONTEXT('part definition',#2876,'mechanical');
#2878=PRODUCT('2026-05-21-10-57-22-259','LAMP - BASE',$,(#2877));
#2879=PRESENTATION_STYLE_ASSIGNMENT((#2880));
#2880=SURFACE_STYLE_USAGE(.BOTH.,#2881);
#2881=SURFACE_SIDE_STYLE('',(#2882));
#2882=SURFACE_STYLE_FILL_AREA(#2883);
#2883=FILL_AREA_STYLE('Steel - Satin',(#2884));
#2884=FILL_AREA_STYLE_COLOUR('Steel - Satin',#2885);
#2885=COLOUR_RGB('Steel - Satin',0.627450980392157,0.627450980392157,0.627450980392157);
ENDSEC;
END-ISO-10303-21;
